task,prompt,seed,repeat,temperature,ar_total_ms,ar_decode_ms,erase_total_ms,erase_decode_ms,alr_ira_total_ms,alr_ira_decode_ms
mt-bench,0,1,0,0,20.53558594934657,20.453295363495272,8.044098171922087,7.939931066175632,7.435424312461691,7.334237281156675
mt-bench,0,1,0,1,20.439823015749425,20.356281449494418,8.250043113093852,8.148952078045113,7.312051309484311,7.192620509092442
mt-bench,0,1,1,0,20.400273925588408,20.226709386406583,8.00574260938447,7.904872996277845,7.4635923592722975,7.360404164046486
mt-bench,0,1,1,1,20.543470773191075,20.46059617987339,8.372159031296178,8.170548745965789,7.362281622640281,7.242081764111804
mt-bench,0,1,2,0,20.356308542886836,20.274326648632268,8.122692218876182,7.919330058939522,7.464227226591902,7.3636509414427564
mt-bench,0,1,2,1,20.631672808576695,20.548493980186322,8.55977787887241,8.353703605280316,7.369590259093622,7.252861691152
mt-bench,0,2,0,0,20.529408902348223,20.447124144538975,8.16700853920338,8.06632171088495,7.432942945342802,7.332106246394687
mt-bench,0,2,0,1,20.733189878683334,20.650335589834867,6.349305558615015,6.245695140478347,6.459031757913181,6.35620778939483
mt-bench,0,2,1,0,20.46888910126654,20.386657074141112,8.170573258212244,8.069100406373764,7.49392551551864,7.293045558526501
mt-bench,0,2,1,1,20.570163210777537,20.487583164140233,6.325093300802109,6.221673277195805,6.54228388248157,6.335836656035099
mt-bench,0,2,2,0,20.505485676039825,20.42357114441984,8.137750480727846,8.033723734115483,7.4690651249511575,7.276570265730697
mt-bench,0,2,2,1,20.886919921849767,20.704808363007032,6.424385351692763,6.3176860621751985,6.4729948867352505,6.370336398504151
mt-bench,1,1,0,0,19.375640822158374,19.232612190741705,14.242711867315366,14.052416543777595,12.932290859787505,12.745700264691978
mt-bench,1,1,0,1,19.586753215910655,19.467272045651704,14.422841834969665,14.25275010972169,13.167609982051406,13.016022721333712
mt-bench,1,1,1,0,19.396290815508006,19.252511836978083,13.902392816175158,13.506075838128762,12.92836969043813,12.745398021412685
mt-bench,1,1,1,1,19.466260738475036,19.350251681647602,14.447512862604265,14.101853273643105,13.1113222722585,12.960344399889987
mt-bench,1,1,2,0,19.252616957536773,19.1089263968566,13.878706646638046,13.455078396980431,12.869671470766393,12.68730009563596
mt-bench,1,1,2,1,19.456309329226233,19.341432318139017,14.256243122747959,14.07911198625137,13.120272266678512,12.959075866577525
mt-bench,1,2,0,0,19.26250706413589,19.120475524996824,13.049850287429495,12.867844257818755,13.065442551605349,12.883757300989922
mt-bench,1,2,0,1,19.457835892601658,19.342951312534172,15.339572568424046,15.140773799270391,13.238879219556214,13.06319525564446
mt-bench,1,2,1,0,19.37074205633385,19.22770085123678,13.315497080946121,13.113112801768105,13.358253625269485,13.135166639318307
mt-bench,1,2,1,1,19.61746936947086,19.36924819297432,15.412008767947555,15.211436392739415,13.36817243978619,13.181198134866431
mt-bench,1,2,2,0,19.492331000560142,19.22348031942594,13.11118809526841,12.927932837662999,13.08625644100282,12.904575889800018
mt-bench,1,2,2,1,20.360602920515124,20.094228829706974,15.93195204809308,15.721691279672086,13.815773063973385,13.629340567520376
mt-bench,2,1,0,0,20.098291710837657,20.016288859096676,11.751154519515694,11.650368167920533,10.985449796862667,10.88290033976591
mt-bench,2,1,0,1,20.52736060522875,20.4443905977314,11.170767801104375,11.068204644743673,11.395990632991015,11.294846000055259
mt-bench,2,1,1,0,20.312894769176637,20.23038908964736,11.952520449085569,11.745139593585918,11.093397867171007,10.992153003826388
mt-bench,2,1,1,1,20.438214281512046,20.354405984562618,11.211643671686033,11.10864716793003,11.47603480876569,11.274014925675147
mt-bench,2,1,2,0,20.274093863008602,20.191016828448483,11.893129281361325,11.791431210895098,11.212309749680571,11.01202021482095
mt-bench,2,1,2,1,20.41324659376187,20.329061140273552,11.202601562672498,11.100603441263956,11.472188914012804,11.270023644556204
mt-bench,2,2,0,0,20.372122324261,20.289221175517014,11.470410840047407,11.369295441454597,10.791917433834897,10.690998890368064
mt-bench,2,2,0,1,20.48943666022751,20.40608832066937,10.640736304594611,10.537982597725204,10.749037719051557,10.646952902334306
mt-bench,2,2,1,0,20.57100004685708,20.389348230310134,11.530285492426628,11.427002515574713,10.867041023630009,10.764458629182627
mt-bench,2,2,1,1,20.62595083589258,20.444064375169546,11.060803511554695,10.952096027267544,10.866451746096573,10.761478234599053
mt-bench,2,2,2,0,20.9236385899203,20.74449883957641,11.435235609042138,11.334197586165828,11.438057207215024,11.334636714764201
mt-bench,2,2,2,1,20.501615648754523,20.417838925823162,10.631472093791672,10.525190929911332,10.776071800592035,10.674273034965154
mt-bench,3,1,0,0,20.291823889839193,20.202596911122644,5.103777705007193,4.874023863086556,4.600295632317439,4.488744491384899
mt-bench,3,1,0,1,20.46077286133603,20.362804060123757,4.606884074291884,4.498897691064485,4.5382662542579055,4.336285851422872
mt-bench,3,1,1,0,20.167069889948372,20.0780378092254,4.944828897117613,4.834450397771807,4.7254735170107365,4.506142448303568
mt-bench,3,1,1,1,20.411037036844352,20.313544797041555,4.553934413706884,4.45240221097265,4.539936503988429,4.340167918144289
mt-bench,3,1,2,0,20.267227465795923,20.179091644437857,4.957217884819126,4.846958534067704,4.650657474158857,4.49769845745789
mt-bench,3,1,2,1,20.58167113817387,20.37297185265764,4.572017827740638,4.468479082333943,4.441586238044692,4.339764000178548
mt-bench,3,2,0,0,20.52142167359322,20.333642122765877,5.250252795238525,5.138464418785153,5.228571589781433,5.118091795175599
mt-bench,3,2,0,1,20.729261382337025,20.522023493226634,5.073625891473633,4.954016516174767,4.7189410583996505,4.613778160091897
mt-bench,3,2,1,0,20.470316584470634,20.281105694929295,5.242845577358977,5.132558200862577,5.234571286222428,5.122607777842408
mt-bench,3,2,1,1,20.5342560692171,20.4369582306628,5.165207248741583,4.93282748847711,4.6895214491087245,4.587425558383984
mt-bench,3,2,2,0,20.491973432353145,20.402571893794367,5.335000286408119,5.114318871607956,5.2342825941343465,5.123062367734109
mt-bench,3,2,2,1,20.597711225868576,20.499788617397645,5.205569841490207,4.963064013676911,4.712623351679213,4.609776812685595
mt-bench,4,1,0,0,19.56246044528598,19.47136991429943,11.483666097774403,11.37249023440745,7.6628076521956245,7.4667857847998675
mt-bench,4,1,0,1,19.76974679291743,19.67843662487212,7.348959785304032,7.238735492137494,7.009237050624506,6.808393894516485
mt-bench,4,1,1,0,19.60983700791985,19.518994097779796,8.010927632767562,7.902650035248371,7.595337644488609,7.401729792945844
mt-bench,4,1,1,1,19.7882836446297,19.615762222656485,7.33757586340289,7.225933707104559,6.949871925826301,6.839965996277897
mt-bench,4,1,2,0,19.697310550782277,19.527877296695806,8.023764812605805,7.9121706953628745,7.484071464659792,7.374375964900537
mt-bench,4,1,2,1,19.858467421727255,19.688738625063706,7.2952667146637395,7.1841217145447445,6.898596328483109,6.786996667869971
mt-bench,4,2,0,0,19.650850199013803,19.48019110977839,8.027464870792755,7.919285832031164,8.138114480516379,8.029521851312893
mt-bench,4,2,0,1,19.763921148296504,19.672545261528285,8.102259562292602,7.898239484347869,8.271519179743336,8.162459133018274
mt-bench,4,2,1,0,19.547160269667074,19.456327148873243,8.112366402201587,7.914868687294074,8.13313846128949,8.0246222732967
mt-bench,4,2,1,1,20.36272967188779,20.27066024584201,8.117443011542491,7.926520980163332,8.619658277439157,8.508327808613103
mt-bench,4,2,2,0,19.544681027127808,19.453743679605395,8.026162316127738,7.91509696864523,8.120028730445483,8.0117348238673
mt-bench,4,2,2,1,20.295898015319835,20.204307586027426,8.245122558491857,8.13519031225951,8.308032124659803,8.14110348073882
mt-bench,5,1,0,0,20.101766288917133,20.0198738752988,7.6767843243032985,7.57619087880812,7.037193168343947,6.8368227694008965
mt-bench,5,1,0,1,20.57648065238027,20.398487074089644,5.926560113039159,5.824812124956225,6.512424562515662,6.41121678518175
mt-bench,5,1,1,0,20.326294683400192,20.238655195043975,7.759357496070152,7.6585739529946295,7.009041304627317,6.907936300649453
mt-bench,5,1,1,1,20.430406480500096,20.34053228499033,5.852998281625332,5.751484461143264,6.486211117135099,6.384885941315588
mt-bench,5,1,2,0,20.43718848062781,20.26371339434263,7.8157818479667185,7.713145546858868,7.04426480069742,6.9418091602528875
mt-bench,5,1,2,1,20.48774585546198,20.404358511768805,5.981181917832146,5.778911409834109,6.514277656151535,6.410808617147268
mt-bench,5,2,0,0,20.37616458210323,20.293606992254354,7.535913019637519,7.333962714710651,7.04095207811406,6.938606515632273
mt-bench,5,2,0,1,20.527898871023353,20.4432919294959,7.047682894608442,6.844296578037756,6.406097406397748,6.303915250100545
mt-bench,5,2,1,0,20.50284249253309,20.418250019247353,7.620755820425984,7.41526831234296,7.083231687829539,6.9815281794944895
mt-bench,5,2,1,1,21.181233140850964,21.095160956974723,7.167504746121267,7.059512933210499,6.605283734188561,6.495301722679869
mt-bench,5,2,2,0,20.52734090239028,20.444236425646523,7.448481140272634,7.342598339619144,7.154299238209205,6.948233558432548
mt-bench,5,2,2,1,20.53944651970596,20.456117183584865,6.958121984553145,6.855345933672652,6.523665796976275,6.318027874840482
mt-bench,6,1,0,0,20.360856890874857,20.185459394724603,13.966793101644726,13.864875171748281,12.651327308503824,12.550301851661061
mt-bench,6,1,0,1,20.472634789257427,20.29806378914145,14.443635769566754,14.340937414090149,13.349209515581606,13.247335433334229
mt-bench,6,1,1,0,20.339817683634465,20.16365351573768,13.92375545719915,13.821721918247931,12.635465484436281,12.534045831671392
mt-bench,6,1,1,1,20.525482140328677,20.44199463671248,14.5689132186817,14.36748934793286,13.380379042700952,13.277697972625901
mt-bench,6,1,2,0,20.38534757002708,20.302257300954807,14.081095761412143,13.877365789085161,12.67008529703162,12.56743028125129
mt-bench,6,1,2,1,20.571218222357857,20.48745895308457,14.56772426581665,14.41605363652343,13.428042042960442,13.325467234608368
mt-bench,6,2,0,0,20.540498296668375,20.457126679502835,13.195334332067432,12.998081163914321,13.536648714762123,13.43433194915633
mt-bench,6,2,0,1,20.67731083207036,20.593111765720096,13.878257242140535,13.771853976322745,14.173975480844092,13.973349773095833
mt-bench,6,2,1,0,20.634890578548948,20.55109453112891,13.118131484588957,13.01139021097697,13.590586418104067,13.454625898248196
mt-bench,6,2,1,1,20.71932745320737,20.634996663829952,13.833780011736962,13.730703980399994,14.161439660256292,13.948519011591998
mt-bench,6,2,2,0,20.5498720547439,20.46647875386043,13.073636082026496,12.970771933396463,13.637586445383931,13.430972761398152
mt-bench,6,2,2,1,20.75550224617473,20.577574906383234,13.717902453208808,13.61149340209522,14.024302202869876,13.92070535939638
mt-bench,7,1,0,0,19.67516837112271,19.500390867051465,12.854064405928511,12.756995054587605,12.380914390632825,12.28076950792456
mt-bench,7,1,0,1,19.51082912805282,19.41659661184265,11.538662398379529,11.33935654297602,11.315020368545179,11.211520364817202
mt-bench,7,1,1,0,19.496061863264913,19.415661433413334,12.900593351787393,12.699959101610148,12.164994469003432,12.063154691531963
mt-bench,7,1,1,1,19.514414593449807,19.4203900183938,11.418629675972625,11.313462039197475,11.348056995794636,11.243911065470398
mt-bench,7,1,2,0,19.43795752367805,19.358211703547568,12.8732604725883,12.675250839492946,12.169201245797012,12.0714245781528
mt-bench,7,1,2,1,19.420335566323065,19.326823817238587,11.366421593720588,11.268363460658293,11.366049332074729,11.154249795239235
mt-bench,7,2,0,0,19.448023390395974,19.36833947274863,11.822058511825162,11.725043687420111,12.722339011816075,12.522260336027102
mt-bench,7,2,0,1,19.549628798892407,19.45554244291616,11.272875281065353,11.17512213295413,11.604312378870638,11.482505698701086
mt-bench,7,2,1,0,19.46678845297356,19.386987125017185,11.876230737925653,11.77854569914416,12.923658851377695,12.717269843960821
mt-bench,7,2,1,1,19.676968730671426,19.474067474868505,11.225973124965094,11.126890527521027,11.536381913340527,11.420969762541695
mt-bench,7,2,2,0,19.54159521483234,19.36813476959287,11.833127109184716,11.735245285308338,12.594086347689881,12.496833707245969
mt-bench,7,2,2,1,19.642876748731318,19.438545776161124,11.256050316205801,11.155947250244935,11.511280383706332,11.39385211887476
mt-bench,8,1,0,0,20.182424796985288,20.102014789245004,10.254852612888499,10.118609879100404,9.778156246284198,9.677718933744472
mt-bench,8,1,0,1,20.51522943747841,20.43271323054796,9.113759086176287,9.00653920325567,8.81082457044613,8.710225207323674
mt-bench,8,1,1,0,20.290988839860802,20.209214792885177,10.292205879068206,10.091045800436405,9.89054154661062,9.789575698960107
mt-bench,8,1,1,1,20.459707070131117,20.377434195324895,9.123232585807273,9.020585706821294,8.764028269524715,8.656852004151006
mt-bench,8,1,2,0,20.40700733596168,20.324872249602777,10.33087701534896,10.228240597825788,10.041204418030247,9.839386816111073
mt-bench,8,1,2,1,20.42299667982661,20.34075554320225,9.177391003959201,9.075725136426627,8.884176980700431,8.671408948885073
mt-bench,8,2,0,0,20.34613349587744,20.263553023141867,9.267585773613973,9.166767187252844,9.288749941333663,9.076125718365802
mt-bench,8,2,0,1,20.659532968693384,20.487690738264064,9.130931687650445,9.028654550547799,8.381323792946205,8.279897105239797
mt-bench,8,2,1,0,20.582568000008905,20.410875019479136,9.335999300674303,9.234790753907873,9.237726078026753,9.13730917545763
mt-bench,8,2,1,1,20.55737889077136,20.399891343458876,9.387398711169226,9.283269589559495,8.597397711127996,8.494463890656334
mt-bench,8,2,2,0,20.45365825006229,20.275186019262037,9.304031023475545,9.202240972626896,9.188852453007712,9.08576355459445
mt-bench,8,2,2,1,20.595620765561762,20.51299212507729,9.241521793228458,9.041237453402573,8.368257660094969,8.265255613423506
mt-bench,9,1,0,0,20.258571244063276,20.157465085712523,12.477963706432142,12.220640870654465,12.80857765681078,12.680493273183851
mt-bench,9,1,0,1,20.383080973579926,20.290289758888417,14.269182945241282,14.136629829056861,13.993191551715318,13.743954995105712
mt-bench,9,1,1,0,20.179392918654713,20.07903422966475,12.37209693561146,12.241184427657753,12.90838391084539,12.648932591766416
mt-bench,9,1,1,1,20.419705219019466,20.326393184133625,14.277784894431132,14.147415085597403,13.958175383907344,13.704596965325987
mt-bench,9,1,2,0,20.24887467491659,20.148494085920838,12.376293278790417,12.247965825763321,12.90949062207964,12.650948612075021
mt-bench,9,1,2,1,20.604115771946677,20.43281316199634,14.329882638163902,14.19544450753841,13.894080241174056,13.764993590990935
mt-bench,9,2,0,0,20.486708952149634,20.26873446430601,11.933879980085353,11.803827422847093,13.038793158837922,12.90929028405275
mt-bench,9,2,0,1,20.763772680207662,20.568149429827667,14.634351092718935,14.519070933618078,13.14705491267291,13.030961598167968
mt-bench,9,2,1,0,20.494230038098742,20.27629569905886,11.968103860648561,11.837731671533477,13.03401097032098,12.902445452917942
mt-bench,9,2,1,1,20.799138157918495,20.70494617076117,14.649104061823683,14.41938345349242,13.205354056711508,13.087623493388035
mt-bench,9,2,2,0,20.398173210518568,20.295907411853555,12.077549114517534,11.807483641792144,13.05027747241808,12.919671397971277
mt-bench,9,2,2,1,20.576237390438717,20.480331828972947,14.569241347895025,14.333311563751575,13.130471436713526,13.014232536968999
mt-bench,10,1,0,0,19.6573500784325,19.576106526983494,12.878721218839928,12.777801543052192,11.153035464758432,10.943929398308683
mt-bench,10,1,0,1,19.56733853148762,19.486424918341072,13.111599507737992,13.013019570280449,12.511989402355539,12.313183433889208
mt-bench,10,1,1,0,19.557884257665137,19.47737119917292,12.92218820344715,12.824304929836217,11.147974621053436,10.947935788863106
mt-bench,10,1,1,1,19.759900800636387,19.586339699344535,13.119519441261218,13.018569633004518,12.3680750702988,12.267795363186451
mt-bench,10,1,2,0,19.86735108175708,19.684159871303564,12.867753659975278,12.767634519150306,11.047523621073196,10.94901751184807
mt-bench,10,1,2,1,19.667265925818356,19.492082691613177,13.008926320253522,12.90985776540765,12.295193617319455,12.19557936747151
mt-bench,10,2,0,0,19.577982132886973,19.405036152420507,12.18643896481808,12.088174347354652,11.330522765547357,11.232261984332581
mt-bench,10,2,0,1,19.59991575768072,19.51928901962674,12.94025815650457,12.744293789182848,12.45032026190529,12.352014215139206
mt-bench,10,2,1,0,19.464065593638225,19.38392892589036,12.303984812206181,12.106144667995977,11.341868914314546,11.243410527185915
mt-bench,10,2,1,1,19.704460679349722,19.623948519438272,13.099442413931683,12.893944620827824,12.549385484362574,12.450834929495613
mt-bench,10,2,2,0,19.55510006246186,19.47464759768991,12.314871382841375,12.112658491787442,11.371527628853073,11.273801621427992
mt-bench,10,2,2,1,19.667915285026538,19.58700127715929,12.921926144372264,12.821326277389744,12.573531070302124,12.373555668091285
mt-bench,11,1,0,0,20.068159523361828,19.986575812708907,4.666578214710171,4.566158933357656,4.583551957239251,4.380298066280375
mt-bench,11,1,0,1,20.582346695391607,20.401777508141095,5.438909519398294,5.332749503850209,5.430607464859349,5.329089500264672
mt-bench,11,1,1,0,20.27803569126263,20.189574937376165,4.722364882582042,4.620110581981862,4.514943925642001,4.413718503656128
mt-bench,11,1,1,1,20.519872652585036,20.431821570127795,5.424835675967188,5.323422984474746,5.423554347544268,5.3201732498564525
mt-bench,11,1,2,0,20.368100214909646,20.191200476801896,4.7420116052308,4.6411230700869055,4.526960753992171,4.424812171691883
mt-bench,11,1,2,1,20.60686946470014,20.52327908177176,5.61220017971209,5.403752550591889,5.5554195860167965,5.452056062495103
mt-bench,11,2,0,0,20.419521136773255,20.336894027423114,4.5455619570020644,4.337798554388428,4.655440296573943,4.552699851501529
mt-bench,11,2,0,1,20.547516984606773,20.463282941364014,5.652895937600988,5.4493697580255684,5.646871621138416,5.544870406083646
mt-bench,11,2,1,0,20.971721351543238,20.888165507585654,4.5881668361289485,4.375999226795102,4.671135589433106,4.569305835957493
mt-bench,11,2,1,1,20.443875312139426,20.360625937428267,5.555957625347219,5.45123902747946,5.735088011533662,5.5334821681753965
mt-bench,11,2,2,0,20.362203460535966,20.279078293242492,4.410672281210282,4.30838504280473,4.749552996145212,4.546827808553644
mt-bench,11,2,2,1,20.46685508594237,20.383446652431303,5.527072691165813,5.425692987955699,5.724815930079785,5.54528419570488
mt-bench,12,1,0,0,20.45922875361241,20.18691120341558,6.394627617643864,6.223017539631463,5.872556072603347,5.701227927100703
mt-bench,12,1,0,1,20.620814132146865,20.341254767827078,6.026163490364554,5.846664032181073,5.63581496819005,5.455290126508173
mt-bench,12,1,1,0,20.414201759037642,20.177939604898846,6.3483227030233,6.177662206446808,5.854825193598641,5.683298552211261
mt-bench,12,1,1,1,20.564465767428654,20.416371421097725,6.175377700554955,5.852131884853551,5.661832265956681,5.481995462404588
mt-bench,12,1,2,0,20.65753082767773,20.512659012133046,6.60768078188553,6.290609715506434,5.926406030035154,5.755704079020881
mt-bench,12,1,2,1,20.59831454143303,20.450250012800097,6.197496019244479,5.872682483635463,5.653227025147857,5.474690860726788
mt-bench,12,2,0,0,20.497008574620626,20.351974253347258,6.547995696944946,6.249981502663683,4.89818979986012,4.72793233947772
mt-bench,12,2,0,1,20.736932767695695,20.58829687412758,6.145068145159519,5.973031606073633,5.403653749873718,5.074101794236459
mt-bench,12,2,1,0,20.52880030263353,20.38319579636057,6.404487641923355,6.232276352150648,5.042824915356257,4.737650502868222
mt-bench,12,2,1,1,20.80447016336586,20.65610952174537,6.135287048351584,5.9634958972420655,5.368076467838807,5.046460269323479
mt-bench,12,2,2,0,20.56238265423518,20.41754713008916,6.403453672784522,6.2330747637051065,5.039349127081081,4.722695133056153
mt-bench,12,2,2,1,20.8224883272295,20.54156385561299,6.126507358258647,5.9523154240609575,5.2087721280538695,5.026049910483357
mt-bench,13,1,0,0,19.778557300448817,19.544664411537287,10.640726046858617,10.535474351399898,10.025475050497334,9.91937039862023
mt-bench,13,1,0,1,19.53878736329631,19.427243900480704,8.64649743372057,8.47815763295835,10.234861925709993,10.129247843451594
mt-bench,13,1,1,0,19.451165464975002,19.359600066241843,10.7033819958815,10.504274910090317,9.964177492292947,9.85941421095049
mt-bench,13,1,1,1,19.68295060200107,19.57147714417817,8.789827594430083,8.506517422049203,10.286024742072186,10.181216160162876
mt-bench,13,1,2,0,19.457411971479775,19.36559979430181,10.694213433453115,10.494339871002012,9.979539609503263,9.87521112892864
mt-bench,13,1,2,1,19.58142553249939,19.47022572655546,8.621662272424954,8.47145480543582,10.318870523406076,10.121473082108423
mt-bench,13,2,0,0,19.49603148973681,19.40368864169812,10.12008854695523,10.013515109676518,10.146169902782276,9.948651027571032
mt-bench,13,2,0,1,19.701449790696117,19.588228711274578,9.130436074526155,8.996518139393805,11.129865971523659,11.017349955137268
mt-bench,13,2,1,0,19.50657097938942,19.41492744441692,10.095097507473838,9.990713156184938,10.081645488298818,9.879314183308452
mt-bench,13,2,1,1,19.813331442917534,19.594207059693943,9.130946064567128,8.99635095019542,11.193389426554232,11.081756585941756
mt-bench,13,2,2,0,19.579715711551376,19.394506905381203,10.14702816019053,10.04241182045007,10.003115066410828,9.898593128582434
mt-bench,13,2,2,1,19.788706159121844,19.56933803001502,9.093272577350339,8.959630034534973,11.143745208964454,11.032432352562939
mt-bench,14,1,0,0,19.97575460927692,19.894951870810473,12.054135656399012,11.854134910208813,11.225819906485413,11.124170898256125
mt-bench,14,1,0,1,20.422110910203628,20.338803597496735,13.099716949454887,12.896091394395626,9.85135094515499,9.751006964506814
mt-bench,14,1,1,0,20.31016903129057,20.228384187248594,12.131848457102024,11.932262218579126,11.282976070560835,11.182798195477517
mt-bench,14,1,1,1,20.545385273180727,20.462060042973462,13.027636199240078,12.925883820116724,10.038784515472798,9.829889984757756
mt-bench,14,1,2,0,20.36008950381074,20.27760283954194,12.090449742117926,11.989464261660032,11.431824863393558,11.230477222852642
mt-bench,14,1,2,1,20.481362347709364,20.39815061743866,13.12721853128096,13.026226328292978,10.009554398493492,9.808535179672617
mt-bench,14,2,0,0,20.349820574210753,20.26760854278109,11.865341336033453,11.764180554564518,11.42767358578567,11.22520876560884
mt-bench,14,2,0,1,20.912183851578448,20.7295756563326,10.861629461032862,10.749238964763208,12.732920683447446,12.629335890778748
mt-bench,14,2,1,0,20.39528410978164,20.306473187702068,11.92921599613328,11.827103007817641,11.380535972421058,11.28006970293427
mt-bench,14,2,1,1,20.46489336726154,20.37581536342259,10.63618933176258,10.535181198974897,12.614146761734446,12.511204292877665
mt-bench,14,2,2,0,20.515561265710858,20.338707546670776,11.923288558591594,11.82061167583015,11.360536964730272,11.257328507781494
mt-bench,14,2,2,1,20.549189984649274,20.46653032039103,10.648509062320954,10.539131472341978,12.606067503838858,12.503336093686812
mt-bench,15,1,0,0,20.463545856598234,18.884082790464163,11.467072854949427,7.67605278607724,11.541597071170274,9.635168219184768
mt-bench,15,1,0,1,20.5491029274916,18.960526071688427,9.620454361928362,7.696584931441715,13.409543998672493,9.742573992947914
mt-bench,15,1,1,0,20.506666208218252,18.927627783601306,9.662355645559728,7.744870714044997,13.342670713817435,9.67380271426269
mt-bench,15,1,1,1,20.709938003814646,19.119968288578093,9.625542069053543,7.701828643413527,13.40104014213596,9.7289824292862
mt-bench,15,1,2,0,20.72425528396187,19.147823639546655,9.635735286532768,7.722671285072075,13.369353637764496,9.71503385309396
mt-bench,15,1,2,1,22.558067501189985,19.31817314055349,9.705078505378749,7.775677426252514,11.684645998424717,9.765340713784099
mt-bench,15,2,0,0,22.27953800632219,19.063343285649484,13.654424709134869,11.716234780448888,7.630094287118742,5.7087037878643185
mt-bench,15,2,0,1,22.632203214535757,19.392341641443117,13.933041931263038,12.00236171384209,7.742196928510176,5.807814071886241
mt-bench,15,2,1,0,22.437016779024685,19.23790685499885,13.71123778933127,11.795582149976067,7.687184078219746,5.762755430103945
mt-bench,15,2,1,1,20.732977577219053,19.14247721599947,15.45309235474893,11.792419719443258,7.692735999756094,5.759235853994531
mt-bench,15,2,2,0,20.617898578555987,19.03636142378673,15.458385850901582,11.788944356209997,7.672216003161988,5.7516058607559115
mt-bench,15,2,2,1,20.89859828785328,19.3016747112519,15.443854782331202,11.851367000157811,7.78496263748301,5.860509001649916
mt-bench,16,1,0,0,19.475959234569018,19.397479226427095,12.755137144267792,12.658699085932312,12.024430566725641,11.823681983969436
mt-bench,16,1,0,1,19.494548003876844,19.41616645308386,13.426907910343289,13.32999143323832,10.944581937110343,10.748503788818198
mt-bench,16,1,1,0,19.399427226744592,19.320733801123424,12.725001534818148,12.62903757424283,12.010051003926492,11.812369875315198
mt-bench,16,1,1,1,19.835182566112053,19.663112917896797,13.432584808469983,13.334508038951753,11.02492439076741,10.926856230526028
mt-bench,16,1,2,0,19.523767547070747,19.34761337497548,12.788806789103546,12.690991988165479,11.964952390371764,11.867978140344349
mt-bench,16,1,2,1,19.650630449177697,19.482074621009815,13.388648648287926,13.291839839894237,10.864077015412477,10.766688199055352
mt-bench,16,2,0,0,19.539652793355344,19.369445672055008,12.49028893380455,12.394041394600208,12.193078152449743,12.093056531284674
mt-bench,16,2,0,1,19.669150011850434,19.590342433730257,12.029648339648702,11.82379611327633,12.573052191328316,12.475721745886403
mt-bench,16,2,1,0,20.019955066345574,19.93498586352871,12.853514546804945,12.636952363209275,12.281321027330705,12.180427363546187
mt-bench,16,2,1,1,19.639934816041205,19.561076574063918,11.934501207178982,11.832454652449087,12.56973363661018,12.473073371438659
mt-bench,16,2,2,0,19.525788215105422,19.446896129011293,12.605396898379695,12.40737198440911,12.191738648652972,12.095487507849612
mt-bench,16,2,2,1,19.643346656266658,19.564522570362897,11.932524968869984,11.835080406399356,12.680948324032215,12.476191288897098
mt-bench,17,1,0,0,19.98164152722921,19.819504659002025,11.080388249865791,10.881130882808066,10.215475383120065,9.819608586440154
mt-bench,17,1,0,1,20.491803487559327,20.115038420136298,11.733061258564703,11.516885358529787,8.998634059849776,8.778820777487041
mt-bench,17,1,1,0,20.39252313994622,20.016629766860557,11.16546960111009,10.963539702970593,10.079568500259484,9.878292468783911
mt-bench,17,1,1,1,21.08424427692129,20.888836604363025,12.051550733546415,11.826996725479452,9.417634453369766,9.18541039324278
mt-bench,17,1,2,0,20.3490306121521,20.00142357405997,11.198359780792089,10.997965406204457,10.088451203046134,9.886102804557595
mt-bench,17,1,2,1,20.613122344048335,20.435161696856515,11.950938291071603,11.532547816750593,9.035603008949412,8.810792016820649
mt-bench,17,2,0,0,20.87741682861838,20.71312837963274,11.193148234269756,10.783397093291569,10.859157030608912,10.649416648448096
mt-bench,17,2,0,1,20.52270428633646,20.341248588026072,11.044584819540868,10.7708515504888,10.718772369016774,10.522782112842888
mt-bench,17,2,1,0,20.267616309471023,20.10403176708248,10.999997219187208,10.594942695206555,10.807065234985203,10.605179554659117
mt-bench,17,2,1,1,20.428081251438236,20.24942181589661,10.898062058360033,10.708412854844514,10.899936074839163,10.5037662337177
mt-bench,17,2,2,0,20.27621651212721,20.11251759755086,10.851370780983416,10.648416078765877,11.044886000490806,10.651636671354936
mt-bench,17,2,2,1,20.343326915548566,20.166605587719996,10.822422203499878,10.634344341098398,10.906712556453911,10.509561849723017
mt-bench,18,1,0,0,20.49172302349689,20.313911644734617,9.614565507945372,9.512441570223018,8.541192226402927,8.440463539045595
mt-bench,18,1,0,1,20.634571769733157,20.437420456801192,10.214654070296092,10.113564011589915,9.37520100387701,9.272668519770377
mt-bench,18,1,1,0,20.44616588318604,20.27101972271339,9.625095668070571,9.52402767188687,8.514720679613674,8.4135984684508
mt-bench,18,1,1,1,20.60913798823094,20.526356578102423,10.321026304609404,10.12166253894975,9.384102906551561,9.281116929287236
mt-bench,18,1,2,0,20.41250934371419,20.330089254002814,9.766057046817878,9.565667449351167,8.580252789215592,8.4787687815151
mt-bench,18,1,2,1,20.558497234105744,20.475792550769256,10.328978027246194,10.129545316431177,9.36616842955118,9.264121132673608
mt-bench,18,2,0,0,20.564618140724633,20.482079214616533,9.272627855807514,9.07188502333156,8.589611515617435,8.489024093705666
mt-bench,18,2,0,1,20.79215363255571,20.707103531094617,9.207368898387358,9.101938609546778,9.566630144490773,9.36650083576751
mt-bench,18,2,1,0,20.51398568755758,20.4316490508063,9.18717531249058,9.084127414098475,8.715013585970155,8.514019082213053
mt-bench,18,2,1,1,20.761221394877794,20.677775171861867,9.183149847558525,9.081169597266125,9.52178386705782,9.316219175616425
mt-bench,18,2,2,0,20.725964277062303,20.64367497268904,9.127312956934475,9.02517317172169,8.673804152294906,8.471169105632725
mt-bench,18,2,2,1,20.844272961312527,20.690742461283662,9.228085855284007,9.123552183609718,9.438059667900234,9.335447261946683
mt-bench,19,1,0,0,19.41508138406789,19.03504427692886,14.350155500180431,14.133498053221652,13.923994192992451,13.703615753911436
mt-bench,19,1,0,1,19.494138729364217,19.311102756366203,14.853393406896242,14.462061620574316,15.339902786090116,15.147804709165605
mt-bench,19,1,1,0,19.313401134110922,19.13237355412483,14.698973473921223,14.251601999715428,13.973291078990881,13.756279131038147
mt-bench,19,1,1,1,19.474738270153402,19.290302991279745,14.787797496557749,14.439347096526161,15.362709259457944,15.173166984059485
mt-bench,19,1,2,0,19.25642169641963,19.077101865799964,14.489527359776394,14.210368439212049,13.943883912074135,13.728867604585137
mt-bench,19,1,2,1,19.41812767538133,19.234303523459147,14.525076868975985,14.354023668947148,15.445660770415747,15.06021087775931
mt-bench,19,2,0,0,19.315204437589273,19.13535845544954,15.174715973747274,14.959111850578012,14.923576210429403,14.500150999274888
mt-bench,19,2,0,1,19.518234044405723,19.334653396629268,15.133904893386376,14.930966712885583,12.754220655187964,12.210366810258064
mt-bench,19,2,1,0,19.436825420208542,19.256532686995342,15.231499272774448,15.013020939046616,15.031385842073513,14.583620043643014
mt-bench,19,2,1,1,19.4710372791936,19.277761594879,15.201453287459788,14.997204213181785,12.496828532312065,12.220432477382323
mt-bench,19,2,2,0,19.55914937466982,19.161339946939343,15.19363158762357,14.976342219916548,14.731552639747399,14.514796430727042
mt-bench,19,2,2,1,19.7085257837767,19.313332576489262,15.149534845030027,14.946039516066552,12.555049111445745,12.274105500222909
mt-bench,20,1,0,0,20.17762390232747,20.09403919100805,5.0323818086326355,4.827083691452572,5.229974109624891,5.127097917920764
mt-bench,20,1,0,1,20.604117328275606,20.519947086086177,6.2456477617161,6.034961847944942,7.276441890553542,7.174400215262722
mt-bench,20,1,1,0,20.3662116173291,20.28285630467508,5.063092285126913,4.872952078130766,5.278545831970405,5.177323390853417
mt-bench,20,1,1,1,21.34320254708655,21.25427664077506,6.35662018748917,6.2480151445925,7.724606890860741,7.516628456869512
mt-bench,20,1,2,0,20.416493719039863,20.332248961040023,4.968614019162487,4.8650016096871695,5.410474191194226,5.203589917982754
mt-bench,20,1,2,1,20.5142355780481,20.429383468581364,6.107981292643672,6.005738031490182,7.36939144144344,7.166863597831252
mt-bench,20,2,0,0,20.893837882795196,20.80969479675332,5.511522999768204,5.4070114292699145,4.942133761687728,4.83405584736829
mt-bench,20,2,0,1,21.022060632731154,20.84032162474614,5.8464215858293755,5.740037726809533,6.155369952921319,6.045540867035015
mt-bench,20,2,1,0,20.537292851258826,20.35884759379769,5.424175773441675,5.320470597325766,4.880205718563957,4.7774824843145325
mt-bench,20,2,1,1,20.57579802340115,20.400543695359374,5.774786086021777,5.671177074418665,6.101353699250467,5.997149547056324
mt-bench,20,2,2,0,20.489326031110977,20.382350347972533,5.412910215000011,5.310660187660687,4.865882543072075,4.762743648370815
mt-bench,20,2,2,1,20.554746511606936,20.470220621064072,5.79850798840198,5.690929765933106,6.073103937524138,5.967824855360959
mt-bench,21,1,0,0,20.447045257697027,20.364791757856437,11.954099340073299,11.77252303887144,10.593349394639517,10.493878679881163
mt-bench,21,1,0,1,20.463245426071808,20.381069531140383,13.727149179430853,13.625348296955053,11.749467753816134,11.644450695257547
mt-bench,21,1,1,0,20.25622464452681,20.17448287915613,11.898622250100743,11.796294632858917,10.681411816221953,10.478923468326684
mt-bench,21,1,1,1,20.530189378860086,20.447146019250795,13.746224460646772,13.645369750065584,11.858000277243264,11.657746792934631
mt-bench,21,1,2,0,20.40104099569362,20.31711185554741,11.936440218505595,11.835797390631342,10.695786023461551,10.494171906429983
mt-bench,21,1,2,1,20.641441538828076,20.466775214572408,13.656320410063927,13.552241090110329,11.727644226539269,11.626270160377317
mt-bench,21,2,0,0,20.86286007806848,20.68147988666169,11.931000120966928,11.826884613128641,11.368484597369388,11.26646049624469
mt-bench,21,2,0,1,20.652751101806643,20.477081003718922,13.409745437911624,13.30802964821487,11.24977899598889,11.146294433729054
mt-bench,21,2,1,0,20.633376683690585,20.463176871089672,11.905076683433435,11.804003097495297,11.36283456662568,11.259586874984961
mt-bench,21,2,1,1,20.716557816285786,20.633534878925275,13.640806871080713,13.436634609661269,11.339587464590295,11.234264250106207
mt-bench,21,2,2,0,20.480662609315914,20.398084472617484,11.887521339758678,11.777928113133385,11.307712519283086,11.20405687879611
mt-bench,21,2,2,1,20.7166384766424,20.63411268773052,13.56746027340705,13.367576617383747,11.283123480552604,11.18116608586206
mt-bench,22,1,0,0,19.509563644533046,19.430368777648255,9.713710585856461,9.614220155981457,10.119512808614672,9.915826011820172
mt-bench,22,1,0,1,19.55552116396575,19.475878117191314,11.04067460528313,10.942635320134286,9.528934816444234,9.327189062787511
mt-bench,22,1,1,0,19.98535012899083,19.904206011688075,9.916616730151873,9.820841215059772,10.089937742122856,9.888970882911963
mt-bench,22,1,1,1,19.702335996043985,19.532476051153935,11.158968742165598,11.061361542942905,9.4331886953114,9.336402531062049
mt-bench,22,1,2,0,19.408766801007005,19.326110238125693,9.638575413646322,9.542195097765216,9.831213476445555,9.7354943868595
mt-bench,22,1,2,1,19.643378214823315,19.46652772676316,11.070284859215462,10.972763421705167,9.402014328316,9.302737656071258
mt-bench,22,2,0,0,19.577440089506126,19.400347402097395,9.661466523084528,9.564431753915414,9.880751167656854,9.781577027297317
mt-bench,22,2,0,1,20.181517441415053,20.102500301163673,8.991422261715343,8.796948402050475,9.704148008040647,9.60175069167235
mt-bench,22,2,1,0,19.429588538969256,19.351459043264185,9.787773718926474,9.590367781129316,9.892311109524599,9.795612933885423
mt-bench,22,2,1,1,19.623074804712815,19.543989894373226,9.0191203712493,8.821064714993554,9.46990004649706,9.370901753754879
mt-bench,22,2,2,0,19.490689425765595,19.412193632888375,9.80701119533478,9.603727289231756,9.889277308502642,9.79238336731214
mt-bench,22,2,2,1,19.549402461052523,19.470306636776513,8.903105921945098,8.80555612138778,9.549882152441569,9.347188429728703
mt-bench,23,1,0,0,20.748479386384133,20.661875206769764,13.159577734313643,13.060057062375563,12.721587402211298,12.525175382961606
mt-bench,23,1,0,1,20.582495566486614,20.377765937610093,12.084127460639138,11.981924296833313,12.123124453410128,12.019614218388597
mt-bench,23,1,1,0,20.424141863259138,20.248469722446316,12.944681016051618,12.84271906615686,12.62041492964272,12.520028699327668
mt-bench,23,1,1,1,20.74307263319497,20.56180387899076,12.071151812506287,11.969237476478156,11.90173155055163,11.797883816598187
mt-bench,23,1,2,0,20.42656064077164,20.25042650029718,12.998576019526809,12.89799900359867,12.685735753620975,12.584014531057619
mt-bench,23,1,2,1,20.903642500343267,20.821448656079156,12.445731289062678,12.243488402418734,12.135954551013128,12.027779773688962
mt-bench,23,2,0,0,20.38383160970625,20.301282781019836,12.672296801156335,12.466889886582067,12.25736838659941,12.155653691479529
mt-bench,23,2,0,1,20.66961586706384,20.585994695011323,13.967275597678963,13.764902590082784,13.984441406591941,13.880748831979872
mt-bench,23,2,1,0,20.363603843634337,20.281417590013007,12.490264187817957,12.386244367462496,12.312406484397798,12.209295289267175
mt-bench,23,2,1,1,20.484813089751697,20.402122519499244,13.767854093657661,13.665296695307916,13.903063390898751,13.797082202927413
mt-bench,23,2,2,0,20.462274304918537,20.37978124963047,12.541080058781517,12.437570992460678,12.345416706921242,12.142893074269523
mt-bench,23,2,2,1,20.846710574005556,20.764219484135538,13.8665444178514,13.764448175606958,14.058037105314725,13.856123374807794
mt-bench,24,1,0,0,20.80273037108782,20.626595992325747,4.951795835950179,4.843514339881949,4.221369492370286,4.1169164060193
mt-bench,24,1,0,1,20.561736996114632,20.475380949392274,4.7912110312609,4.689417031386256,4.250427703027526,4.145915968820191
mt-bench,24,1,1,0,20.443298011741717,20.269063878913585,4.839185867240303,4.738146785257413,4.097715355328546,3.99597948853625
mt-bench,24,1,1,1,20.567189405937825,20.483971562498482,4.896966441265249,4.691165245731099,4.239182785113371,4.135610582125082
mt-bench,24,1,2,0,20.339017210972088,20.256981289094256,4.936297800668399,4.734806445412687,4.097232558251562,3.9951541448317585
mt-bench,24,1,2,1,20.617049351585592,20.534189199224784,4.923417167901789,4.720769695722993,4.246001589763182,4.144393109072553
mt-bench,24,2,0,0,20.629751343676617,20.54692984393114,5.343671410173556,5.143228515862575,4.380551296890189,4.277928605461057
mt-bench,24,2,0,1,20.548407675960334,20.46537996875486,4.894331992090883,4.79125252331869,4.7689493867437704,4.56952437889413
mt-bench,24,2,1,0,20.55645329710387,20.47331776975625,5.218219265316293,5.116110074141034,4.46866988659167,4.26034438669376
mt-bench,24,2,1,1,20.650789495903155,20.567403164022835,4.906127999674936,4.804060941296484,4.821523324153532,4.600141515766154
mt-bench,24,2,2,0,20.495327738444757,20.412472386396985,5.199106406507781,5.09740907818923,4.435539367477759,4.234002254179359
mt-bench,24,2,2,1,20.754971777478204,20.576301058554236,4.90681779319857,4.802827355433692,4.698170609117369,4.595408453042182
mt-bench,25,1,0,0,19.65250929333706,19.47263049214598,11.143465957047738,11.044772816148907,10.995671429554932,10.894963636928878
mt-bench,25,1,0,1,19.552143851797155,19.471593750040483,10.92185625793718,10.707427175930206,11.29518710922639,11.196128605661215
mt-bench,25,1,1,0,19.7720090391158,19.687322007939656,11.311502765693149,11.117962472781073,10.949367160264956,10.85132337129835
mt-bench,25,1,1,1,19.563380093586602,19.483129457057657,10.857521996058495,10.657617656306684,11.355038910096482,11.257659788952878
mt-bench,25,1,2,0,19.35602244520851,19.27624228528657,11.173399078415969,10.97302285143087,10.870298449390248,10.77287896487178
mt-bench,25,1,2,1,19.577559355639096,19.49760088700714,10.737760882875591,10.638357492098294,11.371392672117508,11.170326660248975
mt-bench,25,2,0,0,19.393477296944184,19.313870328005578,10.997891210536181,10.900587878950319,11.00068061350612,10.805050378621672
mt-bench,25,2,0,1,20.32668935135007,20.24653328135173,10.822570179698232,10.724035742441629,11.10629025788512,10.906851792697125
mt-bench,25,2,1,0,19.579088906539255,19.498231394209142,11.075910187628324,10.9764413045923,11.093887558672577,10.891227555021032
mt-bench,25,2,1,1,19.69710322237006,19.520444609497645,10.702610105454369,10.604022035295202,10.692597062643472,10.594547336040705
mt-bench,25,2,2,0,19.502928421843535,19.41840573454101,11.048745105654234,10.950053359465528,10.944831812594202,10.847079242012114
mt-bench,25,2,2,1,19.87980401599998,19.705272253759176,10.769332867312187,10.668244734461041,10.80559751153487,10.704091140269156
mt-bench,26,1,0,0,20.14228779671612,20.061851035279687,10.65643742958855,10.460830792908382,10.262278035042982,10.162514148760238
mt-bench,26,1,0,1,20.567593495798064,20.485036093759845,13.68474061746383,13.462837863244204,12.272647359623079,12.172398093753145
mt-bench,26,1,1,0,20.34459909373254,20.262898754026537,10.767461913928855,10.564943796907755,10.239033492325689,10.139067968793825
mt-bench,26,1,1,1,20.548209855860478,20.466683215090598,13.606612948933616,13.505340312804037,12.261751070127502,12.156000765571662
mt-bench,26,1,2,0,20.292281359616027,20.21017166407546,10.671991226445243,10.571215203071915,10.35067145312496,10.148895597922092
mt-bench,26,1,2,1,20.487386367221916,20.402434539391834,13.578790937572194,13.477232648710924,12.411109788899921,12.213112273457227
mt-bench,26,2,0,0,20.384724863561132,20.302549484313204,11.32353567163591,11.222041461223853,10.203616746366606,10.005981566337141
mt-bench,26,2,0,1,20.834563378684834,20.659237976815348,13.768351066573814,13.664664949374128,12.73086926948963,12.629936562461808
mt-bench,26,2,1,0,20.550495793031587,20.376131120883656,11.308702265523607,11.205174976566923,10.097144534938707,9.996464038977138
mt-bench,26,2,1,1,20.67768735514619,20.54438882805698,13.73528971498672,13.634316086154286,12.774505085872079,12.672812961227464
mt-bench,26,2,2,0,20.600298069894052,20.425343945589702,11.228478320390423,11.127891050819017,10.069309289065131,9.968020265660016
mt-bench,26,2,2,1,20.568634211031167,20.485744320467347,13.779761765817966,13.577890050783026,12.70329310955276,12.601387933500519
mt-bench,27,1,0,0,20.385855906170036,20.301857453432604,9.347720663754444,9.14160852380519,8.604102964909544,8.500821124926006
mt-bench,27,1,0,1,21.174747363602364,21.09168502738612,10.816668828283582,10.713697367464192,8.683196382662572,8.480454886921507
mt-bench,27,1,1,0,20.273613253721123,20.190192925838346,9.056978761691425,8.95456457419641,8.633086714780802,8.4313274219312
mt-bench,27,1,1,1,20.53944884755765,20.455461652545637,10.82554474214703,10.723011550908268,8.583564074342576,8.476840011553577
mt-bench,27,1,2,0,20.42412267974214,20.34111421517082,9.09237462474266,8.989517507870914,8.662223617193376,8.460915113118972
mt-bench,27,1,2,1,20.70937294547548,20.529496956896764,10.805357926074066,10.701267417971394,8.587720789364539,8.484654073981801
mt-bench,27,2,0,0,20.611886718597816,20.430141453289252,9.485176855378086,9.37939252344222,9.252593824385258,9.14939374615642
mt-bench,27,2,0,1,20.763349702974665,20.585367402418342,9.231252835888881,9.126860230480816,11.044219555060408,10.938495156551653
mt-bench,27,2,1,0,20.590598507624236,20.469573468744784,9.493934910096868,9.390935788815113,9.276452793073986,9.17225242983477
mt-bench,27,2,1,1,20.660138156472385,20.57547844151486,9.275769238229259,9.071660976587737,11.042303128760977,10.937474636648403
mt-bench,27,2,2,0,20.529045152670733,20.444890129056148,9.555413031193893,9.349470542929339,9.247067480373516,9.14225929273016
mt-bench,27,2,2,1,20.722143965031137,20.637724992411677,9.35047844905057,9.143916570337751,11.111225402146374,11.007667289050005
mt-bench,28,1,0,0,19.45248164838631,19.372019804904994,11.180589292962395,11.081842355451954,9.352544792818662,9.249961304703902
mt-bench,28,1,0,1,19.6389478396668,19.559446683615533,10.93474282833995,10.835882386345475,10.385080492142151,10.179866351336386
mt-bench,28,1,1,0,19.83789699988847,19.758425382860878,11.365858648332505,11.269130812706862,9.540162929624785,9.32772287114858
mt-bench,28,1,1,1,19.694975741913368,19.524074906257738,10.879301183649659,10.781065074297658,10.245560101793671,10.1482246368505
mt-bench,28,1,2,0,19.514667562361865,19.344342691510974,11.249857284838072,11.15053245348463,9.358924870866758,9.262317652428464
mt-bench,28,1,2,1,19.641224617316766,19.470370507860935,10.815833527431096,10.718885335791128,10.222279906429321,10.12474243361794
mt-bench,28,2,0,0,19.45077984373711,19.36783128121533,11.230332750074012,11.133388226426177,9.885917449082626,9.78755807818743
mt-bench,28,2,0,1,19.61517698418902,19.536115515620622,12.78290411710259,12.581831570059876,9.545010866986559,9.448243445149274
mt-bench,28,2,1,0,19.46003853890943,19.381503402200906,11.344557820393675,11.142883355205413,9.89916115622691,9.801673129004485
mt-bench,28,2,1,1,19.621894089596026,19.543018589956773,12.174748878805985,11.984974538790993,9.551895449476433,9.454346824441018
mt-bench,28,2,2,0,19.489704269744834,19.410808425618598,11.338518706907053,11.143362995881034,9.903813374876336,9.808020218770253
mt-bench,28,2,2,1,19.671908288728446,19.593161226566735,12.024422371268884,11.926708070404857,9.62493201950565,9.43232477766287
mt-bench,29,1,0,0,20.12369826934446,20.043427773543954,9.514891890830768,9.41625367204324,9.119133422245795,8.929178351536393
mt-bench,29,1,0,1,20.593342172105622,20.419110699094745,10.524493918182998,10.422637832107284,10.631712316353514,10.53154969940806
mt-bench,29,1,1,0,20.40172939450713,20.22380110929589,9.604063706774468,9.50369327711087,9.050482183283748,8.948716156282899
mt-bench,29,1,1,1,20.665063125306915,20.488489125000342,10.584188511529646,10.484590531177673,10.667629383078747,10.566841457148257
mt-bench,29,1,2,0,20.307025855345273,20.22091729713793,9.58678807819524,9.486945406479208,9.043583183483861,8.942576777371869
mt-bench,29,1,2,1,20.452242761621164,20.37019667977802,10.51096596484058,10.406120500192628,10.648263679740921,10.54605817216725
mt-bench,29,2,0,0,20.314263632826624,20.23285541781661,10.223482843684906,10.024842644270393,8.927776308610191,8.827873969039501
mt-bench,29,2,0,1,20.529362062461587,20.44591568346732,10.563828187514446,10.363967253852024,9.96400545727738,9.86289471074997
mt-bench,29,2,1,0,20.380268832013826,20.297956058584532,10.273179203068139,10.072486593799113,8.994549441467825,8.89470773836365
mt-bench,29,2,1,1,20.513852917702025,20.43150305053132,10.424826679354737,10.322287390408746,9.983738316350355,9.780763703020057
mt-bench,29,2,2,0,20.370752789403923,20.288667691602313,10.174176363307197,10.072984281123354,9.084313179755554,8.87866777338786
mt-bench,29,2,2,1,20.496218461175886,20.414431980498193,10.383706187440112,10.283118640927569,9.938070839780266,9.739320507833327
mt-bench,30,1,0,0,20.833735072731294,20.01377649139613,11.293006813982604,10.991117768603694,15.561724406574944,15.263332242074494
mt-bench,30,1,0,1,20.991127417338166,20.16400987367061,11.507116474172811,11.226937969301627,10.821169711870409,10.359353271423506
mt-bench,30,1,1,0,20.31561685302718,19.899544346315615,11.222101978261719,10.925136747063844,15.487188680588709,15.188819374428592
mt-bench,30,1,1,1,20.556509054519914,20.146193490786988,11.69979786524338,11.17743618459892,10.801548931463543,10.33673037269737
mt-bench,30,1,2,0,20.429612672887743,20.020741617984392,11.543866330092508,10.975664539088669,15.516646824275645,15.218561670006057
mt-bench,30,1,2,1,20.58244801803746,20.17200519965792,11.733699351136295,11.209303969229312,10.84236776400989,10.382090101286895
mt-bench,30,2,0,0,20.494889218190853,20.085827927951787,11.585470945267314,11.01473212027206,11.280652693380693,10.98217731879021
mt-bench,30,2,0,1,20.778415726751767,20.367357274517417,12.080417148271492,11.768885579923253,12.024332710407368,11.503923278705207
mt-bench,30,2,1,0,20.56550105441023,20.149828053333543,11.318151099648286,11.01874861646198,11.558656318491877,11.000852307795986
mt-bench,30,2,1,1,20.716432964598592,20.30575398186391,12.061794896991076,11.751201444316063,12.017990803326835,11.479527978754613
mt-bench,30,2,2,0,20.510236218317665,20.099112890999425,11.310524000161951,11.010948966441493,11.538696549525792,10.968783220460455
mt-bench,30,2,2,1,21.179273235611618,20.336410945112053,12.091373716512779,11.780337909427047,11.827906226432047,11.545620382206572
mt-bench,31,1,0,0,19.4523536520137,19.367018237971934,12.741767039187835,12.643094663872034,12.472847246044694,12.372384269383474
mt-bench,31,1,0,1,19.730994773453858,19.649854140425305,13.204319023316202,13.006372656036547,13.100200613280322,12.999422077882627
mt-bench,31,1,1,0,19.639204640498065,19.55905841805361,12.909644316096092,12.705673003893025,12.480459605285432,12.379245804822858
mt-bench,31,1,1,1,19.626650824193348,19.54483441386401,13.242687195543112,13.031928906002577,13.082004210900777,12.984543089714862
mt-bench,31,1,2,0,19.449198957318004,19.369176722648263,12.919606913783355,12.718574706923391,12.469124012113753,12.371574687676912
mt-bench,31,1,2,1,19.54584905070078,19.464666601379577,13.041378703292139,12.941489277181972,13.115839699366916,12.912042929656309
mt-bench,31,2,0,0,20.207056175422622,20.124497609231184,12.874223156359221,12.773078140526195,12.860720828030026,12.657704085995647
mt-bench,31,2,0,1,19.553683492176788,19.473023503906006,13.385045941504359,13.287397871408757,11.621943773207022,11.416101402119239
mt-bench,31,2,1,0,19.534035843662423,19.45408691835837,12.853052183800173,12.755268089676974,12.442687769635086,12.252295941379998
mt-bench,31,2,1,1,19.733479433398315,19.552939242203138,13.417362535165012,13.316156644123112,11.5158741173218,11.416749226555112
mt-bench,31,2,2,0,19.531892226495984,19.354788293185266,12.783297304395091,12.685421347669035,12.241958878803416,12.144395734139835
mt-bench,31,2,2,1,19.89805025368696,19.724296761523874,13.467100613524963,13.369113359203766,11.568224226266466,11.468311523458397
alpaca,0,1,0,0,20.270846226594585,20.187859320230928,12.563950617277442,12.459597448923887,11.72533474618831,11.622275468653243
alpaca,0,1,0,1,20.454542531297193,20.371189136767498,13.415377960882324,13.31262996109217,13.338195078176796,13.237393894542038
alpaca,0,1,1,0,20.320053902651125,20.236398492215812,12.707610047073103,12.504591570177581,11.775110851431236,11.67417703936735
alpaca,0,1,1,1,20.571571378695808,20.488190718879196,13.533187910525157,13.427655074337963,13.4870790388959,13.29061147680477
alpaca,0,1,2,0,20.311346890593995,20.228227136612986,12.600792660123261,12.499086261868797,11.854816784762079,11.655726382741705
alpaca,0,1,2,1,20.41820687099971,20.334304261723446,13.438449156183196,13.33613160522873,13.456727167977078,13.244576312445133
alpaca,0,2,0,0,20.327830793121393,20.24550323449148,12.18701916786813,12.086302449461073,12.401020370816696,12.300349929773802
alpaca,0,2,0,1,20.596671874955064,20.512285418135434,13.08200428093187,12.977420179595356,14.03424815634935,13.930389081906469
alpaca,0,2,1,0,20.460269636714656,20.368278414025554,12.265166644738201,12.162485968929104,12.446534199170856,12.345604816800915
alpaca,0,2,1,1,20.632337249935517,20.456124300835654,13.05334203880193,12.951974898442131,14.033514066341013,13.930555914157594
alpaca,0,2,2,0,20.353784597318736,20.176676398477866,12.183935164102877,12.082414543328923,12.418811702900712,12.317135421653802
alpaca,0,2,2,1,20.566081054312235,20.482841773628024,13.181506203181925,12.976645609342086,14.050606359433004,13.948358992365684
alpaca,1,1,0,0,20.055280652140144,19.870988817116167,11.462002831915047,11.23250342402772,11.210176070731759,10.981818902166149
alpaca,1,1,0,1,20.302279627741832,20.11400117720189,10.988448801699318,10.760494516881439,10.348396142944694,10.05837514326181
alpaca,1,1,1,0,20.0823031305133,19.89767347847152,11.418353902192505,11.188755016897566,11.400996540483517,10.943048442013364
alpaca,1,1,1,1,20.257095176833722,20.068520088721296,10.981299388543542,10.756458284269119,10.606807934191938,10.03146986732935
alpaca,1,1,2,0,20.173047356428985,19.987607791857876,11.476731610863544,11.248012185632458,11.428047345530867,10.9678771505462
alpaca,1,1,2,1,20.299298406487942,20.096578211853263,11.143478586996808,10.91705869024234,10.313007769502372,10.026499066133422
alpaca,1,2,0,0,20.314466017905783,20.128787322091345,11.82572194684165,11.593345132351448,10.350388859036023,10.117733663574388
alpaca,1,2,0,1,20.420735415516305,20.230862300686404,13.241906184703112,12.98716969932746,11.142638500314206,10.90252786366777
alpaca,1,2,1,0,20.50707252169757,20.122450530407544,11.820460663514986,11.588996530724772,10.345147999901885,10.11164419443668
alpaca,1,2,1,1,20.45989469975332,20.270275300269766,13.520432340017367,13.018679243367782,11.164821736218238,10.924844117835164
alpaca,1,2,2,0,20.26697978195127,20.081197347937398,11.9954701770608,11.532949964697185,10.327293822929198,10.093496645701867
alpaca,1,2,2,1,20.348484062309485,20.158376681733778,13.543866388273688,13.022750097290768,11.123799563343214,10.884686063086107
alpaca,2,1,0,0,19.259080252924328,19.013610059754498,10.780538252768029,10.478857674647168,10.18194446946124,9.883018360607865
alpaca,2,1,0,1,19.38790818510045,19.09301505656913,7.2095783011718595,7.111298691597767,9.6333926924589,9.180523019114679
alpaca,2,1,1,0,19.26353118096265,19.01823713259031,10.804656674210207,10.50218922950058,10.492354892306478,9.877223325107831
alpaca,2,1,1,1,19.76384887072657,19.124079743466737,7.208684148736211,7.1082379804465745,9.621852200308984,9.16265158236704
alpaca,2,1,2,0,19.568691204066376,18.984130806716003,10.827158506207887,10.526333541429814,10.192670602721712,9.892460651673288
alpaca,2,1,2,1,19.66891680079113,19.03704341301428,7.193920906502171,7.09628575032184,9.607534908520227,9.144937073473226
alpaca,2,2,0,0,19.187675011961396,18.942801963470608,10.469512771310127,10.171455193692482,9.201823916084257,8.901200818279422
alpaca,2,2,0,1,19.4550144852006,19.161138756732853,8.726448644665652,8.62612841410737,8.625208365757176,8.271910958516766
alpaca,2,2,1,0,19.279580289800933,19.03455279464553,10.793410071889948,10.24629596441266,9.297455360843655,8.991751300889145
alpaca,2,2,1,1,19.408283327772683,19.117947157272802,8.788707340045221,8.589251543071441,8.612897422518843,8.257382634607419
alpaca,2,2,2,0,19.239083602912274,18.99320926483586,10.803719915180322,10.20061668620097,9.22321786694453,8.922733265502625
alpaca,2,2,2,1,19.426917514231587,19.134214229416102,8.664922132993524,8.566352257730614,8.60515878942441,8.235009323189063
alpaca,3,1,0,0,19.982094029811297,19.349069877838094,8.132427454587411,7.349262303305847,8.113568997941911,6.564277756930978
alpaca,3,1,0,1,21.009032792215677,19.807409421589814,7.8829231281434335,7.043783579231991,8.34977352577779,7.627679914649989
alpaca,3,1,1,0,21.457797029253207,20.06371272727847,8.355150306174023,7.459663242722551,7.354808360987315,6.575256392049293
alpaca,3,1,1,1,21.338511656626668,20.14904592100433,8.143329256845098,7.268183932249103,8.521881193802175,7.786336083275576
alpaca,3,1,2,0,21.03364539233911,19.666463270726982,8.172587484516429,7.389171634603179,7.353067394543552,6.565420390953395
alpaca,3,1,2,1,20.28980047294968,19.732490289147552,8.57348699918798,7.059711031615734,8.352868860432258,7.62946086211337
alpaca,3,2,0,0,20.215728542428803,19.577230150444493,8.965786063168762,7.407344151006052,7.340787726482659,6.536696120306399
alpaca,3,2,0,1,20.399206314897654,19.84149815919074,7.484377863066685,6.100231610212682,8.443175666292923,7.721784860930509
alpaca,3,2,1,0,20.237023000266742,19.595623273882225,9.063820971994463,7.46281175507289,7.407120361952393,6.6184496690490935
alpaca,3,2,1,1,20.362264053945086,19.801178156692337,6.846557332513233,6.121584527944733,9.136206971662533,7.7133489992573026
alpaca,3,2,2,0,20.14238684734499,19.505776059249357,8.218371909055294,7.436246699371347,8.136221302927218,6.55876057377706
alpaca,3,2,2,1,20.421092919270066,19.85846342224824,6.860541554892229,6.119291333662759,9.14349197410047,7.694871918324174
alpaca,4,1,0,0,20.4895750975993,20.310314332164126,12.461583851290925,12.358709734144213,11.59706396083493,11.494318390305125
alpaca,4,1,0,1,20.643825660044968,20.46767010142503,9.484706734383508,9.382834570260457,12.028890660076286,11.926015199151152
alpaca,4,1,1,0,20.242202214831195,20.155628581960627,12.377633148389577,12.27632080872354,11.525268003879319,11.424336738400598
alpaca,4,1,1,1,20.45506258173191,20.37215974587525,9.540329472656595,9.335937648756953,11.922097171918722,11.820105957212945
alpaca,4,1,2,0,20.328744948983513,20.244190968696785,12.514098676092544,12.30996692993358,11.564798413928656,11.461701449206885
alpaca,4,1,2,1,20.436050140688167,20.352682003704103,9.434858585791517,9.32853348831486,11.925185957352369,11.823067496152362
alpaca,4,2,0,0,20.441920672055858,20.358381300411565,12.734003628793289,12.534545214748505,11.739074300749053,11.636042015652492
alpaca,4,2,0,1,20.672597375323676,20.58876850787783,13.450645398734196,13.34583987500082,10.791963292831497,10.596436340165383
alpaca,4,2,1,0,20.46350319551493,20.38020101190341,12.639286070225353,12.535997578197566,11.845029062442336,11.641604484339041
alpaca,4,2,1,1,20.645588773732015,20.561883523441793,13.357455132791074,13.254405714633322,10.827045804489899,10.62425240615994
alpaca,4,2,2,0,20.4820740705145,20.398808617301256,12.614324578407832,12.51244999230039,11.819638152246625,11.615688566507743
alpaca,4,2,2,1,20.643001648295467,20.466471589770663,13.325514410098549,13.221205097579514,10.713291035244765,10.61045591814036
alpaca,5,1,0,0,19.39529516039329,19.311481359181926,8.731170011742506,8.633049519630731,8.06318763670788,7.964458578044287
alpaca,5,1,0,1,19.878630258062913,19.7967316953509,11.56653696898502,11.371284277629456,10.196738211107004,10.096380339746247
alpaca,5,1,1,0,19.433317031143815,19.353673867044563,8.686657336056669,8.58443640618134,8.075122409991309,7.9761018123463145
alpaca,5,1,1,1,19.555674796720268,19.475263496133266,11.505823711104313,11.27911791763836,10.138657488369063,10.039870441232779
alpaca,5,1,2,0,19.424022945258912,19.344467503742635,8.823846652376233,8.616304796760232,8.097059726878797,8.000026480658562
alpaca,5,1,2,1,19.540240597507363,19.460465332031163,11.39981351161623,11.301160191578674,10.221102722425712,10.020949288900738
alpaca,5,2,0,0,19.574714632653922,19.49531465243126,9.079118046884105,8.980586976576888,9.134618288953789,8.929166152483958
alpaca,5,2,0,1,19.610013308465568,19.53036932809482,12.044517843605718,11.94633260183764,9.950415370894916,9.749889617523877
alpaca,5,2,1,0,19.49435267943045,19.414795191551093,9.081767933366791,8.983048105619673,9.08911492979314,8.892024187389325
alpaca,5,2,1,1,19.91598497670566,19.739045159894886,12.101048609110876,11.998255820344639,9.854407933744369,9.75503059771654
alpaca,5,2,2,0,19.58436294535204,19.411213625062373,9.059167597570195,8.959997714555357,8.92935435513209,8.832119121052528
alpaca,5,2,2,1,19.624740238214144,19.46686468363623,12.00625345336448,11.907867445188458,9.819472883009439,9.719641035189852
alpaca,6,1,0,0,20.353398324611288,13.371718348935246,26.175575330853462,8.198257652111351,16.603437640393775,8.081536662454406
alpaca,6,1,0,1,20.896962688614924,13.604210689663887,25.527115678414702,8.255710980544487,16.73040601114432,8.14394400610278
alpaca,6,1,1,0,20.439585981269676,13.434950999605158,25.676873008099694,8.179707646680376,16.713397693820298,8.15950733764718
alpaca,6,1,1,1,20.925054986340303,13.57853269049277,16.888592663841944,8.201453330305716,17.62519000718991,8.561685021656254
alpaca,6,1,2,0,20.527224987745285,13.508192690399786,16.76287967711687,8.128703998712203,25.33161100776245,8.161979999082783
alpaca,6,1,2,1,20.683081354945898,13.59101664274931,16.78694897176077,8.181145686345795,25.390195311047137,8.22304499646028
alpaca,6,2,0,0,20.488404009180766,13.481446347820262,16.761307682221133,8.091631694696844,26.425612973980606,8.282837690785527
alpaca,6,2,0,1,28.873545001260936,13.838807004503906,17.082861663463216,8.292588987387717,16.893024633949,8.221876691095531
alpaca,6,2,1,0,29.45840898125122,14.305307995527983,16.765210311859846,8.099216657380262,16.748004670565326,8.157106659685573
alpaca,6,2,1,1,29.80330598074943,14.146651645811895,16.86869200784713,8.182885008864105,16.973828974490363,8.21349765950193
alpaca,6,2,2,0,21.07080731851359,13.60906264744699,16.677563660778105,8.06565365443627,16.76828565541655,8.164401321361462
alpaca,6,2,2,1,20.771112021369238,13.673785026185215,25.407952644551795,8.349427332480749,17.12577898676197,8.291407333066067
alpaca,7,1,0,0,20.1994230002655,19.64086568362913,13.865403056011669,12.646430657644357,11.779250231172357,11.035654743734215
alpaca,7,1,0,1,20.389006712606975,19.780505914241076,12.678830887723182,11.922606769283966,12.81058347563092,12.140637808419669
alpaca,7,1,1,0,20.093286841936212,19.538320104689582,13.22372220123985,12.486836969453309,11.729804170317948,10.96154034270772
alpaca,7,1,1,1,20.2833466298346,19.679501369994664,12.52054031273084,11.77810791414231,12.420699409304712,12.074275539280514
alpaca,7,1,2,0,20.281950734849822,19.727013763162848,13.315139627749366,12.57732668558934,12.4519630568102,10.982614885350424
alpaca,7,1,2,1,21.126328229105898,19.85010908517454,12.620842859282025,11.869687543782806,12.413419524912173,12.08029826804518
alpaca,7,2,0,0,21.11099094863197,19.878504708973004,12.716515402176551,11.961176086749349,11.794845257619661,11.041468544863164
alpaca,7,2,0,1,21.20478628535888,19.92170514339315,13.486866486657943,12.731851085222193,11.129868802215372,10.36590031414692
alpaca,7,2,1,0,20.920852870116697,19.759064053160774,12.482444512923914,11.740311171992548,11.81651762952762,11.062698285760625
alpaca,7,2,1,1,20.49283963029406,19.88150914133127,14.197932829016022,12.722767829628927,11.072974226304463,10.322483286394604
alpaca,7,2,2,0,20.37216468383313,19.817091971880902,13.38561299988734,11.833705284100557,11.75953963039709,11.005771173430341
alpaca,7,2,2,1,20.41895394546113,19.810595942128984,14.152163230547947,12.680143227667681,11.004674428009562,10.25459211253162
alpaca,8,1,0,0,19.50985413259332,19.43011575804121,10.562070461219264,10.463635163887375,10.466312714925152,10.26967578491167
alpaca,8,1,0,1,19.576577105453907,19.49580158589015,11.731172664440237,11.63152096887643,10.559502683463506,10.357752081745275
alpaca,8,1,1,0,19.359711410288583,19.279136542991182,10.575429777418321,10.477623769929778,10.461009449500125,10.264354109494889
alpaca,8,1,1,1,19.69914276196505,19.523247976849234,11.722173839643801,11.622015367265703,10.359559886637726,10.260641508011759
alpaca,8,1,2,0,19.533789828074077,19.359888241979206,10.594376023163932,10.495862015432067,10.38571851540837,10.287236074418615
alpaca,8,1,2,1,19.526655613390176,19.44234482016327,11.685141968882817,11.587143222641316,10.337178019653948,10.237369652713824
alpaca,8,2,0,0,19.569641429825424,19.39333378095398,10.929784019481303,10.832726793069014,10.19779171110713,10.099015746163786
alpaca,8,2,0,1,19.651912167773844,19.57064846465073,11.843673136354482,11.647159902622661,11.436350734584266,11.336351180034399
alpaca,8,2,1,0,19.424925449584407,19.345402238286624,11.058132179641689,10.860116187359381,10.189976769197528,10.09255465987735
alpaca,8,2,1,1,19.661358847770316,19.581041160108725,11.869777277297544,11.671442375245533,11.4544158359422,11.356441804764472
alpaca,8,2,2,0,19.446666656222078,19.36685796454185,11.010121648268978,10.81245144132481,10.183841300658969,10.086543785291724
alpaca,8,2,2,1,19.61825862099431,19.538080476650066,11.759816191442951,11.661157585876936,11.517895460656291,11.3185169298049
alpaca,9,1,0,0,19.925920836798543,19.503618958786284,9.442310243350814,8.92018451241358,8.273671041432845,7.207194713837638
alpaca,9,1,0,1,20.81389888965835,19.802714400510823,11.431595891504092,11.175586234814688,11.803414329763624,11.516786857180625
alpaca,9,1,1,0,20.724691243899265,19.803124612995557,9.570232041332186,9.032318368554115,7.764689876146766,7.232689305816834
alpaca,9,1,1,1,21.0118400450382,20.006997911776935,11.463932892736779,11.20809899008486,11.862347922083195,11.570244472330579
alpaca,9,1,2,0,20.651769163847273,19.719656896587388,9.447569122575985,8.921106286555986,7.726704286012266,7.199328673091165
alpaca,9,1,2,1,20.392374399428565,19.86884917649958,11.60685331378059,11.104501745042702,11.829078967611377,11.540147527069836
alpaca,9,2,0,0,20.34711159233536,19.911871182409172,9.47868628712485,8.437967816443772,8.974907328184617,8.434341773770901
alpaca,9,2,0,1,20.461069332021808,19.985920599558284,11.30982474382736,10.843010150530763,11.29630179505567,10.758930610549845
alpaca,9,2,1,0,20.185105918374443,19.75236514260118,9.454425571638406,8.385086938149618,8.943562754619943,8.41208157006043
alpaca,9,2,1,1,20.314421688413454,19.839124935161735,11.064790406643487,10.833522680924332,11.82651775413934,10.75722144831124
alpaca,9,2,2,0,20.1029452252943,19.670320712790197,8.913110019829201,8.385082550004734,8.93343202009493,8.381848938630096
alpaca,9,2,2,1,20.442360556787914,19.965032089708583,11.115737379924187,10.877825124024422,11.867044816667937,10.779779406777603
alpaca,10,1,0,0,20.47006352513563,19.904450674948748,12.758517255767797,12.424049242280232,13.117496128707456,12.78418651334225
alpaca,10,1,0,1,20.727638729405985,19.96284205135021,12.497548176421938,12.225615749533366,13.560092294564805,13.223501332760907
alpaca,10,1,1,0,20.48187903710641,19.90995031228522,12.664746321463145,12.332099716728315,13.031400293887904,12.696839025757539
alpaca,10,1,1,1,20.327987001372218,19.96703434072561,12.499606312000347,12.210349019975789,13.523037460310242,13.185701653874743
alpaca,10,1,2,0,20.197154750349,19.932142437028233,13.097925448957353,12.434881346192785,13.121648140860579,12.78719961649189
alpaca,10,1,2,1,20.27213137391639,19.91101039052641,12.713225354673341,12.178804447709505,13.533046757145666,13.196838307731714
alpaca,10,2,0,0,20.283108386502136,20.016279512492474,12.806438654362678,12.14367066635392,12.437906140127243,12.103091832847358
alpaca,10,2,0,1,20.623296303911356,20.256584559535703,13.107155958407443,12.734195876113866,11.013538192139205,10.49026379813299
alpaca,10,2,1,0,20.52163758635288,20.255674136569723,12.416222371543066,12.080752204220074,12.764274678491534,12.079056332974384
alpaca,10,2,1,1,20.457183983634714,20.094086254268127,12.980185699496062,12.621098123044286,10.67576573743024,10.398623212522857
alpaca,10,2,2,0,20.207018913060892,19.94231243734248,12.389251256349663,12.05450164166112,12.726341410038563,12.05983205149189
alpaca,10,2,2,1,20.940811286475192,20.1673652874148,13.025550932419321,12.657331095447075,10.673424192572558,10.407794424511417
alpaca,11,1,0,0,19.495487137598108,19.156395999771604,10.700101069288456,10.509982313214312,9.894453641382679,9.70359615277755
alpaca,11,1,0,1,19.468923500853077,19.25932577507076,10.948947425491697,10.73946854315962,11.100881088535347,10.961110165949849
alpaca,11,1,1,0,19.268430618370193,19.112561886262803,10.880486007943352,10.508969114233121,9.922347015537719,9.728219961740418
alpaca,11,1,1,1,19.479046489007544,19.26942331697412,11.162975936849403,10.757107330728175,11.112765497167837,10.973631044160268
alpaca,11,1,2,0,19.459906839303503,19.3037748246148,10.980197015211328,10.603925648664358,10.013621549285551,9.817105374043052
alpaca,11,1,2,1,19.26596788808285,19.059865204474832,10.87812872376205,10.680531158009325,11.136918613630558,10.853269657773577
alpaca,11,2,0,0,19.22938424404284,19.074344625412166,11.341449137215452,11.151382129084858,10.337953596155494,9.927810229297073
alpaca,11,2,0,1,19.42733970437465,19.21796181704849,10.537103264747808,10.34639835548164,11.009247696218903,10.509403382528427
alpaca,11,2,1,0,19.388848671312836,19.232674213019664,11.40070506922531,11.209837923480467,10.37737367166391,9.986562083852085
alpaca,11,2,1,1,19.75407220461235,19.295881132889843,10.582353727482824,10.387979097713746,10.829368196473474,10.581123892573968
alpaca,11,2,2,0,19.422291473215374,19.092374679433426,11.35533358741779,11.165340114669263,10.13735564112777,9.947616595398095
alpaca,11,2,2,1,19.763330133080636,19.298100285707232,10.571095121452924,10.37969925814788,10.786228893123859,10.54030874465574
alpaca,12,1,0,0,20.086251211068884,20.00454814060504,10.322696894490946,10.120722769443091,9.27853699249681,9.177026863653737
alpaca,12,1,0,1,20.43819067603181,20.354755128664692,12.063965941251809,11.856749355501961,10.959719109450816,10.858553703201324
alpaca,12,1,1,0,20.277303457078233,20.193732273128262,10.338021550978738,10.230175574179157,9.371627711061592,9.271042707041488
alpaca,12,1,1,1,20.5460261367989,20.462538988340384,11.983145569956832,11.878915039233107,11.074447636929108,10.870066261759348
alpaca,12,1,2,0,20.230159445418394,20.14750988655578,10.347594601626042,10.246546531107015,9.496063449205394,9.289204449032695
alpaca,12,1,2,1,20.440916754068894,20.357712925942906,11.963027433466777,11.859794964948378,11.056430820644891,10.840836023362499
alpaca,12,2,0,0,20.44647959382928,20.363611226912326,10.193701355547091,10.091452230426512,9.795663218483242,9.683620706709917
alpaca,12,2,0,1,20.72186553141364,20.544557636640093,10.43510521094504,10.33150339844724,10.75030213314676,10.648210707131511
alpaca,12,2,1,0,20.452487894544902,20.276836808534426,10.158258835872402,10.056760281258903,9.728995121349726,9.628081070331973
alpaca,12,2,1,1,21.01788789832426,20.92719994880099,10.462506277690409,10.360589207266457,10.825089808804478,10.719137062551454
alpaca,12,2,2,0,20.449972781534598,20.274043843983236,10.157099890420795,10.055441054646508,9.72813106227477,9.625865617181262
alpaca,12,2,2,1,20.501739953033393,20.418271343714878,10.500689101718308,10.29944930860438,10.756198648323334,10.654307671757124
alpaca,13,1,0,0,20.28390055703413,19.104934834306025,13.40693899611425,10.540643551697334,11.932826167645139,10.494581947568804
alpaca,13,1,0,1,20.431663886281765,19.241334999808007,12.124044160979489,10.664024551968195,13.366902169461051,10.619311554667851
alpaca,13,1,1,0,20.132769610629314,18.96045661608999,11.962387167538205,10.521404277015892,13.401198000388426,10.500351109334993
alpaca,13,1,1,1,21.008261052581172,19.8206828855392,12.164731943307238,10.64187605192678,14.269997611538404,11.15088344603363
alpaca,13,1,2,0,20.273881608672028,19.094652166434873,11.989164224360138,10.545391169014492,12.175942719396618,10.60215260885242
alpaca,13,1,2,1,21.93598955636844,19.416314278108377,12.09286272448177,10.618192331296287,12.040889498570728,10.596152168646869
alpaca,13,2,0,0,21.710237501085633,19.205574612391903,10.585024558369899,9.113658614094474,13.643056057238331,12.191825727414754
alpaca,13,2,0,1,22.193739779241795,19.62986895038436,10.7252731686458,9.209043999564729,13.708357725085484,12.225615837249078
alpaca,13,2,1,0,21.831858612131327,19.294496276415884,10.63065694567437,9.150877226299295,13.681108830496669,12.220238445378426
alpaca,13,2,1,1,20.466055889200007,19.272938946313744,12.024379167188373,9.10463217102612,13.649409727400375,12.184304224016765
alpaca,13,2,2,0,20.408974831096,19.231850106734782,11.866504947344461,9.02512433498891,13.593017168912208,12.131002886841694
alpaca,13,2,2,1,20.581342997805525,19.39183978053431,12.068513334573558,9.135583331549746,13.702113388313187,12.228985886192985
alpaca,14,1,0,0,19.438036277279025,19.35818069932793,13.905325581617944,13.806312585984415,13.248675296836154,13.049718296770152
alpaca,14,1,0,1,19.65467871468718,19.57366573060426,14.56830395727593,14.46892594503879,12.680229488069017,12.469276300635102
alpaca,14,1,1,0,19.5145371289982,19.43481044509099,12.899347570055397,12.801077039512165,13.289432445617422,13.089599390696094
alpaca,14,1,1,1,19.81355414045538,19.639813671801676,14.613661226576369,14.51442112102086,12.60313067223251,12.50488333607791
alpaca,14,1,2,0,19.522577187217394,19.34913237073488,12.951863843682077,12.851784292706725,13.247362648598937,13.148396086307912
alpaca,14,1,2,1,19.774895566570194,19.58908954702565,14.530958472732891,14.432752847369557,12.56348343758873,12.465304379020381
alpaca,14,2,0,0,19.486433265683445,19.327209582115756,13.060602425412071,12.962620695361693,12.528049292996002,12.430504382791696
alpaca,14,2,0,1,19.618764238202857,19.53829441799826,13.637320445468504,13.43607248054468,13.953299870991032,13.85483678905075
alpaca,14,2,1,0,19.53669784415979,19.456998542864312,13.265560007766908,13.066572449133673,12.63872170693503,12.540655703105585
alpaca,14,2,1,1,19.622796968633338,19.54263517200161,13.75619734335487,13.54786527735996,13.988296211209672,13.88833288274327
alpaca,14,2,2,0,19.561886750125268,19.482049187445227,13.163118898773973,13.060728581876901,12.65064723429532,12.553112769637664
alpaca,14,2,2,1,19.656731554732687,19.57632662879405,13.565411519721238,13.466796218835952,14.049798773612565,13.848539304945007
alpaca,15,1,0,0,19.85526389669245,19.587180474235748,9.396111397132373,9.066580499235828,8.64397294861145,8.002439025753679
alpaca,15,1,0,1,20.520675160241808,20.341033023669297,12.379501047234953,12.27741207821964,11.219388181121932,11.095755704722944
alpaca,15,1,1,0,20.45237535957056,19.865987359737165,9.487476270013035,9.1552603064487,8.444391525326632,8.109195217585716
alpaca,15,1,1,1,20.624923304694676,20.446807312509918,12.42025847250261,12.318909390614863,11.262619118982306,11.137573671571555
alpaca,15,1,2,0,20.53568220566003,19.907729089773525,9.511639923752787,9.177875397607492,8.434788435876657,8.101870678962232
alpaca,15,1,2,1,20.40913207019912,20.326290226421406,13.11513261316577,12.913316925732943,11.206699490347612,11.081985076002422
alpaca,15,2,0,0,20.111573871989282,19.840192167649572,10.568584910987948,9.915461333898397,9.541585320571008,9.203599731569202
alpaca,15,2,0,1,20.58573030080879,20.50147313684647,11.86496642549173,11.659881980449427,10.678657406538536,10.454770626492357
alpaca,15,2,1,0,20.28052220479227,20.00990639685486,10.336575116245793,9.963378307218544,9.798335641300163,9.46540503989523
alpaca,15,2,1,1,20.887567710815347,20.80411573069796,12.271859375232452,12.165478687620634,10.917956152559904,10.48009529694031
alpaca,15,2,2,0,20.25110624396266,19.979168166919877,10.281116050930741,9.942574359369107,10.074903860162848,9.40092588410689
alpaca,15,2,2,1,20.50443830103177,20.42034277747007,11.765244597427227,11.662745882858871,10.85648215198258,10.410985483203904
alpaca,16,1,0,0,20.47867241799395,20.303261542721884,7.616304687871889,7.513932683650637,8.249694234564231,8.147401062615245
alpaca,16,1,0,1,20.583572925716,20.40658381611138,7.932192929729354,7.830515429759544,6.728815882524941,6.626508500175987
alpaca,16,1,1,0,20.41604428904975,20.2423467344488,7.562522285297746,7.461531984517933,8.191232370791113,8.089526160347305
alpaca,16,1,1,1,20.553704499889136,20.46988634765512,8.19039126554344,7.976663652243587,6.753620242307079,6.650730812452821
alpaca,16,1,2,0,20.34647028949621,20.26368212500529,7.555524925919599,7.44929176153164,8.239585777118918,8.13704281245009
alpaca,16,1,2,1,20.720018875181268,20.634858566609182,8.116236386740638,7.91049162080526,6.792841304559261,6.690044015613239
alpaca,16,2,0,0,20.614933402157476,20.530581609364162,7.881301648467343,7.676071210880764,7.222057828130346,7.12046601165639
alpaca,16,2,0,1,20.756926683588972,20.673365992024628,6.80539331278851,6.699631515402871,8.11692914021478,7.915302172023075
alpaca,16,2,1,0,20.536916464607202,20.453409480523987,7.732309464699938,7.630248433542874,7.302491366772301,7.0861531094124075
alpaca,16,2,1,1,20.657351449244743,20.57311043745358,6.782021113394876,6.679184117274417,7.983820601566549,7.876249461332918
alpaca,16,2,2,0,20.34656503883525,20.263339800749236,7.701078652189608,7.599698906233243,7.2491776404604025,7.043482667995704
alpaca,16,2,2,1,20.81859768350114,20.64156844153331,6.788393484384869,6.684713199319958,7.966872465203778,7.864285566483886
alpaca,17,1,0,0,19.394015254738143,19.2624476066699,11.281770930593199,11.13527687266469,10.805032734161598,10.65739760689459
alpaca,17,1,0,1,19.659910364831262,19.562112317548543,11.921620674602652,11.676821108129895,10.37219224406326,10.25095748276178
alpaca,17,1,1,0,19.37071241053478,19.252337595431747,11.239802780442716,11.086427728440935,10.657839248269108,10.510316699328751
alpaca,17,1,1,1,19.631696777237288,19.534636696610793,11.909686773576123,11.670248235909725,10.379841215306955,10.257211205790167
alpaca,17,1,2,0,19.456542415996594,19.337818930275482,11.583460341449934,11.28721846243356,10.840177311928072,10.691521468577701
alpaca,17,1,2,1,19.457173938708493,19.359951545329878,11.718109112786445,11.599169108348915,10.479515986004621,10.235400325685525
alpaca,17,2,0,0,19.30080847397468,19.183345196897843,9.980401450854247,9.835308503138839,10.189910890329951,9.892951572620756
alpaca,17,2,0,1,19.58154879622956,19.484386488053755,10.339347222017953,10.222047629347934,10.583816257301514,10.368040008352526
alpaca,17,2,1,0,19.345876289063234,19.22752225443161,10.029106034838051,9.884820011514373,10.188182023208524,9.894760005913588
alpaca,17,2,1,1,19.576926166147558,19.47389920826966,10.361373009530965,10.242085907116738,10.437885518893127,10.33114005058988
alpaca,17,2,2,0,19.601508948112155,19.344310352923294,10.040290445100107,9.893633531557256,10.088575590062735,9.943554237097329
alpaca,17,2,2,1,19.98054187179883,19.770516393269233,10.617902652787356,10.497277347086412,10.735181607266707,10.625570726125082
alpaca,18,1,0,0,20.004921075599515,19.912478597463824,6.4168637742049395,6.183546756608495,5.93042917254966,5.815441637254625
alpaca,18,1,0,1,20.380228476369666,20.29720648079092,5.802873545811356,5.586540083459113,5.976849619109683,5.864163813810166
alpaca,18,1,1,0,20.39520678355614,20.300001229996077,6.499507093072696,6.266379712429722,5.977266809626985,5.862141530795962
alpaca,18,1,1,1,20.560144038881845,20.476672378663352,5.689905174949672,5.577984124829527,6.152846402432205,5.924465316166351
alpaca,18,1,2,0,20.283634008930385,20.189752747650893,6.364135552749895,6.2485171545840865,6.083722623988195,5.8569413011242535
alpaca,18,1,2,1,20.452710554764053,20.36984903497796,5.679557796005004,5.570491145772394,6.133049129794687,5.9080941771919075
alpaca,18,2,0,0,20.208380646092934,20.114707920197564,6.593626677120451,6.479717694754522,6.026822451370216,5.782729849235806
alpaca,18,2,0,1,21.390658683230868,21.19686360902051,6.763078575228564,6.642851385131346,5.862066965862132,5.730454898122879
alpaca,18,2,1,0,20.396091300990037,20.19628359311862,6.621726044243514,6.506223212494886,5.881240172620731,5.766615336472416
alpaca,18,2,1,1,20.64945064830681,20.471113941766816,6.564665079916275,6.449171739107047,5.6877328541798935,5.561298039149565
alpaca,18,2,2,0,20.48434153512384,20.284329570904042,6.637247964385402,6.522630040010487,5.8733958053501505,5.7582827166456365
alpaca,18,2,2,1,20.513335937721422,20.42797360536497,6.655813446701133,6.426868128355395,5.681732757066747,5.55537480610034
alpaca,19,1,0,0,20.22304045695925,20.11524775150577,10.529257670319096,10.264939994924717,9.716619756356412,9.584939477227742
alpaca,19,1,0,1,20.35474495264989,20.242668612718738,11.536249824566767,11.405035484931432,11.433879639953375,11.139826251726065
alpaca,19,1,1,0,20.13956708656293,20.031431883096054,10.366560943864362,10.231251878011498,9.846511167511911,9.5704059538474
alpaca,19,1,1,1,20.42552912047045,20.313286717434984,11.551817079889588,11.420785704976879,11.456549240143172,11.16589824536017
alpaca,19,1,2,0,20.223880715568924,20.111101269391057,10.40226628420033,10.26953209657222,9.83777228414275,9.57477602547479
alpaca,19,1,2,1,20.515422764629204,20.39600650814035,11.582485189428553,11.44893446995411,11.306295845258449,11.156338445975312
alpaca,19,2,0,0,20.526816858082707,20.296964802079582,10.507243700788786,10.373266791418988,9.90915760459369,9.774352243609803
alpaca,19,2,0,1,20.65251090049412,20.4159213249518,11.338367866766122,11.220739773578114,10.414411221419643,10.27666502056125
alpaca,19,2,1,0,20.484518574144182,20.253459116926198,10.459550147578309,10.32765695428107,9.888924563157037,9.753817538163498
alpaca,19,2,1,1,20.56932588978256,20.45590293176804,11.42566595123046,11.190388715929455,10.389038608241442,10.251298345764619
alpaca,19,2,2,0,20.36802314202949,20.25997801506561,10.588827796474213,10.322661406176193,9.895155801990915,9.760331273844777
alpaca,19,2,2,1,20.55939485889455,20.44630029875083,11.430502839696905,11.198743711122209,10.411643138702614,10.273312040863885
alpaca,20,1,0,0,19.53193361816161,18.925185736460502,8.61920152708669,7.879001588341506,8.601627617334838,7.800097498522304
alpaca,20,1,0,1,19.42189464656015,18.995076165689778,10.478308948222548,9.818019026792362,9.812578888210867,8.364767770815108
alpaca,20,1,1,0,19.62520685457789,19.003685382331778,8.756460207651424,8.005951558623243,9.462026119067827,7.9573866472963015
alpaca,20,1,1,1,19.978456395620015,19.04983133135829,10.454551025759429,9.784935290410527,9.042612400038966,8.32744648547045
alpaca,20,1,2,0,20.01587938010583,18.715623119051624,8.471631588797797,7.735661795938059,8.486556823995402,7.757195442750612
alpaca,20,1,2,1,19.841163749030482,18.91434231220046,10.41395586952077,9.7556589753367,9.027571540458926,8.310299712632384
alpaca,20,2,0,0,19.991977708688115,18.6955939998905,9.278253939769725,8.548001234885305,8.495153705178595,7.759801029939862
alpaca,20,2,0,1,19.507879311277065,19.081391124927904,10.431357849897308,8.87910815336826,9.159724687093071,8.433588141841549
alpaca,20,2,1,0,19.73094843903228,19.125285380355574,10.129435881561434,8.623548146501621,8.544940676074475,7.804231410024359
alpaca,20,2,1,1,19.449058624256093,19.018326168103766,9.837884999190768,8.87040806242801,9.089730284176767,8.375827715333019
alpaca,20,2,2,0,19.412203116671126,18.809059059576075,10.14337341150488,8.600709175773185,8.572360353462178,7.839776442030115
alpaca,20,2,2,1,19.448959229824442,19.02219393620423,9.626578969993826,8.864191484242452,9.14864425680467,8.395351715652005
alpaca,21,1,0,0,20.026220076765817,19.753109480786538,10.413387237349525,10.069915013828952,9.638413367180252,8.95600150014568
alpaca,21,1,0,1,20.59319878226497,19.918830392112877,11.572810802853814,11.228836605656207,9.673108987044543,9.322777879739029
alpaca,21,1,1,0,20.503210934943386,19.91543318175215,10.45453697320466,10.107850303603826,9.422951894138302,9.081927368625704
alpaca,21,1,1,1,20.683171072353918,20.01848410261606,11.742814183602796,11.400504592242404,9.672545648582682,9.316169282396299
alpaca,21,1,2,0,20.3975890400251,19.794760661973775,10.454190170429158,10.115129948213795,9.366760961711407,9.023906381212567
alpaca,21,1,2,1,20.507802522025894,20.191868390901472,11.949061828138502,11.352659276637592,9.887560689192567,9.527236972054517
alpaca,21,2,0,0,20.130427105219237,19.85473018109363,11.50202141970543,10.822242946903172,10.551591656526158,10.203449170436025
alpaca,21,2,0,1,21.092206217766996,20.768200275083277,13.511410080369744,12.68686624587376,10.783312666783297,10.39438637688864
alpaca,21,2,1,0,20.14730267631882,19.871804740751625,11.553509710785491,10.862995829053322,10.491053422140938,10.148794197256825
alpaca,21,2,1,1,20.255684449364416,19.947240724687234,12.650095966461373,12.220497082796742,10.69521095495725,10.036693811686575
alpaca,21,2,2,0,20.160407895319068,19.88448110384891,11.32432613246094,10.98192325106969,10.708854340727589,10.115293329459076
alpaca,21,2,2,1,20.615914305064667,20.30639520313159,12.755937490719141,12.330586590697287,10.8407040875729,10.077576870031224
alpaca,22,1,0,0,20.58002381699578,19.779820489336032,11.216320838703185,10.682139510041749,10.620600817135859,10.090271797392289
alpaca,22,1,0,1,20.744041325904583,19.8279616936129,10.51314168193556,9.961345339530801,9.100810872414746,8.433897537776293
alpaca,22,1,1,0,20.573018427596104,19.659310897660195,11.147179714480073,10.621230467222631,10.635356041032592,10.10159081636871
alpaca,22,1,1,1,20.35503489991688,19.91897730669957,11.132894064042162,9.99526708495823,9.15820812746787,8.485553359302381
alpaca,22,1,2,0,20.122634529668307,19.69036754999994,11.707188979703552,10.667707896981465,10.635870328287082,10.101902816558674
alpaca,22,1,2,1,20.285362715129647,19.854368245210118,11.038609872017293,9.93286855419741,9.094139617772248,8.428450229052359
alpaca,22,2,0,0,20.287034814531097,19.857641939092808,10.889498611950145,10.172926162711667,10.673220326401749,10.137095672021411
alpaca,22,2,0,1,20.50115406152089,20.06583167382573,9.693457891800158,9.118630826655451,9.964466077060653,8.606686794127409
alpaca,22,2,1,0,20.25876163352965,19.825598837959827,10.680444042046307,10.148735980655314,11.214824429028953,10.139092368225814
alpaca,22,2,1,1,20.359875244677674,19.92479585852398,9.622166849389348,9.053448956641976,9.875882076672637,8.530806666478897
alpaca,22,2,2,0,20.22732748906603,19.794738143492417,10.702928000756977,10.168302531012012,11.247679835888652,10.17653912410368
alpaca,22,2,2,1,21.005172838399908,20.08418447090959,9.624107302996613,9.051143044970281,9.179610511264167,8.503908998906038
alpaca,23,1,0,0,19.290544358433557,19.08760589661674,12.213023010383736,12.080452351043238,11.913999840815334,11.78135960598159
alpaca,23,1,0,1,19.541815917610247,19.461541760749387,11.089312714628047,10.888074472498532,11.087661768220324,10.945850407104876
alpaca,23,1,1,0,19.5338534430671,19.340927669787252,12.329136100696756,12.064817952279478,11.955969489521367,11.818610962747814
alpaca,23,1,1,1,19.53298808212447,19.452472933677626,11.055281809401801,10.849317301541479,11.030529502721366,10.888736864741324
alpaca,23,1,2,0,19.18984818017497,18.998866272598224,12.301093579809914,12.039274782279229,11.865763690946823,11.734635239105394
alpaca,23,1,2,1,19.428048929309142,19.348220698371094,10.879893575163026,10.779935512266729,11.14101295483083,10.850297558742264
alpaca,23,2,0,0,19.30882270724671,19.11790372654444,13.020864515713951,12.887847813544795,11.877714845777906,11.600424084772772
alpaca,23,2,0,1,19.566483243240736,19.486019666781466,11.857462191528612,11.759501343931333,12.999441328758298,12.643640308341087
alpaca,23,2,1,0,19.32880076368884,19.13638037677749,13.303903122234376,13.165287781838684,12.3555783406544,12.07319667570273
alpaca,23,2,1,1,19.678387808266518,19.502907286069412,11.852887003897195,11.753707933621627,12.843008260784849,12.671720102582483
alpaca,23,2,2,0,19.323491510047734,19.116421574990284,13.096102920207294,12.961672292650738,11.833131580212292,11.69945894705845
alpaca,23,2,2,1,19.57361185512341,19.40015231386996,11.813370257641509,11.716231539139699,12.836620787298944,12.664862883704625
alpaca,24,1,0,0,20.256981186537168,20.167592440838373,11.644864012788307,11.413787538787863,11.173811569059236,11.058762836157632
alpaca,24,1,0,1,20.36632003232916,20.251494707871586,11.642540637008354,11.398819716699983,10.656452968452959,10.53582598640239
alpaca,24,1,1,0,20.21850402105868,20.128182305212494,11.526207521393221,11.306923948597676,11.181441594842532,11.069478926746624
alpaca,24,1,1,1,20.368316957598275,20.254904383228734,11.605551976486513,11.481228584911287,10.783858164043494,10.545508899368754
alpaca,24,1,2,0,20.220008241190275,20.127344648629997,11.525270806079538,11.413450905318566,11.328129827924041,11.105463896769677
alpaca,24,1,2,1,20.383047936310835,20.268307271180674,11.590222641935501,11.467243014298871,10.764920488680334,10.548563977091074
alpaca,24,2,0,0,21.148882300683724,21.05465016951311,11.916794693739764,11.804192327464737,10.588890482502958,10.364371129604667
alpaca,24,2,0,1,21.318824499835596,21.06209797846609,11.353358122250444,11.22875626217911,10.99580927852499,10.840893908938266
alpaca,24,2,1,0,20.527077533928203,20.336455550593307,12.168518827569768,12.056278378967646,10.584185521644219,10.46941573290026
alpaca,24,2,1,1,20.35445838292288,20.23491281409193,10.96063718564252,10.841208077099056,10.565922761584675,10.416591534687376
alpaca,24,2,2,0,20.450520847126906,20.25776909727414,11.99809441359007,11.886396586336998,10.567600383716314,10.455398177045623
alpaca,24,2,2,1,20.41390144137388,20.30049067577644,11.077100461627024,10.84327665147081,10.576391721604688,10.426585579724897
alpaca,25,1,0,0,20.37712328767936,18.85639221706827,7.494489288157118,3.7431485751377687,9.582214789198977,7.7081765713436265
alpaca,25,1,0,1,20.336842214289522,18.823233782313764,5.69252428665225,3.7950400728732347,11.448994071023273,7.729708000884524
alpaca,25,1,1,0,20.230325362977705,18.70085749708648,5.602387503521251,3.7465512203717872,11.449473502580076,7.748839570142861
alpaca,25,1,1,1,20.49335292706798,18.97051642715399,5.62990436031084,3.762359789106995,11.480284006600934,7.771580712869763
alpaca,25,1,2,0,20.218167786619492,18.704116003521317,5.6035235757008195,3.7319052914556647,11.462562567820507,7.671732788107225
alpaca,25,1,2,1,22.122513926920615,18.94996015055637,5.610400361807218,3.741128503211907,9.625131929559368,7.759026143633362
alpaca,25,2,0,0,22.07189135619306,18.864455433296307,5.626986643099891,3.7405218546544865,7.587541426931109,5.73265171676342
alpaca,25,2,0,1,22.333137715967105,19.111049145327083,5.665350505816085,3.785946930292994,7.704945497347841,5.813902426910188
alpaca,25,2,1,0,22.17711485822552,18.967118571578926,5.631661641278437,3.7444556447943405,7.599938003945032,5.7313963604558795
alpaca,25,2,1,1,20.4909109327543,18.955910503531673,7.591296286721315,3.7801517922032093,7.649074000905135,5.76514086320198
alpaca,25,2,2,0,20.37846456680979,18.861229855766787,8.427485856892806,4.67075893123235,7.643726354997073,5.755711355180081
alpaca,25,2,2,1,20.44930857040786,18.91893085225352,7.420375144907406,3.7605010022941445,7.651961142463343,5.775524137009468
alpaca,26,1,0,0,19.47726994311731,18.240445367011585,9.549812842650633,8.238420527624456,8.702373260779208,5.932646944481683
alpaca,26,1,0,1,19.519246636742825,18.44552626196099,9.592541787577304,8.269844576716423,8.183791259254672,5.459698682994042
alpaca,26,1,1,0,19.336373575865046,18.269152895204332,9.54437258310224,8.22684200063936,7.100034842120581,5.480915736897211
alpaca,26,1,1,1,20.94084741915331,18.590888106509258,9.67690331469241,8.345214264026206,6.79113068250253,5.475201944232379
alpaca,26,1,2,0,20.705746731867915,18.348421944354318,9.574780626663644,8.25739779362553,6.729182051984887,5.4183278943559054
alpaca,26,1,2,1,20.824553579778264,18.45553862911306,9.53439094346801,8.232701055117344,6.734126370008054,5.413073789034235
alpaca,26,2,0,0,21.17314626536283,18.755235157808976,8.415438951679358,7.056005317472706,5.5269118962123205,4.169380102355622
alpaca,26,2,0,1,19.614904794204783,18.491539687506464,8.281463579470781,6.894744417973254,5.418323372539721,4.086921634887786
alpaca,26,2,1,0,19.3692083151913,18.300527627089696,9.366777682627895,6.8506686274256365,5.374855839794404,4.046138633336676
alpaca,26,2,1,1,19.59598837052717,18.52143405152387,8.311051948878326,6.927933470395051,5.4083643174779255,4.094227793087301
alpaca,26,2,2,0,19.35230305197796,18.284701736104722,9.542294949489204,6.8587788417445195,5.341409736214892,4.031115787495908
alpaca,26,2,2,1,19.534692529735988,18.444369896315038,8.214792316338341,6.888158680675061,5.485175318378759,4.104303367632
alpaca,27,1,0,0,20.170011211121164,20.080071812571987,10.987541277700075,10.887073097364919,10.529513699111703,10.325241140435537
alpaca,27,1,0,1,20.565642179462884,20.385474527301994,13.251082331862563,13.147438812211476,11.841760363040521,11.738814796899533
alpaca,27,1,1,0,20.428489679488848,20.25081403508011,11.141725269681046,11.037228754048556,10.457664773639408,10.354932453083165
alpaca,27,1,1,1,20.611681535228854,20.435921875105123,13.26844798086313,13.16554090635691,11.897594523361477,11.795183351750893
alpaca,27,1,2,0,20.462908050831174,20.28504284362498,11.07857253145994,10.977625781379174,10.46266410185126,10.361096312863083
alpaca,27,1,2,1,20.451999546821753,20.36872388680422,13.274239840029622,13.07698420714587,11.805788648416637,11.703645031047927
alpaca,27,2,0,0,21.239313140540617,21.154097359612933,11.468658968624368,11.267259953456232,11.073165023390175,10.971231289204297
alpaca,27,2,0,1,20.616610992419737,20.532527605155337,13.797877124943625,13.595743226233026,11.135438304791023,11.033001085706928
alpaca,27,2,1,0,20.568304460994113,20.48480276198461,11.31712157803122,11.116274046798935,10.993440409947652,10.88977466815777
alpaca,27,2,1,1,20.542025226404803,20.458264070384757,13.702947097954166,13.599317156149482,11.089152902513888,10.979553882862092
alpaca,27,2,2,0,20.379151703309617,20.296648441217258,11.166875632625306,11.064918339798169,11.05473398047252,10.854792640202504
alpaca,27,2,2,1,20.561220441322803,20.47788128538741,13.807271343921457,13.70436936713304,11.292198011688015,11.087171781127836
alpaca,28,1,0,0,20.413066000551602,20.07351536128698,11.764146239017206,11.57009028290996,11.744460999729363,11.552174104752936
alpaca,28,1,0,1,20.41339915056706,20.077870872494923,11.108154391210215,10.890975416987203,11.827852483457107,11.613986311770487
alpaca,28,1,1,0,20.58671862394654,20.24029399254324,12.02405167225776,11.827380671826148,11.971549178758607,11.774254478027682
alpaca,28,1,1,1,20.415601736333752,20.255340503955864,11.347861008835025,10.907040059100837,11.884491147328413,11.670326409464488
alpaca,28,1,2,0,20.222136774450483,20.063906639317207,11.930775634923588,11.540265589667513,11.786568358213877,11.59257076875265
alpaca,28,1,2,1,20.347389375924,20.186784271066795,11.434977416259548,11.001803100225516,11.81908083610145,11.604885335965847
alpaca,28,2,0,0,20.2831378796565,20.124193669569895,11.640696881040096,11.43817326884522,11.22780554535201,11.032589932785495
alpaca,28,2,0,1,20.62342960135381,20.461939331284146,12.092468985747155,11.899257671426643,10.939903180920204,10.7362495938358
alpaca,28,2,1,0,20.312894044682047,20.153168743805384,11.61330422462979,11.418280461907331,11.456150858690823,11.066917178860463
alpaca,28,2,1,1,20.447726436729607,20.286619194951328,12.125668329206276,11.941943419413393,11.098179805155535,10.712588390622539
alpaca,28,2,2,0,20.29460014274722,20.135260579225264,11.60173374575688,11.407119924821126,11.33631017934809,10.954676947466083
alpaca,28,2,2,1,20.603646308925928,20.262057188359137,12.079902957975083,11.896818244530188,10.892406601416774,10.696185706358374
alpaca,29,1,0,0,19.583119390517822,19.40889658226297,10.524995312607643,10.427399945456273,10.078490933665307,9.980253156300023
alpaca,29,1,0,1,19.633326422081154,19.552590340026654,12.28000384344341,12.078219906470622,10.695111175664351,10.597012855214416
alpaca,29,1,1,0,19.36927755468787,19.289651839699218,10.556446652572049,10.366017613250733,10.063334254027723,9.964476047116477
alpaca,29,1,1,1,19.71780965641301,19.637855480596045,12.250196667991986,12.047745050949743,10.654479781351256,10.556711953086051
alpaca,29,1,2,0,19.35298119133222,19.264719569946465,10.581068222563772,10.377065047123324,10.055751929485268,9.95945255863262
alpaca,29,1,2,1,19.479179343761643,19.3998139843643,12.088877339920145,11.991037226835033,10.64046085548398,10.535890253777325
alpaca,29,2,0,0,19.464586765479908,19.38512403103232,10.422694800581667,10.32382287485234,9.765184269781457,9.564796144331922
alpaca,29,2,0,1,19.774732484620472,19.691852968662715,11.261661292792269,11.163405593379139,11.855095253849868,11.677460699047515
alpaca,29,2,1,0,19.52510779710792,19.445430050836876,10.455730793182738,10.357439336075913,9.70333829673109,9.501517085936939
alpaca,29,2,1,1,19.64556621896918,19.47635494161659,11.251100132994907,11.152275769745756,11.734827316558949,11.635907574145676
alpaca,29,2,2,0,19.558908656108542,19.38740440982656,10.435386640438082,10.337126871036162,9.585260464973544,9.487223527230526
alpaca,29,2,2,1,19.70861141444402,19.53436292205879,11.223308331864246,11.124895601824392,11.732222277714754,11.63362371880794
alpaca,30,1,0,0,20.09308317610703,20.011659507872537,11.856630273541668,11.636804316367488,10.272409468598198,10.170097554691893
alpaca,30,1,0,1,20.436313870959566,20.35354823055968,11.736991293219035,11.525515765697492,11.456063886726042,11.35480596076377
alpaca,30,1,1,0,20.336282550942997,20.25388115998794,11.348634371188382,11.146062652642286,10.366956636971736,10.26539321492237
alpaca,30,1,1,1,20.50549530895296,20.422476672138146,11.656189418317808,11.555061179478798,11.642444464996515,11.439899347351457
alpaca,30,1,2,0,20.30732224238818,20.224697480443865,11.210508284875687,11.109359086276527,10.431565640828921,10.230652597783774
alpaca,30,1,2,1,20.41305709781227,20.330146128799242,11.640740327948151,11.538707503859769,11.60712364844585,11.405392464894248
alpaca,30,2,0,0,21.325001355307904,21.242376828467968,11.730986257589393,11.629398429704452,10.878159433559631,10.675971706859855
alpaca,30,2,0,1,20.773434378952516,20.59647833584677,13.052926390628272,12.94898457808813,11.141452297124488,11.037573039175186
alpaca,30,2,1,0,20.46736162083107,20.278963203054445,11.586156082103116,11.482156683541689,10.712093289384939,10.609220378682949
alpaca,30,2,1,1,20.57180794145097,20.395015726535348,12.91059172626774,12.809065007786558,11.086658132626326,10.984267699313932
alpaca,30,2,2,0,20.51852842578228,20.341462866781512,11.58957318375542,11.487941339964891,10.749941156518616,10.647045824043744
alpaca,30,2,2,1,20.528900410226925,20.444855082132563,13.060264976502367,12.856135476340569,11.114425324194599,11.011674589553877
alpaca,31,1,0,0,20.479862976571894,20.396024722231232,13.506966698969336,13.302733027558133,12.334746917986195,12.232485039021412
alpaca,31,1,0,1,20.476711953051563,20.393476077970263,10.430092261685786,10.327788632366719,11.285947691703768,11.0871772030805
alpaca,31,1,1,0,20.38229969139138,20.298334363360482,13.353264433590084,13.245187722532137,12.405576089804526,12.203469207179296
alpaca,31,1,1,1,20.584056077950663,20.500744577930163,10.465875406225678,10.363595011767757,11.22050210915404,11.114318031559378
alpaca,31,1,2,0,20.37556711320576,20.290989081786392,13.477421437528392,13.376109105138312,12.35718300767985,12.181552195215772
alpaca,31,1,2,1,20.604605988410185,20.4822843711554,10.457003820647515,10.354046843985998,11.214626523269544,11.112660441540356
alpaca,31,2,0,0,20.623117753530096,20.445893617306865,14.236388992230786,14.132858339962695,12.91882123450705,12.816864109481685
alpaca,31,2,0,1,20.813234511479095,20.633616913983133,13.464199175814429,13.359873273202538,12.173480004094017,12.064459894190804
alpaca,31,2,1,0,20.591639496160496,20.414379288922646,14.280209277330869,14.177596406170778,12.966716913979326,12.863153046964726
alpaca,31,2,1,1,20.557690257646755,20.473842800583952,13.44297607010958,13.334024585674342,12.125712793022103,12.023241894439707
alpaca,31,2,2,0,20.600335426024685,20.515910968697426,14.43394367925066,14.231580757950724,12.96861088667356,12.86549906262735
alpaca,31,2,2,1,20.57483109365421,20.49098763291113,13.520584042908013,13.31629622291075,12.117164988012519,12.014977519356762
gsm8k,0,1,0,0,19.538203387128306,19.458763191778417,7.175098132847779,7.078350390656851,6.48977812488738,6.3944251678549335
gsm8k,0,1,0,1,19.603104273301142,19.523879746429884,9.465462371281319,9.368793214889592,7.279203261987277,7.179792546594399
gsm8k,0,1,1,0,19.49940421491192,19.420872285081714,7.167544992171315,7.070712976201321,6.519286199363705,6.325545180061454
gsm8k,0,1,1,1,19.65788021470871,19.57328316393614,9.495564195731276,9.39725520720458,7.3124698083120165,7.214923484298197
gsm8k,0,1,2,0,19.49649385551311,19.326394589825213,7.142813847622165,7.046066464681644,6.431432953377225,6.335306413802755
gsm8k,0,1,2,1,19.6043228788767,19.43103259372947,9.447254461065313,9.350808698854962,7.282467070126586,7.184870210949157
gsm8k,0,2,0,0,19.490695824060822,19.412505855598283,6.443807711093541,6.347800179810292,5.819846765461989,5.723423339986766
gsm8k,0,2,0,1,19.69702625001446,19.61682139472032,8.192781972866214,8.094247734334203,8.70965602734941,8.611537519300327
gsm8k,0,2,1,0,19.566605277304916,19.48792633629637,6.549345773237292,6.355538843763497,5.881329058411211,5.783756488199288
gsm8k,0,2,1,1,19.65915721075362,19.58022052713204,8.286539144592098,8.088717195732897,8.693738242072868,8.59667267968689
gsm8k,0,2,2,0,19.616134671650798,19.536513335879135,6.43743448836176,6.337234394777624,5.838159812810773,5.741543629028456
gsm8k,0,2,2,1,19.710073457190447,19.630062633041234,8.454406667624426,8.349700628514256,8.712607054803811,8.610526699158072
gsm8k,1,1,0,0,20.162907179383183,20.0822301799235,5.467167804908968,5.367293206745671,4.701346214915247,4.601702586114698
gsm8k,1,1,0,1,20.53307653113734,20.449637265301135,5.853292050687742,5.7516990545991575,5.3209477810014505,5.219556882821053
gsm8k,1,1,1,0,20.406259511673852,20.232216363183397,5.49769581266446,5.395747480633872,4.724368668121315,4.623914910098392
gsm8k,1,1,1,1,20.634272531424358,20.456564179767156,5.862442488250963,5.761087890732597,5.3200088709672855,5.217105593601445
gsm8k,1,1,2,0,20.522556144442206,20.346319855434558,5.520861585864623,5.421188187938242,4.766820296936203,4.666252164042817
gsm8k,1,1,2,1,20.460939394524758,20.378031363179616,5.955564597570628,5.755779171977338,5.306983468926774,5.205974910040823
gsm8k,1,2,0,0,20.54610740242424,20.464033117150393,4.876570765645738,4.771370038724854,4.752290355099831,4.651059746265673
gsm8k,1,2,0,1,20.541142402180412,20.458635160139238,5.441720652015647,5.340231722584576,5.761900648394658,5.660456785335555
gsm8k,1,2,1,0,20.398436867253622,20.316433972311643,4.8322162774638855,4.637765808638505,4.745466949316324,4.645260839879484
gsm8k,1,2,1,1,20.551415344016277,20.46909047248846,5.440291949071252,5.338624156138394,5.760495410413569,5.654638394844369
gsm8k,1,2,2,0,20.397245718868362,20.315085035235825,4.754298562602344,4.652932273529586,4.752157863094908,4.646937140933005
gsm8k,1,2,2,1,20.569927269662003,20.4865410896673,5.445463601517986,5.344258023342263,5.860048769591231,5.658756558204914
gsm8k,2,1,0,0,20.678481626244395,20.5675172225591,7.676550804347212,7.5443712766305655,6.6766266227844895,6.543489934726801
gsm8k,2,1,0,1,20.37531575079467,20.264168502762914,7.757885300148993,7.622220430407345,5.859419207354222,5.756696515618387
gsm8k,2,1,1,0,20.497135257682377,20.268226651512464,7.667530763861559,7.535086346242633,6.68604840669575,6.552151617846784
gsm8k,2,1,1,1,20.455484885910593,20.343871087492133,7.914030782087016,7.64430919662118,5.85634148455938,5.753558855303709
gsm8k,2,1,2,0,20.330244221964456,20.221999136147776,7.663326783704773,7.526685261453067,6.701533110512786,6.5680842462870945
gsm8k,2,1,2,1,20.4344811967521,20.323006579787542,7.919770388603403,7.654290041316861,5.859173456883582,5.75674942592741
gsm8k,2,2,0,0,20.321371121393195,20.21297544941795,7.849559215969177,7.718388628256718,6.278324482644249,6.145979723560825
gsm8k,2,2,0,1,20.61401464773699,20.502058015846757,5.911126047067228,5.806083679999574,6.779328546599572,6.675771019672538
gsm8k,2,2,1,0,20.42366822269002,20.314942964827736,7.7122838140451275,7.579702969954054,6.437692336677269,6.17589810032435
gsm8k,2,2,1,1,20.50846926397475,20.3966096060476,5.885126066459634,5.78224599985333,6.857306460915424,6.6530381600387045
gsm8k,2,2,2,0,20.41722824761757,20.30872052530711,7.68965780419115,7.556094839495031,6.4152208994606035,6.150323125983041
gsm8k,2,2,2,1,20.616335829314558,20.37897489607875,5.905958801122324,5.802056617085327,6.764562824173481,6.660862038643245
gsm8k,3,1,0,0,19.540343456024843,19.35462827626694,5.670013627579054,5.564515351290546,5.482137146226625,5.371098618985594
gsm8k,3,1,0,1,19.6908326834091,19.61017226176409,5.996436565057813,5.763467959850826,5.131742914272763,5.031830984080443
gsm8k,3,1,1,0,19.887336832276354,19.79964754396122,5.887262665405558,5.673369167715498,5.46543674872775,5.356847188264037
gsm8k,3,1,1,1,19.597341152348235,19.516592820309597,5.981232986614241,5.756284430259714,5.096720366964291,4.997680793167092
gsm8k,3,1,2,0,19.469038104525453,19.382209313943765,5.788142439250729,5.572654862175052,5.459221129629091,5.3525955565312735
gsm8k,3,1,2,1,19.52145545692474,19.441451918282837,5.834696753338949,5.7214150939245325,5.200661496473913,5.000483492040075
gsm8k,3,2,0,0,19.357088982969305,19.272038623472387,6.680326937662757,6.575151183934703,6.013246552208166,5.800962920113618
gsm8k,3,2,0,1,19.693618859491835,19.612913254150044,6.486057687652647,6.386931937413465,7.5556334650173085,7.451926808244025
gsm8k,3,2,1,0,19.48429967781381,19.39816329731493,6.696911330946632,6.5911133134558355,5.921295523023911,5.70524906277828
gsm8k,3,2,1,1,19.779430421749566,19.601713464908244,6.496706168036326,6.3977822032939,7.559825640782947,7.461271327883878
gsm8k,3,2,2,0,19.528482075211706,19.34382481165386,6.68800578240274,6.5823828662204,5.7904431547689015,5.685180907866384
gsm8k,3,2,2,1,20.398610691245267,20.212243593505264,6.706126355766173,6.602964695048286,7.8149353671506105,7.709103976594633
gsm8k,4,1,0,0,20.298273062508088,20.2150987342975,5.337417433565861,5.136903574111784,5.164645304375881,5.061398281213769
gsm8k,4,1,0,1,20.471841903775076,20.37231555505476,6.70866687914895,6.5045059532167215,5.958936648312374,5.856347359440406
gsm8k,4,1,1,0,20.45314289853195,20.36879610932374,5.38342226172972,5.183415863484697,5.198800769903755,5.09738804294102
gsm8k,4,1,1,1,20.489400270856372,20.39009079800645,6.51541137131062,6.411594539258658,6.086218008022115,5.8830930388467095
gsm8k,4,1,2,0,20.55482953119281,20.467617800932203,5.314195062510407,5.211751429669675,5.304376519688958,5.104106468479586
gsm8k,4,1,2,1,20.548606371515593,20.44870395858456,6.506790515686589,6.40474247666134,6.0478601799331955,5.845894386766304
gsm8k,4,2,0,0,20.37413401194499,20.285791133119346,5.168188425614062,5.066366421942803,4.991912464902271,4.880188085735426
gsm8k,4,2,0,1,20.61626815595963,20.405482522686174,5.6447926758664835,5.541273132621427,5.873106245871895,5.769461480667815
gsm8k,4,2,1,0,20.439455312498467,20.26311848021578,5.198269476295536,5.0953358122569625,4.97223387901613,4.86863965215889
gsm8k,4,2,1,1,20.571572151261492,20.359009765985704,5.652410382936068,5.548750121306512,5.857458676018723,5.753035871293832
gsm8k,4,2,2,0,20.47956621481717,20.301547359395045,5.1767082968581235,5.074036074347532,4.975757050942775,4.873097504059842
gsm8k,4,2,2,1,20.777270587165454,20.675594692541406,5.963879640603409,5.752987617142935,5.836093222569616,5.732851672291872
gsm8k,5,1,0,0,20.432941781564296,20.350477734154993,7.8819119612489885,7.682416074203502,6.928593941665895,6.827676374996372
gsm8k,5,1,0,1,20.40971711721795,20.327484652170824,6.182156363138347,6.080984620894014,6.928212273578538,6.72747728503964
gsm8k,5,1,1,0,20.431046136764053,20.348673738226353,7.037186890556768,6.9345213123597205,7.033712636712153,6.829095008015429
gsm8k,5,1,1,1,20.592074902197055,20.5095599494598,6.182942269788327,6.082610570501856,6.93795772303929,6.7359286872488155
gsm8k,5,1,2,0,20.477268238209945,20.39413756256181,7.072953183524078,6.971354406232422,7.049252765682468,6.846797570233321
gsm8k,5,1,2,1,20.563594437589927,20.41093228126556,6.173108449274878,6.0716013322235085,6.852751542737678,6.751146113401774
gsm8k,5,2,0,0,20.531869140540948,20.357614245767763,7.461218859134533,7.360357551078778,7.062066089929431,6.96150452722577
gsm8k,5,2,0,1,20.858715609392675,20.684283734226483,6.690967285067018,6.589160890598578,5.802923296869267,5.700220597645966
gsm8k,5,2,1,0,20.766792777521914,20.590413297213672,7.532034554515121,7.429164421864698,7.133485570193443,7.026654870969651
gsm8k,5,2,1,1,20.64468611297343,20.561732456826576,6.733570312462689,6.532511886689463,5.786389777313161,5.682444992544333
gsm8k,5,2,2,0,20.485982808622794,20.403644515681663,7.570303445390891,7.369987526999466,7.086114824232936,6.984509664107463
gsm8k,5,2,2,1,20.674186507676495,20.590415495917114,6.760885219136981,6.558400410085596,5.809276468880853,5.706410957373009
gsm8k,6,1,0,0,19.576956620767305,19.49799151179832,6.977498632750212,6.879795523673238,6.125922917817661,5.931224980486149
gsm8k,6,1,0,1,19.722593672213407,19.64336612900297,5.84864482834746,5.751393402078975,6.154744898140052,5.955628968877136
gsm8k,6,1,1,0,19.725818523511407,19.645186734123854,6.977992538850231,6.880441441353469,6.113626015576301,5.9187551405557315
gsm8k,6,1,1,1,19.816223968518898,19.644313812477776,5.890407558581501,5.790195726603997,6.086826609134732,5.987881511373416
gsm8k,6,1,2,0,19.65133094563498,19.478246988455794,6.980556499911472,6.882666433284612,6.029335484072362,5.932387757638935
gsm8k,6,1,2,1,19.57582040995476,19.440853835931193,5.851422683917917,5.749490867401619,6.021261402111122,5.924101133132353
gsm8k,6,2,0,0,19.682549289427698,19.5075012579764,7.0753631675870565,6.9796728671462915,6.635302195263648,6.5385136917939235
gsm8k,6,2,0,1,19.654577902656456,19.5753580701421,5.537064253985591,5.340911050552677,6.072623414183909,5.974399090064253
gsm8k,6,2,1,0,19.605480918016838,19.525623140907555,7.207057874893508,7.011867863639054,6.668423570317827,6.571480297225207
gsm8k,6,2,1,1,19.759827632697124,19.680307226281002,5.554495035084983,5.353042460683355,6.113488097980735,6.016215585987084
gsm8k,6,2,2,0,19.57711029717757,19.498369414122863,7.170480160311854,6.9712570507363125,6.671250585895905,6.575149581749429
gsm8k,6,2,2,1,19.719328640803724,19.64020081641138,5.450367179946625,5.352418617349031,6.102934336013277,5.999793093906192
gsm8k,7,1,0,0,20.18611298085293,20.083731851366718,7.641612081431993,7.516853253437322,7.0947304498359705,6.852554488240888
gsm8k,7,1,0,1,20.717792000450228,20.500339056422302,8.136140698092982,8.0169177522908,6.995624301767668,6.8289450188196685
gsm8k,7,1,1,0,20.411847702909313,20.193487023667355,7.661267014389688,7.533837100334965,6.99152750226014,6.865744555311091
gsm8k,7,1,1,1,20.44327089613532,20.336291584722204,8.13625910820708,8.018105323866916,7.002257063264413,6.836508345825352
gsm8k,7,1,2,0,20.516757985340814,20.302947670216874,7.709235368456923,7.584376009426227,7.05436796604981,6.927626128932328
gsm8k,7,1,2,1,20.392386820980015,20.29079014165239,8.11108867564398,7.981372806285549,6.9913286979327784,6.826310906172642
gsm8k,7,2,0,0,21.387115593233176,21.28054935910681,8.21636092312117,7.963489880339737,6.582986277697438,6.45396092841981
gsm8k,7,2,0,1,20.52898738667246,20.426807099215267,8.30307511036485,8.020367110611161,5.611379259443354,5.472182248788023
gsm8k,7,2,1,0,20.60590081337982,20.50264828234608,7.3196449429554304,7.073593708022574,6.549052517018927,6.418032220199383
gsm8k,7,2,1,1,20.474243066207734,20.37222593866798,8.145192977637876,7.999295784283985,5.726815402143137,5.452416349379789
gsm8k,7,2,2,0,20.341243707958128,20.237450927950476,7.181539789564088,7.055766607576794,6.603092880380389,6.357078478364141
gsm8k,7,2,2,1,20.526003679546157,20.423935575823666,8.165225530691568,8.020145911852012,5.763139862754437,5.490807444349956
gsm8k,8,1,0,0,20.730573429773358,20.557207874844607,6.892284839977947,6.787658417579223,7.026176718682109,6.926242539066152
gsm8k,8,1,0,1,20.55657326536675,20.383567609314923,7.5872713005082915,7.486943554795289,7.287721457032603,7.186792148331733
gsm8k,8,1,1,0,20.528154390831332,20.35328258170921,6.7973055897709855,6.696554202790139,7.044397394565749,6.94128251143411
gsm8k,8,1,1,1,20.514943148555176,20.432586515653384,7.66338778885256,7.4654706795627135,7.280615125182521,7.179462199019326
gsm8k,8,1,2,0,20.534075824343745,20.45001927717749,7.005695062616724,6.804189957165363,7.048913120797806,6.948074973024632
gsm8k,8,1,2,1,20.639280160139606,20.556969152494275,7.703821820086887,7.503483535401756,7.320750429698819,7.219685339805437
gsm8k,8,2,0,0,20.680053632986528,20.59744546068032,7.691061433888535,7.489263234219834,6.897890480558999,6.796835484237818
gsm8k,8,2,0,1,20.752006152179092,20.66890008200062,9.309427093739941,9.206510449075722,6.654012410308496,6.456870304646145
gsm8k,8,2,1,0,20.565535535297386,20.481113398545858,7.3878771759154915,7.286404328169738,6.975215187139838,6.7753180233012245
gsm8k,8,2,1,1,20.6446448942188,20.5618011682418,9.27163472670145,9.169648179522483,6.630681953083695,6.430002062643325
gsm8k,8,2,2,0,20.57923378151827,20.496865914083173,7.372177679826564,7.2716585937087075,6.943757882709178,6.745992062406003
gsm8k,8,2,2,1,20.84247418360974,20.665166476646846,9.32074014463069,9.217703828198864,6.574269437351177,6.472224445133179
gsm8k,9,1,0,0,19.580049664030216,19.392637881358752,4.4663474264318035,4.362509713305893,4.053016037195463,3.9459209999863485
gsm8k,9,1,0,1,19.589005219490375,19.50640376495843,4.979863692813116,4.764821327724243,4.701133183516504,4.600842523814208
gsm8k,9,1,1,0,19.463133741528956,19.378840971020523,4.565088209108312,4.360169511990714,4.024374815463623,3.918416790958097
gsm8k,9,1,1,1,19.608240984139066,19.525395099637635,4.985516435849283,4.776517493955605,4.697131249940867,4.599082491949957
gsm8k,9,1,2,0,19.399194467190622,19.31533258604878,4.563609598067085,4.351709094318393,4.010573868758091,3.907488102711676
gsm8k,9,1,2,1,19.53167809531523,19.44744397618945,4.843833738903195,4.739259750798684,4.857617894685973,4.6524477384082275
gsm8k,9,2,0,0,19.595474397408637,19.511425229778027,4.796346036915774,4.693573360812286,4.482861102528137,4.270584823956835
gsm8k,9,2,0,1,19.600156705318188,19.51777184033299,5.18204900855618,5.068318328929243,4.908732320018316,4.709214281319873
gsm8k,9,2,1,0,19.502186770340977,19.417547582186852,4.802025422324106,4.69791680740452,4.505569405842298,4.291438344449996
gsm8k,9,2,1,1,19.709527163220887,19.532587677444443,5.191406035829369,5.076770220782508,4.839652808641404,4.7410680235771
gsm8k,9,2,2,0,19.443019331894725,19.35390677049252,4.804405266396151,4.699664069702238,4.365018971138404,4.2615558691589985
gsm8k,9,2,2,1,19.719504374654527,19.542687457978754,5.257252990771589,5.132028067417376,4.953227976784547,4.8511289178350125
gsm8k,10,1,0,0,20.534869644507125,20.448436183414742,7.28917121887207,7.172565718974511,6.4614894140504475,6.3562953437212855
gsm8k,10,1,0,1,20.860580273165397,20.77289340650168,8.051680069911527,7.846139074445091,8.6421588707708,8.536152914075501
gsm8k,10,1,1,0,20.39273606669667,20.30593365225286,7.419783515615563,7.217427003979537,6.454668074184156,6.350041792757111
gsm8k,10,1,1,1,20.522770000297896,20.435626875041635,7.69842903901008,7.593166375045257,8.45610279657194,8.25667432809496
gsm8k,10,1,2,0,20.430613726603042,20.341276047020074,7.33053716021459,7.225993746033055,6.645919140737533,6.443706496156665
gsm8k,10,1,2,1,20.546358582123503,20.459236984152085,7.681861027776904,7.576994164082862,8.399385808388615,8.194522913981928
gsm8k,10,2,0,0,20.421804476427496,20.334964351604867,7.428492445342272,7.322262800698809,6.798402265303594,6.601075121125177
gsm8k,10,2,0,1,20.673392738444818,20.519422921552177,7.518980187342095,7.4133647030976135,6.87470626189679,6.769335284843692
gsm8k,10,2,1,0,20.544996906210145,20.363142136829993,7.480399531232251,7.375174277512997,6.726457882905379,6.621552597607661
gsm8k,10,2,1,1,20.752969742261484,20.564590566664265,7.582447777622292,7.474905351500638,6.875363031213055,6.768943765564472
gsm8k,10,2,2,0,20.602626773325028,20.42681844523031,7.460416402409464,7.355094472586643,6.753867347924825,6.648511929597589
gsm8k,10,2,2,1,20.607812964954064,20.520463519460463,7.6761403829550545,7.472356359357946,6.84737678102465,6.741673273154447
gsm8k,11,1,0,0,20.530704218799656,20.446857320621348,5.386947144415899,5.186911664168292,4.772927793055715,4.670424460982758
gsm8k,11,1,0,1,20.46937213253841,20.38535289830179,4.877685737938009,4.77454667998245,4.86050956260442,4.658113617097115
gsm8k,11,1,1,0,20.46405336341195,20.37936265242024,5.300595117205376,5.197386230520351,4.8518587227590615,4.653074226553144
gsm8k,11,1,1,1,20.529574238480564,20.44559901150933,4.8767491639409855,4.774200284828112,4.874510933404963,4.675322320508712
gsm8k,11,1,2,0,20.623294507458922,20.539287328119826,5.325054667991935,5.222662480719009,4.911347386951093,4.7037309650477255
gsm8k,11,1,2,1,20.715735195153684,20.626567730232637,4.907505749997654,4.803514605555392,4.806432128589222,4.703903839981649
gsm8k,11,2,0,0,20.815586289245402,20.647503238251375,5.042393668190925,4.938347281040478,4.602950413755025,4.498613792748074
gsm8k,11,2,0,1,21.02302522280297,20.841797796947503,6.21500257830121,6.111319980391272,4.702468605046306,4.597187093622779
gsm8k,11,2,1,0,20.648539738431282,20.469324300393055,5.011186093724973,4.908377499759808,4.596260214839276,4.493006539178168
gsm8k,11,2,1,1,20.66892121456476,20.584201909969124,6.296780539287283,6.089273804263939,4.690658636718581,4.587109597650851
gsm8k,11,2,2,0,20.512709046670352,20.428093332157005,5.087039246063796,4.881918769569893,4.5607350821228465,4.454072055068536
gsm8k,11,2,2,1,20.84362240611881,20.75758014825624,6.316455601336202,6.112746730650542,4.70181875380149,4.598563363288122
gsm8k,12,1,0,0,19.38486997940704,19.300938629422628,5.475322358068769,5.371259242763797,5.138446028831074,4.9263189959726885
gsm8k,12,1,0,1,19.681935964854347,19.599982273120986,6.071480070204416,5.972907605155342,5.353854622484909,5.125097470978896
gsm8k,12,1,1,0,19.851946399390023,19.766123576373353,5.573293016437794,5.46463083144308,5.229277419378605,5.0169683666133285
gsm8k,12,1,1,1,19.732238812594005,19.555935605239938,6.07647168362746,5.975422386654827,5.233488670653767,5.119733022422427
gsm8k,12,1,2,0,19.503195004043295,19.320456209542698,5.471156403200065,5.366764440481003,5.029912341439736,4.927239201602683
gsm8k,12,1,2,1,19.682078499954514,19.506556288888532,6.036588449205738,5.938355132457218,5.205737062109013,5.089563502309223
gsm8k,12,2,0,0,19.661400003891455,19.40193502452807,5.5005829915434985,5.393977304288175,5.502748946513628,5.396989830999554
gsm8k,12,2,0,1,19.671460988320177,19.589684879065317,6.340516215319011,6.132463760374916,6.245462662574449,6.139885585440883
gsm8k,12,2,1,0,19.462812760913813,19.378090428222936,5.623002485812876,5.415979695195953,5.4645530660081,5.362152962738441
gsm8k,12,2,1,1,19.615455242274038,19.534288042905246,6.313811841882704,6.104492247805029,6.2498385001473675,6.147499593273865
gsm8k,12,2,2,0,19.432373777503308,19.34805169985189,5.58327109439858,5.3757828686179385,5.4887757984415435,5.378758629646014
gsm8k,12,2,2,1,19.6485677538476,19.567946836104966,6.1956397806695565,6.092560089503725,6.339353792713879,6.132965938687869
gsm8k,13,1,0,0,20.005452261630957,19.916937207316217,6.057386440339924,5.9513379297499,5.038780547341202,4.82350115236968
gsm8k,13,1,0,1,20.472012261063398,20.287734662541695,6.177713024305493,6.044452589254199,4.87225160941307,4.733915500158521
gsm8k,13,1,1,0,20.343073597371085,20.155006025036744,6.137100209811618,6.026587773827307,4.981204263248898,4.872131543214827
gsm8k,13,1,1,1,20.78632828143676,20.62554314057436,6.276500836650998,6.145718059673131,4.9597368282168945,4.82027163040281
gsm8k,13,1,2,0,20.32281758111063,20.198382087017087,6.138062625337745,6.031018757039045,5.000232933989799,4.892427802426979
gsm8k,13,1,2,1,20.374600205151552,20.288048015653068,6.2913983019465345,6.031372846625192,4.866726865050926,4.729849562863819
gsm8k,13,2,0,0,20.25271374278188,20.1637995476676,5.599901580286247,5.388379687205754,4.881120214062463,4.7662005388013124
gsm8k,13,2,0,1,20.540439124484678,20.45359002401955,5.247286586924942,4.991889353239195,4.708725435193628,4.602940620726815
gsm8k,13,2,1,0,20.40978102061774,20.320228771963524,5.596810308430697,5.393705143949684,4.893959596668803,4.785416320583365
gsm8k,13,2,1,1,20.601680606087466,20.514444092729963,5.112925800958195,4.981073040042573,4.8080756251076835,4.598020995599067
gsm8k,13,2,2,0,20.372426186599363,20.283701468773064,5.454298111211524,5.345054938546056,4.995485584715327,4.7812492509062094
gsm8k,13,2,2,1,20.50006318506392,20.413111469869214,5.127182651417728,4.995052164086878,4.8135093712781165,4.604925205762077
gsm8k,14,1,0,0,20.472754340200318,20.28835193501024,6.266819328250673,6.159457396942111,6.170439959488628,6.064054951626008
gsm8k,14,1,0,1,20.62141239196838,20.431683187780436,6.372671415516318,6.260068267307608,6.831004040108787,6.712992879976001
gsm8k,14,1,1,0,20.433110433351626,20.248651077031997,6.277403745212053,6.1714084209074915,6.057777388779228,5.950354178236262
gsm8k,14,1,1,1,20.539965549930155,20.449987624791294,6.393339084875691,6.277464305038832,6.778716306822996,6.662204582244158
gsm8k,14,1,2,0,20.614817538223257,20.527714138062528,6.424367397190316,6.193498064677121,6.090337473725682,5.982960943370183
gsm8k,14,1,2,1,20.42902787118995,20.33906013336188,6.482252343044759,6.25763490640211,6.800023120207091,6.683059671065874
gsm8k,14,2,0,0,20.397061028193516,20.309621255151054,6.71954336858954,6.509514004256018,5.921924267122559,5.815390615275334
gsm8k,14,2,0,1,20.61188908749803,20.52185170420368,7.0333782847479736,6.921478761964045,6.443386156008476,6.218614262114797
gsm8k,14,2,1,0,20.55245523882072,20.46487334435089,6.5641192835284325,6.456472870407377,5.987229449240876,5.776572416853235
gsm8k,14,2,1,1,20.561534395771258,20.471685162434976,7.00548077421068,6.895123225944624,6.440771884388393,6.207066555507481
gsm8k,14,2,2,0,20.413735615153634,20.32660012536867,6.528193680173623,6.422024408755033,5.951962854170244,5.7375058055730905
gsm8k,14,2,2,1,20.679110758646857,20.488999066583347,7.054483987075359,6.9437623764368785,6.351399262332254,6.231804590982696
gsm8k,15,1,0,0,19.75678247254109,19.580339156163973,7.495390246276656,7.396188449092733,6.780061336030485,6.6781380860447825
gsm8k,15,1,0,1,19.622803960828605,19.54228769545807,8.191625343897613,7.988362984178821,8.458353875084867,8.359886058769916
gsm8k,15,1,1,0,19.407817550927575,19.327823355524743,7.540095586136886,7.343005691382132,6.704520019411575,6.605885504086473
gsm8k,15,1,1,1,19.6053418280826,19.52396760134434,8.141615578097117,7.945684488277038,8.474821589970816,8.376371609301714
gsm8k,15,1,2,0,19.420228191393107,19.340276800903666,7.568123441615171,7.36537276134186,6.7571192148534465,6.659740886789223
gsm8k,15,1,2,1,19.493231304750225,19.40916755484068,8.008952550881077,7.908274015790084,8.548067949050164,8.344718132775597
gsm8k,15,2,0,0,19.63800382827685,19.55771955454111,7.317795691506035,7.216017070277303,6.675148304566392,6.471902469002089
gsm8k,15,2,0,1,19.634801015854464,19.549909035049495,7.129627480480849,7.030776827832597,6.923373710833403,6.726516597609589
gsm8k,15,2,1,0,19.593739511947206,19.512639957156352,7.303883625354501,7.200484968961973,6.545075492340402,6.442176093969465
gsm8k,15,2,1,1,19.9355012146043,19.759130687361903,7.14385192577538,7.043010562483687,6.8315897033244255,6.73124420336535
gsm8k,15,2,2,0,19.746615289022884,19.572334121221502,7.341131269640755,7.243059863412782,6.588364574326988,6.490268367087992
gsm8k,15,2,2,1,19.68548651166202,19.506800179897255,7.101344367129059,7.002958628618217,6.802793054703216,6.703714757804846
gsm8k,16,1,0,0,20.022448005343758,19.91825661389157,4.04035650472627,3.9077559307374354,3.509209425612768,3.3812136982918006
gsm8k,16,1,0,1,20.43805429565766,20.33898727331444,4.809404298505903,4.586820537022827,4.0151389449478145,3.9029560591827366
gsm8k,16,1,1,0,20.454287232766575,20.348560673041767,4.273725698337807,3.9849982177377634,3.5469271040908845,3.4150739158918655
gsm8k,16,1,1,1,20.49460258719098,20.39524513472189,4.719552636404575,4.606137510784196,4.049647323034228,3.932066625380453
gsm8k,16,1,2,0,20.268919638537866,20.163149202915626,4.074977039437888,3.9460038665986374,3.5400407326564487,3.404711574283751
gsm8k,16,1,2,1,20.480083188380327,20.383323170035876,4.679533818260932,4.566762523798199,4.087558540297633,3.8771761105732714
gsm8k,16,2,0,0,20.382567341693004,20.261974014586187,4.2655811930942065,4.133872836505496,3.8430902825686895,3.708601435923045
gsm8k,16,2,0,1,21.317590578801664,21.102069399419822,4.7759389357795845,4.650390529919261,4.893985453911471,4.752008386613974
gsm8k,16,2,1,0,20.489195633753397,20.25667132145845,4.23773160863594,4.104464237651981,3.8397720493929515,3.710001534759298
gsm8k,16,2,1,1,20.65131765468706,20.445863932429607,4.636163041660828,4.511871082764033,4.73095461865407,4.594402927809308
gsm8k,16,2,2,0,20.496363564288373,20.261280455898568,4.224716480544741,4.095133173274854,3.8147598763208577,3.6846824159781164
gsm8k,16,2,2,1,20.55282200030949,20.45599303590426,4.740800783638993,4.493879529857828,4.729070499678594,4.592631195825477
gsm8k,17,1,0,0,20.282077626115434,20.183534603167395,6.275376634827505,6.038196306247768,5.347371184757936,5.229095378282337
gsm8k,17,1,0,1,20.549654300793918,20.465470839553745,6.463324633497463,6.357764131371006,5.875014156117686,5.679512031292688
gsm8k,17,1,1,0,20.532660617342067,20.434871819898117,6.110672963791536,5.990768324474695,5.538077473321611,5.291668824570438
gsm8k,17,1,1,1,20.561794777677278,20.477151406339544,6.442454729351657,6.337575402492991,5.860288871190278,5.655797800500295
gsm8k,17,1,2,0,20.77727494572566,20.67989866702339,6.3087645585665495,6.190430792992482,5.471537828860754,5.238164536159922
gsm8k,17,1,2,1,20.597031379111286,20.418543753748963,6.4596315178894015,6.354068430044142,5.78649274621057,5.6835239533938875
gsm8k,17,2,0,0,20.56658845908755,20.360006238669495,6.141094891522248,6.021438693514446,6.019415310793766,5.901066652973191
gsm8k,17,2,0,1,20.80496843382207,20.62651452342834,6.032133089775016,5.918666265642969,7.359541273672221,7.253677062180941
gsm8k,17,2,1,0,20.92263142804842,20.712983445788794,6.160863905385774,6.040540401119034,6.159034193711573,6.039884378231625
gsm8k,17,2,1,1,20.625656097763567,20.541280547149654,6.089966687341075,5.894009671919775,7.305743003598764,7.202405066436768
gsm8k,17,2,2,0,20.430279720515884,20.33332495966943,6.2499922251345605,6.014243166826598,6.0030717884089695,5.88386937417929
gsm8k,17,2,2,1,20.703750691609457,20.617878335542628,6.108106679675984,5.914468597438827,7.340067636960157,7.23712333228832
gsm8k,18,1,0,0,19.701062421972892,19.61936059751679,7.327251179503946,7.2278254529010155,6.623241996294382,6.424470112960989
gsm8k,18,1,0,1,19.68926833205842,19.60875148051855,6.697582542983582,6.598884226605151,7.200149929303734,7.0011592692935665
gsm8k,18,1,1,0,19.55158162081716,19.471101034923777,7.308576582090609,7.210434640455787,6.626273437632335,6.412877847651544
gsm8k,18,1,1,1,19.812519378774596,19.638614132873045,6.697289004023332,6.595954007934779,7.10110957015786,7.001473476520914
gsm8k,18,1,2,0,19.547867406345176,19.37379505852732,7.312629734769871,7.213564113044413,6.455766746057634,6.35801731277752
gsm8k,18,1,2,1,19.559819910227816,19.38698390222271,6.655247054823121,6.557513855568686,7.058174128815153,6.9595131794812914
gsm8k,18,2,0,0,19.67626060513794,19.505249976646155,6.774133218641509,6.6761297384800855,7.0978188009576115,6.999000074301875
gsm8k,18,2,0,1,19.66850478129345,19.587662878620904,7.339536554809456,7.235882398617832,7.219526511562435,7.120346269857691
gsm8k,18,2,1,0,19.515876437708357,19.4357540508463,6.818016808665561,6.712975695336354,7.08219194530102,6.982666925523517
gsm8k,18,2,1,1,19.659038355712255,19.57805462870965,7.44637999605402,7.251175081819383,7.2335684258177935,7.134690859402326
gsm8k,18,2,2,0,19.57011633203365,19.489858925680892,6.901564109284664,6.697106847695977,7.0827466793161875,6.98334817570867
gsm8k,18,2,2,1,19.684640378727636,19.603574894517806,7.3404131799179595,7.241370675728831,7.404780472370476,7.20405633592236
gsm8k,19,1,0,0,20.07241453156894,19.990263253930607,5.323963659975561,5.223436409778515,5.518585863228509,5.315582582170464
gsm8k,19,1,0,1,20.555904218781507,20.466984417907952,5.644289753490739,5.539335988487437,5.187555668271671,5.084201089630369
gsm8k,19,1,1,0,20.48059377739264,20.307177273480193,5.390309863287257,5.288180050683877,5.500332922110829,5.39845801949923
gsm8k,19,1,1,1,20.622005617042305,20.457805421756348,5.650506699112157,5.547248398215743,5.212820402448415,5.108480409944605
gsm8k,19,1,2,0,20.463646456846618,20.28130510916526,5.404515269674448,5.302819359258137,5.504233269221004,5.401567273565888
gsm8k,19,1,2,1,20.43347665994588,20.349349929347227,5.726312683236756,5.523080308648787,5.183002187550301,5.07863740222092
gsm8k,19,2,0,0,20.387514917729277,20.303632144532457,5.923134996010049,5.719278956803464,5.981006050660653,5.87809746093626
gsm8k,19,2,0,1,20.575854058733967,20.49102995351859,5.867339855285536,5.6556156487204134,6.072895789202448,5.9699064140659175
gsm8k,19,2,1,0,20.447829444947274,20.363867215110076,5.960926453099091,5.756910250056535,5.962185957287147,5.8601110704330495
gsm8k,19,2,1,1,20.670163015893195,20.58592474213583,5.772543703187694,5.669308066444501,6.10440348418706,5.9965385075884114
gsm8k,19,2,2,0,20.529375996375165,20.44582335565792,5.828432878843159,5.726369726289704,6.074898015867802,5.872796617040876
gsm8k,19,2,2,1,20.605321191396797,20.52117235143669,5.7658725859255355,5.6625385545885365,6.181480179748178,5.973456699393864
gsm8k,20,1,0,0,20.438663366306674,20.197387131394137,4.056875163923358,3.914764054918591,3.4507323830016974,3.310617426527369
gsm8k,20,1,0,1,20.589614363574505,20.343968184771136,4.819437564064813,4.690735717880364,5.066626658927734,4.917526794915003
gsm8k,20,1,1,0,20.256054158261442,20.135695661184037,4.053519486546354,3.9120638797751783,3.460593060386759,3.318299748680346
gsm8k,20,1,1,1,20.473477087089915,20.358987451207057,4.942157198006453,4.676714861687126,5.070645948845512,4.92248606844276
gsm8k,20,1,2,0,20.34391100515861,20.22840397793779,4.2646139347416865,3.9743915024656253,3.4695814046856075,3.3278057155774428
gsm8k,20,1,2,1,20.463395749886885,20.348245304573894,4.963232727610682,4.700113643458722,5.057332176048393,4.909898215952457
gsm8k,20,2,0,0,20.451247917941156,20.335560005483895,3.9537479672224713,3.673272005720013,3.706295891217073,3.562037092557208
gsm8k,20,2,0,1,20.615937467284866,20.501106027159437,3.8455618407249776,3.6972241263816157,3.9055647057517944,3.61929900581175
gsm8k,20,2,1,0,20.43209536079969,20.316206382541747,3.8362522622254867,3.6897325412436426,3.6438846288890137,3.493223633856355
gsm8k,20,2,1,1,20.52099756521942,20.405424358297907,3.8167878353436078,3.6741127579851627,3.9081040790862285,3.6084811975337607
gsm8k,20,2,2,0,20.406977940208275,20.289142273844835,3.8246012291530036,3.682597431537436,3.7567438360537744,3.4863939674194557
gsm8k,20,2,2,1,20.68133497263973,20.435371581697837,3.8564984064938113,3.712603593357726,3.7799593900451383,3.630312034034165
gsm8k,21,1,0,0,19.841994589569367,19.670734132887446,5.644369535275473,5.546868133023963,5.4540910509786045,5.354115011414251
gsm8k,21,1,0,1,19.563780761927774,19.484093507799116,6.252591281281639,6.056443659872457,6.547252343807486,6.449679921843199
gsm8k,21,1,1,0,19.427882386480633,19.349317671640165,5.682224003521696,5.511781238055846,5.391670140397764,5.293569898640271
gsm8k,21,1,1,1,19.545696093700826,19.46679614866298,6.296087707141851,6.09204014426723,6.4635911953701,6.3663386677035305
gsm8k,21,1,2,0,19.457849496120616,19.378171640710207,5.709084031423117,5.508552023457014,5.399746577950282,5.304029245962738
gsm8k,21,1,2,1,19.594216750192572,19.515104777383385,6.077085301058105,5.976832671876764,6.557990777309897,6.360939124988363
gsm8k,21,2,0,0,19.57234187875656,19.49361337119626,5.736036956932367,5.638358570195123,6.215548327872966,6.023817124969355
gsm8k,21,2,0,1,19.648173698897153,19.56867751550817,6.722359292780311,6.625462191550469,6.1756196796523,5.9749182692030445
gsm8k,21,2,1,0,19.633675605746248,19.55467360176044,5.738581093737594,5.641562433538638,6.238225530978525,6.038776183686423
gsm8k,21,2,1,1,19.797643132733356,19.625923847343074,6.750949390607275,6.649993957125844,6.090669847708341,5.9921988672613224
gsm8k,21,2,2,0,19.633693121249962,19.46261303146457,5.721863742110145,5.622190839858376,6.139447394616582,6.041927792921342
gsm8k,21,2,2,1,19.801527050731238,19.629860187706072,6.752918671736552,6.656036703134305,6.072554867387225,5.9746146757788665
gsm8k,22,1,0,0,20.12949096479133,20.046676663696417,5.330965453140379,5.137424086115061,5.4656487109241425,5.363706648040534
gsm8k,22,1,0,1,20.506661445324426,20.421705461103556,6.391009273556847,6.18162209775619,6.082272066578298,5.9777204296551645
gsm8k,22,1,1,0,20.312345273396204,20.227439324116858,5.4431078710877046,5.240154761850135,5.490739953074808,5.388688573930267
gsm8k,22,1,1,1,20.49587947249165,20.411759421676834,6.3106248244366725,6.2012196403884445,6.175595484364749,5.973522011572641
gsm8k,22,1,2,0,20.571771515733417,20.48587914032396,5.299830324474897,5.1929966170973785,5.7226969179282605,5.517585211237019
gsm8k,22,1,2,1,20.495474781455414,20.41178882791428,6.288340054652508,6.183991582020099,6.174831136377179,5.973790121061029
gsm8k,22,2,0,0,20.37457570713741,20.29052037096335,5.864419714725955,5.761699457252689,5.612393292722118,5.416782929842157
gsm8k,22,2,0,1,20.595115343894577,20.416759750332858,6.626173421864223,6.523458597712306,5.644435581871221,5.542122453334741
gsm8k,22,2,1,0,20.493078902745765,20.402072198976384,5.876601066120202,5.770907413989335,5.527586218704528,5.424631777259492
gsm8k,22,2,1,1,20.622908953100705,20.53471128874662,6.654638711097505,6.549741214712412,5.683267046606488,5.579817804573395
gsm8k,22,2,2,0,20.554253062528005,20.371839238578104,5.871609066161909,5.768075202922773,5.553883429911366,5.4509821911779
gsm8k,22,2,2,1,20.565779082062363,20.48118523816811,6.77120960153843,6.564930753484077,5.679145320300449,5.575386323926068
gsm8k,23,1,0,0,20.36107417327435,20.251453876619845,8.069451227507527,7.818566366112653,7.185727470245507,7.0562502720835845
gsm8k,23,1,0,1,20.502382172946167,20.38839828031503,5.781901097634545,5.677434281096794,6.163365434316036,5.934712850782824
gsm8k,23,1,1,0,20.399318975142876,20.290681375951348,7.820278861430833,7.688415366441639,7.264645975359743,7.008545371556267
gsm8k,23,1,1,1,20.453372850544124,20.352388233290203,5.77783201197235,5.6755930468170845,6.051746202150785,5.8592916144621805
gsm8k,23,1,2,0,20.38775234123563,20.28172360364311,7.830446163575064,7.700761628572341,7.28877810911174,7.030582767196627
gsm8k,23,1,2,1,20.59282892096405,20.380453425285484,5.7747108048715745,5.671703441294085,5.973271723313813,5.857674065434064
gsm8k,23,2,0,0,20.58843436644016,20.363787282488797,7.59810778729636,7.46742621326985,7.7209963761777205,7.590534287103738
gsm8k,23,2,0,1,20.685856896953084,20.473064556086836,6.772617000024184,6.668807382538944,5.569104081587284,5.463707636408799
gsm8k,23,2,1,0,20.441587445542844,20.212217000091798,7.538390801735407,7.4087762726830455,7.7389967818006795,7.60817875749072
gsm8k,23,2,1,1,20.551908598063843,20.451335729291298,6.8405113947846985,6.636723113388143,5.563126753713732,5.459784351387498
gsm8k,23,2,2,0,20.42743496511519,20.320682950654426,7.7127036586689695,7.457137430584667,7.724822663107315,7.593756742166853
gsm8k,23,2,2,1,20.63710290218364,20.534782700902113,6.868867308639892,6.655688046521391,5.567114511904947,5.464321367071534
gsm8k,24,1,0,0,19.414611310432,19.288866080760215,7.446727254109816,7.287282900890532,7.2563902174139985,6.934033907076448
gsm8k,24,1,0,1,19.618638163454264,19.49804952594163,6.781229085596573,6.6677918689266455,5.588397267761652,5.374249079650478
gsm8k,24,1,1,0,19.3579043348476,19.231550161211942,7.415523335354993,7.260684422159463,6.940493671084691,6.62263573265941
gsm8k,24,1,1,1,19.486083157567514,19.357995591017456,6.759292777939552,6.638939656228737,5.469133079862495,5.364484175607156
gsm8k,24,1,2,0,19.526068789317556,19.252663708193612,7.43903885147193,7.284527142699924,6.7654983104374375,6.610779025192771
gsm8k,24,1,2,1,19.571806918230582,19.316621602659946,6.753152592963122,6.640783180819816,5.458112702817972,5.352809736368765
gsm8k,24,2,0,0,19.52296895660483,19.251675099880657,7.2770455963504705,7.122925534028768,6.597968074348495,6.442927813261562
gsm8k,24,2,0,1,19.675942649111718,19.556939081773596,7.0561993346488165,6.811419093167757,6.386967064384875,6.250071027190299
gsm8k,24,2,1,0,19.44273491954049,19.317476186606317,7.543207552596371,7.229951788781222,6.631515876054532,6.475152956865589
gsm8k,24,2,1,1,19.6461925202741,19.527327157665937,7.982444889961158,7.696772763725616,6.377335362186706,6.242891362037611
gsm8k,24,2,2,0,19.419466602321,19.294354403738556,7.414428403699389,7.107679727082344,6.603379328937634,6.449000975724472
gsm8k,24,2,2,1,19.695328883499954,19.575477076002684,6.955669324200314,6.811629011101283,6.549110502709408,6.282837232700675
gsm8k,25,1,0,0,20.09033450685575,19.995023062632256,5.943680305521142,5.824366037375984,6.067478819103497,5.827496083737869
gsm8k,25,1,0,1,20.5875864180598,20.408223328104214,6.883642612641828,6.7624397746807485,8.871473023646104,8.767869835992315
gsm8k,25,1,1,0,20.376122116545556,20.172561942223844,5.999170485733043,5.8752173240969165,6.01142630114703,5.889977254641794
gsm8k,25,1,1,1,20.612309492207714,20.435448808257206,6.857830892119825,6.7402171490185365,8.887710203453025,8.785418039224169
gsm8k,25,1,2,0,20.27740700049284,20.1766836188625,5.969943657638161,5.848108161848763,5.989746027841681,5.865806555246106
gsm8k,25,1,2,1,20.517194468538946,20.433059718925506,6.962818927907695,6.732072355540318,8.892636312339164,8.787676804331568
gsm8k,25,2,0,0,20.323243847267175,20.22738328241146,6.642291467869654,6.40745479635101,5.755110185688223,5.633208342866662
gsm8k,25,2,0,1,21.22501713301972,21.13840308993531,6.598620079804529,6.453453999711201,9.075074230622704,8.970408250206674
gsm8k,25,2,1,0,20.34093749306411,20.245048188763114,6.570906292095229,6.4420749679104325,5.776616856800737,5.655200319813082
gsm8k,25,2,1,1,20.63624678112319,20.55167762500787,6.509051484209386,6.366787877731382,8.914103863389755,8.710319171768788
gsm8k,25,2,2,0,20.284890776161824,20.18659849778536,6.535956333714744,6.4112194587424804,5.780646699282375,5.652023935302471
gsm8k,25,2,2,1,20.694752835879626,20.609862456694827,6.482425510531608,6.341878563770034,8.900660503968538,8.695602976786176
gsm8k,26,1,0,0,20.48615231319423,20.23533184099226,7.788726917319614,7.643416692159947,6.571208566278833,6.426746923102906
gsm8k,26,1,0,1,20.582342393174123,20.315757237315566,7.108782106938417,6.952158762336087,7.174652787317328,7.0439254949192085
gsm8k,26,1,1,0,20.454471033440065,20.204445296657976,7.786069148486214,7.642728175486919,6.522364560693789,6.378667560856339
gsm8k,26,1,1,1,20.509657942598437,20.384434092456118,7.313429576849255,7.000867048017902,7.1662851334964435,7.036408856119222
gsm8k,26,1,2,0,20.407142153439615,20.288976126831475,7.955353120520997,7.670059099097501,6.573814455455599,6.428997279886811
gsm8k,26,1,2,1,20.525763745990318,20.40129409823028,7.275276380823925,6.958637077505479,7.169957891092774,7.040206574037265
gsm8k,26,2,0,0,20.443578697817788,20.325334411969017,7.458298137682685,7.176802313252056,7.211318560671266,7.067157747479831
gsm8k,26,2,0,1,20.669710791449067,20.544931439230638,7.749366526333996,7.591001923626278,6.8854587588440905,6.640967044158119
gsm8k,26,2,1,0,20.447165807606755,20.32849544487832,7.183662625950771,7.038340846250591,7.335551972833595,7.051013681300722
gsm8k,26,2,1,1,20.505690924968636,20.380376023240387,7.665747099240142,7.511855725318804,6.855529960671559,6.597486911272731
gsm8k,26,2,2,0,20.490209010409213,20.371502319064277,7.1710329835436175,7.025926351511421,7.3359041925069395,7.052585302217567
gsm8k,26,2,2,1,20.71475973446999,20.45134052558872,7.678739094088257,7.523611198827537,6.745325724291501,6.615268265521109
gsm8k,27,1,0,0,19.79050206637112,19.616602003679873,6.577118039331253,6.476094105892116,5.188606749925384,5.082114293145423
gsm8k,27,1,0,1,19.670590273562993,19.58961316404384,6.701945511395024,6.5970347459369805,5.515592140909575,5.4144453551998595
gsm8k,27,1,1,0,19.543650050763972,19.46122905883385,6.5541886406208505,6.451023296904168,5.082903351649293,4.980623035407916
gsm8k,27,1,1,1,19.56512916012798,19.484547410229425,6.802013792821526,6.584934769307438,5.51028514837526,5.41220091008654
gsm8k,27,1,2,0,19.50556502742984,19.424989855451713,6.662407296971651,6.464160617269954,5.089889527425839,4.991564077954536
gsm8k,27,1,2,1,19.67819862511533,19.597489695570403,6.694615144624549,6.5934465783357155,5.527292695205688,5.424300702998153
gsm8k,27,2,0,0,19.465653941551864,19.385826171856024,6.11990513289129,6.020948269906512,5.724102484691684,5.60543444544237
gsm8k,27,2,0,1,20.528434503830795,20.444362890430057,6.529678507831704,6.426973304314743,6.426288261536683,6.220251808827015
gsm8k,27,2,1,0,19.619941570454102,19.539503234227595,6.128258773514972,6.029440597558278,5.796853800802637,5.61812350360924
gsm8k,27,2,1,1,19.845197949507565,19.668014644594223,6.2872462735867884,6.187082800352073,6.076232347822952,5.977205609269731
gsm8k,27,2,2,0,19.597493664150534,19.426301531439094,6.1409694376379775,6.0421848593250616,5.729786597839848,5.631106394503149
gsm8k,27,2,2,1,19.815826714875584,19.642553941594088,6.299415015291743,6.201270300607575,6.086963859615935,5.988245671687764
gsm8k,28,1,0,0,20.204842796829325,20.123531562603603,6.72621892999814,6.617566605200409,5.97911699605902,5.877736511592957
gsm8k,28,1,0,1,20.566200238135934,20.483171589603444,7.018328292815568,6.816658863044722,6.040452027264109,5.940417808233178
gsm8k,28,1,1,0,20.3346236521611,20.252530694961024,6.648840761954489,6.454184425820131,6.010178105498198,5.9099611876263225
gsm8k,28,1,1,1,20.515108449217223,20.432586331935454,6.932577980478527,6.830683671978477,6.135420097507449,5.9349527696213045
gsm8k,28,1,2,0,20.354161925752123,20.26983536688931,6.560960238402913,6.460755851549038,6.102594500134728,5.908866058689455
gsm8k,28,1,2,1,20.508958847585745,20.426666222647327,6.935245050954109,6.834399820490944,6.151233570108161,5.949666105607321
gsm8k,28,2,0,0,20.443847628939693,20.360374257961666,6.581163847386051,6.4802674846760056,6.3193056953423365,6.143969773802382
gsm8k,28,2,0,1,20.721754011901794,20.545215625134006,6.735218640642415,6.634221500007698,6.416511355382681,6.315168113360414
gsm8k,28,2,1,0,20.65923721102081,20.483502761635464,6.634980558828829,6.530171081976732,6.297810289197514,6.1965040549694095
gsm8k,28,2,1,1,20.77180459355077,20.580426605647517,6.74840400370158,6.647411047197238,6.408458191344835,6.306348531325057
gsm8k,28,2,2,0,20.545488968764403,20.367202718716726,6.565506766037288,6.464026324010774,6.266565445002925,6.161905840144755
gsm8k,28,2,2,1,20.723140808513563,20.63956082020013,6.885780035190692,6.673916831914539,6.4631817226654675,6.361255655974674
gsm8k,29,1,0,0,20.39039445782287,20.295962635945113,6.947379118636283,6.720552482364471,5.72596095592241,5.611082052366743
gsm8k,29,1,0,1,20.572505613472458,20.488599675445585,7.341248157658301,7.229439157768466,6.842343840162357,6.64806334361856
gsm8k,29,1,1,0,20.36026620461295,20.264908676035702,6.796361618111597,6.681152517302779,5.810842188606202,5.579712605124274
gsm8k,29,1,1,1,20.692177527507738,20.608592340067844,7.328040975134402,7.219095671881779,6.8618406135101395,6.663636086159386
gsm8k,29,1,2,0,20.33426931955748,20.23892256896943,6.816798157830673,6.701952504124819,5.844123556846426,5.614520140449729
gsm8k,29,1,2,1,20.675235832186445,20.49761023863539,7.3026964480552,7.192936244795555,6.758439953046036,6.655790464719757
gsm8k,29,2,0,0,20.589241955636275,20.386043946879607,6.293035074537457,6.17378015324408,5.763295250066572,5.64519573654571
gsm8k,29,2,0,1,20.89113013289534,20.710884914024064,6.351687416850411,6.236513131892586,5.519068924606675,5.39774450680448
gsm8k,29,2,1,0,20.529331537998385,20.325779217916228,6.236678991148151,6.121384329162538,5.734254316051016,5.617939438691297
gsm8k,29,2,1,1,20.685574249910132,20.6013482616072,6.416721655392742,6.191208187312363,5.454276186517543,5.336401595527099
gsm8k,29,2,2,0,20.42937111109495,20.332029724183183,6.410963929834236,6.1825359426030335,5.709886017843689,5.594213548312454
gsm8k,29,2,2,1,20.69946202345818,20.615074269699107,6.417216697925741,6.190689080989266,5.45236017761959,5.335367968719866
gsm8k,30,1,0,0,19.54177519564837,19.455020121313282,7.494917050735239,7.388819402422087,6.727568136739137,6.543329812302545
gsm8k,30,1,0,1,19.587437804602814,19.50012744509877,7.113034173886737,6.983166762992092,7.636475518665975,7.335464118659729
gsm8k,30,1,1,0,19.516663234298903,19.428989007792552,7.4768197382582,7.37294532427768,6.805000304666464,6.56975890206013
gsm8k,30,1,1,1,19.682619316427008,19.509325726630777,7.110282333324784,6.979665053099538,7.529194981907494,7.360864475049311
gsm8k,30,1,2,0,19.560983585961367,19.389498343571177,7.484549656510353,7.379387581750052,6.643327616984607,6.539409749620972
gsm8k,30,1,2,1,19.67461968342832,19.499804851875524,7.109572183552247,6.980501000031577,7.504008193791378,7.334715081378818
gsm8k,30,2,0,0,19.522463839621196,19.350415640928986,7.046866253858752,6.943069312455918,6.754583187557728,6.649646683399624
gsm8k,30,2,0,1,20.390104468788195,20.302685976275825,7.954313113345361,7.767049689065524,7.241981131790518,7.103504954014673
gsm8k,30,2,1,0,19.558094538751902,19.471301671728725,7.157587429446721,6.970422652557318,6.796652308366902,6.691420675906556
gsm8k,30,2,1,1,19.72261443370371,19.635447058590216,7.718073306846836,7.47982599500145,6.989675172755901,6.854062157725622
gsm8k,30,2,2,0,19.5579736214313,19.471081418032554,7.1027302578841045,6.995734933298081,6.785885121189494,6.68156285155419
gsm8k,30,2,2,1,19.627990593562572,19.54045399588722,7.592383797394709,7.465112948337711,7.0629970148101755,6.806007588783345
gsm8k,31,1,0,0,20.260569480342383,20.179109742002765,5.990372249925713,5.8912191211675236,5.469478620852897,5.3658420702049625
gsm8k,31,1,0,1,20.74158613640975,20.56525085527028,4.666793750402576,4.5640716839443485,5.120179472669406,5.017330261580355
gsm8k,31,1,1,0,20.475392656408076,20.300124363529903,6.051129152183421,5.949962300746847,5.503888980456395,5.40268183203807
gsm8k,31,1,1,1,20.54067693370598,20.366369015391683,4.632252495866851,4.532178175850277,5.0706640936368785,4.969017460553005
gsm8k,31,1,2,0,20.46840370303471,20.292657914069423,6.044764843863959,5.944093078142032,5.508442608970654,5.40582457824712
gsm8k,31,1,2,1,20.594401769812976,20.51177732028009,4.7653220472057,4.557406386993534,5.111071496230579,5.005618133054668
gsm8k,31,2,0,0,20.344787136764353,20.26054754287543,6.517281039123191,6.3122300862232805,6.246272499993211,6.144532296730176
gsm8k,31,2,0,1,20.51563485929364,20.433231054539647,5.514084074548009,5.313881222718919,4.991421843897115,4.890703949058661
gsm8k,31,2,1,0,20.547713914311316,20.464752711177425,6.500812597550976,6.305551664354425,6.292547539032967,6.192452879076882
gsm8k,31,2,1,1,20.593388519500877,20.51038005083683,5.427606663943152,5.324855495928205,5.0040300038745045,4.89873437118149
gsm8k,31,2,2,0,20.388070468925434,20.305780101807613,6.367830613271508,6.265672316658311,6.367859285091981,6.166573203245207
gsm8k,31,2,2,1,20.56490816812584,20.482557519699185,5.434984578187141,5.332619457021792,5.103348254124285,4.903531562376884
aime24,0,1,0,0,20.550723832002404,20.46438633578873,7.733433546945889,7.628301171735075,7.545073086021148,7.440506245984579
aime24,0,1,0,1,20.733965230192553,20.647014582209522,9.492164277617121,9.387149406393291,8.184118031294929,8.078339210896957
aime24,0,1,1,0,20.570010316532716,20.396773531047074,7.699915129251167,7.594659273308935,7.480907167973783,7.375967644748016
aime24,0,1,1,1,20.679755371020292,20.592613699136564,9.584743675532081,9.387854902342951,8.190389128685638,8.083887777502241
aime24,0,1,2,0,20.527847882931383,20.441336339899863,7.818421320280322,7.618456878844881,7.5551173476924305,7.450131007772143
aime24,0,1,2,1,20.714754816253844,20.627800578495226,9.578282164056873,9.369945132675639,8.16479667173553,8.059628613409586
aime24,0,2,0,0,20.50881976947494,20.421925777100114,8.795043547252135,8.689384714671178,8.483474898184795,8.378777621146583
aime24,0,2,0,1,20.779303847575648,20.69216601194057,7.480399234282231,7.374918129244179,7.548798167590576,7.443710187544639
aime24,0,2,1,0,20.59669434402167,20.50990308589462,8.81367057445459,8.708613851467817,8.518755636487185,8.411644437728683
aime24,0,2,1,1,20.66620325376789,20.579230117164116,7.504510566377576,7.39929516794291,7.626208312558447,7.423552503951214
aime24,0,2,2,0,20.532610883037705,20.446102847472503,8.802897320492775,8.698398538854235,9.233097749984154,9.028978257902054
aime24,0,2,2,1,20.772589175521716,20.617728519482625,7.461445636636199,7.356048605743126,7.547507530944131,7.442369210821198
aime24,1,1,0,0,19.60964099589546,19.470197308237402,7.202667562523857,7.04405041415157,7.014611031081586,6.856560863525374
aime24,1,1,0,1,19.671408886551944,19.531174082203506,8.627511093891371,8.469640359635378,7.241233562581328,7.081927128638199
aime24,1,1,1,0,19.66803696086572,19.528075605194317,7.248953929774871,7.051609281006677,7.04345932808792,6.885582883114694
aime24,1,1,1,1,19.82945708596162,19.689212144839985,8.61896396463635,8.427579625276849,7.2542606017123035,7.096286034993682
aime24,1,1,2,0,19.54714017574588,19.407549898460275,7.223930472719076,7.026797492017067,6.99321946103737,6.835675910224381
aime24,1,1,2,1,19.60770207006135,19.467540702862607,8.584774569953879,8.425794808317733,7.235517078242992,7.041200136882253
aime24,1,2,0,0,19.58891635558757,19.4493914063969,7.277276632521534,7.118686242392869,6.777611824418273,6.619787339786853
aime24,1,2,0,1,19.764024379128386,19.623898687314068,8.505230277023657,8.346089449332794,9.55362381228042,9.39509221507251
aime24,1,2,1,0,19.584904097882827,19.445115508005983,7.297129671769653,7.139241499771742,6.818635472882306,6.630190699524974
aime24,1,2,1,1,19.851056062634598,19.678560538977763,8.54229208198376,8.383424496059888,9.48922715633671,9.330452292942937
aime24,1,2,2,0,19.639006176021212,19.469581992325402,7.322537769596238,7.163738562667277,6.786152480344754,6.628460007959802
aime24,1,2,2,1,19.72220976585959,19.580527585731033,8.48154167579196,8.32283789441135,9.42494744549549,9.26531496907046
aime24,2,1,0,0,20.195585390865745,20.112774926019483,5.36048907406439,5.258492984467011,4.8121933277798234,4.70678811734615
aime24,2,1,0,1,20.555256238367292,20.46805619920633,6.062379023660469,5.960055984360224,4.9913871562239365,4.88933785163681
aime24,2,1,1,0,20.32908487080931,20.245919605258678,5.472290703437466,5.271060636459879,4.834176992517314,4.73282310531431
aime24,2,1,1,1,20.437105355540552,20.352896851363766,6.039516148575785,5.935779164246924,5.057658757777972,4.856438742081082
aime24,2,1,2,0,20.34243226171384,20.25854001931293,5.391508769207576,5.289281867135287,4.944619090110791,4.749794749841385
aime24,2,1,2,1,20.902846449189383,20.81753583979662,6.152675452995027,6.049511722721945,5.1837067617270804,4.9764826794671535
aime24,2,2,0,0,20.374181382521783,20.29044597657048,5.0584689256538695,4.957632335845119,5.375107336021756,5.273417519674695
aime24,2,2,0,1,20.556635199227458,20.471974698921258,5.424145530923852,5.320756808941951,5.199910984629241,5.097459484659339
aime24,2,2,1,0,20.681236617292598,20.501940867234225,5.146516476543184,5.0390531914672465,5.446395789022063,5.342429874872323
aime24,2,2,1,1,20.55648472651228,20.401957023295836,5.429386394553148,5.326239832356805,5.195938597807981,5.092416941351985
aime24,2,2,2,0,21.107639570345782,20.919725847761583,5.219759976625937,5.114256773595116,5.585533691373712,5.478060007590102
aime24,2,2,2,1,20.856511769125063,20.772034031324438,5.536792191378481,5.3314497422434215,5.294877648339025,5.188930687836546
aime24,3,1,0,0,20.476235695696232,20.388769206874713,7.474727539374726,7.273015055034193,6.94172424982753,6.83647333562476
aime24,3,1,0,1,20.58312993767686,20.495245785241423,7.857198843794322,7.749556964881776,7.882776562382787,7.77397126194046
aime24,3,1,1,0,20.539871374694485,20.452564453080413,7.397247257813433,7.2915838045446435,7.039191808416945,6.840107296739006
aime24,3,1,1,1,20.501868707015092,20.4139079178276,7.816775034825696,7.710222632795194,7.908247324394324,7.709624238486867
aime24,3,1,2,0,20.475515859288862,20.388250609357783,7.380892308901821,7.275472902620095,7.061437788706826,6.857558824322041
aime24,3,1,2,1,20.7147310743494,20.538317601221934,7.8560142228525365,7.749528617296164,7.851921625388059,7.7460008046728035
aime24,3,2,0,0,20.666167094077537,20.49280959772659,7.067327640925214,6.960530781270791,7.061279890422156,6.9553941993945045
aime24,3,2,0,1,20.793228800812358,20.617203445453924,8.730980421660206,8.625019617284124,7.314325273455324,7.207876043139549
aime24,3,2,1,0,20.629590929729602,20.47021302723806,7.097852406332095,6.992262387029768,7.086617296863551,6.98059980504695
aime24,3,2,1,1,20.650135003961623,20.56234736710394,8.831697160530894,8.628252042854001,7.389539004179824,7.283247507984925
aime24,3,2,2,0,20.592896472862776,20.505473472894664,7.176458074354741,6.974591168273037,7.089663128681423,6.983865183428861
aime24,3,2,2,1,20.70660303115801,20.618550507606415,8.838638183533476,8.638064465230855,7.3312695972163056,7.225238140563306
aime24,4,1,0,0,19.5693088594453,19.482330878872745,7.501150007556134,7.394361601654964,6.5350900858902605,6.3419489260923
aime24,4,1,0,1,19.709235968548455,19.622736347628233,8.9976675158141,8.893288089893758,7.9531437227160495,7.846927527225489
aime24,4,1,1,0,19.81323872678331,19.725481206933182,8.214508781293262,8.111210621336795,6.5790363632913795,6.385736781339801
aime24,4,1,1,1,19.700201847626886,19.52473246910813,9.00619771118727,8.901061761662277,7.949949500016373,7.845779136459896
aime24,4,1,2,0,19.63349139850834,19.484616117097175,7.499794663999637,7.395825668027101,6.452537945278891,6.349529288854683
aime24,4,1,2,1,19.66873288665738,19.509289031248045,8.95549844881316,8.85192683972491,7.921345164049853,7.81650853514293
aime24,4,2,0,0,19.69202457803476,19.519941835824284,6.972258285259159,6.868554562515783,6.89003748811956,6.784598199374159
aime24,4,2,0,1,19.73558394911379,19.648887750008726,8.186355394627753,7.998196441349137,8.104950031338376,8.000096585874417
aime24,4,2,1,0,19.607051140610565,19.52106983981139,7.1289850429820945,6.933029902484122,6.888830257594236,6.779718331927143
aime24,4,2,1,1,19.741876992156904,19.65516760128594,8.17820845713868,7.978530839864106,8.083777652245772,7.979807945503126
aime24,4,2,2,0,19.52937141777511,19.44278216387829,7.067232386361866,6.867182644782588,6.8806065314674925,6.777316703391989
aime24,4,2,2,1,19.69268883976838,19.605987628892763,8.061803105192666,7.957733331750205,8.198013789296965,7.980227363077574
aime24,5,1,0,0,20.21671533566405,20.133987922235974,6.658025941305823,6.556151359291107,6.854111031316279,6.7480173747753724
aime24,5,1,0,1,20.642483042593085,20.462728823986254,9.109804750096373,9.007784238292516,7.46954276564793,7.369053491856903
aime24,5,1,1,0,20.55452830836657,20.378452710701822,6.68766550370492,6.584535441106709,6.877210292714153,6.776522710879362
aime24,5,1,1,1,20.73221619548349,20.553163566546573,9.1658662190639,9.062009874924115,7.4603791090339655,7.3590594452070945
aime24,5,1,2,0,20.5001913709566,20.325741851593193,6.687933148441516,6.586486316336959,6.907115136527864,6.806247957229061
aime24,5,1,2,1,20.494235609476164,20.41193766399374,9.201061863223003,9.000768097848777,7.479086855255446,7.377942898074252
aime24,5,2,0,0,20.400929445258953,20.319369046774227,7.052407715036679,6.856270238131401,7.150385261411429,7.048388933526439
aime24,5,2,0,1,20.55602409382118,20.472930742471362,7.369319047029421,7.159727519592707,8.578180788845202,8.476758601773327
aime24,5,2,1,0,20.536154890578473,20.45154806228311,7.0596197110717185,6.85889067926837,7.189335785369622,7.087989999945421
aime24,5,2,1,1,20.61407672272253,20.530315367068397,7.273275992247363,7.170980386490555,8.700741836037196,8.497937597439886
aime24,5,2,2,0,20.373467699300818,20.291619835916208,6.899351445554203,6.796547469093639,7.2123756094697455,7.015122878783586
aime24,5,2,2,1,20.591883027464064,20.50937957028509,7.282322058927093,7.180489605616458,8.695661128967913,8.500946984440816
aime24,6,1,0,0,20.571779531110224,20.39402077343766,8.979872808595246,8.877329183633265,8.76408339036061,8.662681160330976
aime24,6,1,0,1,20.893664171580895,20.717236215205048,10.937704554635275,10.835328124812804,9.85674462890529,9.75405784765826
aime24,6,1,1,0,20.491449441124132,20.404798152412695,8.988326144390157,8.88728174231801,8.773413054768753,8.672767406096682
aime24,6,1,1,1,20.557461949010758,20.474682929489063,10.966323163756897,10.767180081984407,9.75735676183831,9.656528894538496
aime24,6,1,2,0,20.472889593747823,20.39084374973754,9.099457035063097,8.897525984139065,8.7569929764868,8.656535941099719
aime24,6,1,2,1,20.692772917755065,20.610156761904364,11.006626234575378,10.808058015754796,10.405695457393449,10.303727570317278
aime24,6,2,0,0,20.570001207033783,20.487259746005293,9.418996238309774,9.22294842575866,9.17608828513039,9.073564527625422
aime24,6,2,0,1,20.677332996001496,20.59382026163803,10.291819202848274,10.188894926159264,10.45522006597821,10.252759660033917
aime24,6,2,1,0,20.60638473039944,20.52368594922882,9.347452789370436,9.245154288691992,9.249807530977705,9.050015640696074
aime24,6,2,1,1,20.8652651367629,20.781879621154076,10.312123718904331,10.210335437477625,10.579163449165208,10.376440269737941
aime24,6,2,2,0,20.551646769490617,20.4520518004756,9.328998582077475,9.228424449247541,9.221902046647301,9.020109628636419
aime24,6,2,2,1,20.86051106607556,20.681426484316034,10.318857859147101,10.216551812391117,10.407504984414118,10.306138273335819
aime24,7,1,0,0,19.772387378907297,19.597033538957476,5.837085422172095,5.732278882987885,4.779434843840136,4.672891374866595
aime24,7,1,0,1,19.7497397848565,19.662902703203144,7.940670667721861,7.742682675598189,5.850407515481493,5.745319765537715
aime24,7,1,1,0,19.630012675861508,19.54387868363483,5.925581917836098,5.725355773392948,4.801069082077447,4.696614890690398
aime24,7,1,1,1,19.654416082175885,19.56771409004432,7.943102551053016,7.7435573434740945,5.841769253947859,5.737917175792973
aime24,7,1,2,0,19.462467871107947,19.376204468699143,5.885656218652002,5.690476624749863,4.761459601468232,4.658010636831023
aime24,7,1,2,1,19.56412383242423,19.477452910450666,7.8836260231582855,7.779283144827787,6.033058343746234,5.926912492213887
aime24,7,2,0,0,19.794016687228577,19.70771885544309,4.963684187259787,4.8597302888993,4.775659382630693,4.579775527417951
aime24,7,2,0,1,19.72944591398118,19.642462019874074,6.912752183779958,6.807954675878136,6.9187848712317646,6.7250772308398155
aime24,7,2,1,0,19.568459527363302,19.482075984342373,4.998463777610596,4.894108496046101,4.792963714862708,4.597392230607511
aime24,7,2,1,1,19.890503617261857,19.7178693360911,6.938738566532265,6.833307382748899,6.826455820373667,6.722406421886262
aime24,7,2,2,0,19.74319498413024,19.57036900375897,5.005612906643364,4.900146234376734,4.687197765633755,4.582949512041523
aime24,7,2,2,1,19.84542199625139,19.673322613016353,6.930922406354512,6.826626824022242,6.816324203100521,6.711746089877124
aime24,8,1,0,0,20.29769298815154,20.21070549972137,7.58150523824952,7.384001628906844,7.281549702838674,7.179091472607979
aime24,8,1,0,1,20.534511379082687,20.45083535131198,8.549651265639113,8.346792480551812,7.796703062467714,7.695730285377067
aime24,8,1,1,0,20.38816003505417,20.306203648488008,7.628545628904249,7.430364379160892,7.3559725819905,7.255747019826231
aime24,8,1,1,1,20.641012554733607,20.555526749831188,8.432585746504628,8.331459187502332,7.924489695142256,7.722537378867855
aime24,8,1,2,0,20.433970702924853,20.3522847655222,7.5698998634834425,7.468616090136493,7.45091526187025,7.250381027461117
aime24,8,1,2,1,20.424857171747135,20.342165359579667,8.415169254021748,8.314750636600365,7.862889769512549,7.663381277325243
aime24,8,2,0,0,20.44921785909537,20.367345042814122,8.310723421800503,8.210214355585777,6.7844472814613255,6.5835557893478835
aime24,8,2,0,1,20.759543898293487,20.58160787464658,9.461005148295953,9.359542663787579,8.50591862536021,8.405068734191445
aime24,8,2,1,0,20.70496798478416,20.518316671768844,8.36924689474472,8.266278757673717,6.722353945406212,6.621001234179857
aime24,8,2,1,1,20.704074824152485,20.525725906281878,9.45437035534269,9.35328796867907,8.463808805117878,8.362415878764295
aime24,8,2,2,0,20.58152072277153,20.405118823873636,8.348747496256692,8.246872288964369,6.712028632591682,6.608655054606061
aime24,8,2,2,1,21.41694138663297,21.331173011731153,9.833564413838758,9.633261136514193,8.831028226722992,8.72615333628346
aime24,9,1,0,0,20.463234761791682,20.380822542847454,7.130902539302042,6.931311351763725,7.1282161443377845,7.027476538951305
aime24,9,1,0,1,20.65328126946042,20.569725968471175,8.831651242417138,8.730517839921959,7.811290043264307,7.612710390731081
aime24,9,1,1,0,20.51573339440438,20.43323056659574,7.071341573919199,6.970263644234365,7.2505669609199686,7.049282949537883
aime24,9,1,1,1,20.71804021488788,20.6348148244615,8.909686359402258,8.808505382603471,7.700412425947434,7.501591230266058
aime24,9,1,2,0,20.46158880875737,20.378326847549033,7.056525765619881,6.953052703011053,7.1595344961679075,7.054845402308274
aime24,9,1,2,1,20.799049191282393,20.618428543002665,8.837293582018901,8.73454684005992,7.626420589986083,7.5253573400004825
aime24,9,2,0,0,20.67716839064815,20.49691601541781,6.637647535171709,6.532170734317333,6.7432233126965,6.641879405833606
aime24,9,2,0,1,20.789546507785417,20.61135753092458,8.18661674611576,8.08560196082908,7.773516093493527,7.669651155993051
aime24,9,2,1,0,20.613488277376746,20.438228050807083,6.623261699132854,6.521596058519208,6.717061558447313,6.61469737860898
aime24,9,2,1,1,20.691495027222118,20.608362507573474,8.283052937713364,8.082475421815616,7.76111421873793,7.658766355689295
aime24,9,2,2,0,20.68606843749876,20.602953671641444,6.815622031353996,6.603918902328587,6.766895328382816,6.664702570105874
aime24,9,2,2,1,20.72169080065578,20.63838658204986,8.293594339647825,8.091765581866639,7.789606464939425,7.68812395290297
aime24,10,1,0,0,19.648569152195705,19.562759789096162,5.366551656152296,5.26062309381814,5.606349101526575,5.4076563633316255
aime24,10,1,0,1,19.669533402520756,19.583298199449928,5.234661301074084,5.131169452852191,5.414181300693599,5.216676808231568
aime24,10,1,1,0,19.599987378569494,19.51432698069766,5.293853847433638,5.190789699099696,5.618228921775881,5.419248195266846
aime24,10,1,1,1,20.04579473805279,19.87258337885578,5.324750535237399,5.219583054440591,5.404869331869122,5.300702683598502
aime24,10,1,2,0,19.576262843656878,19.406511831675743,5.289718612857541,5.185552992315934,5.480257406361488,5.377385441533988
aime24,10,1,2,1,19.979063242317352,19.89006591384168,5.3531460193880775,5.248023539024871,5.409006796980975,5.302543566813256
aime24,10,2,0,0,19.998215702798916,19.830938543236698,5.591819027358724,5.488803914431628,5.718059949231247,5.614643492208415
aime24,10,2,0,1,19.75953008968645,19.673235195114103,5.371630405988981,5.166794026990829,5.680862910139695,5.573958581862826
aime24,10,2,1,0,19.553305046883906,19.46750960951249,5.717993140933686,5.508391320290684,5.729942523430509,5.62659628531037
aime24,10,2,1,1,19.745354823953676,19.65896431238434,5.256020246179105,5.149998883098306,5.669351945471135,5.565817577917187
aime24,10,2,2,0,19.627126702744135,19.541228992238757,5.739821800943901,5.535274558496894,5.745772488353396,5.642597250243853
aime24,10,2,2,1,19.72265465246892,19.636375124719052,5.239618804807833,5.135555914421275,5.749306370944396,5.547152714825643
aime24,11,1,0,0,20.130561019414017,20.042877058585873,8.27482873455665,8.168727918018703,6.608795305055537,6.411053406282008
aime24,11,1,0,1,20.941304070220212,20.76578164815146,9.212191003825865,9.103478074393934,9.309777550697618,9.203208792769146
aime24,11,1,1,0,20.51109985950461,20.331739121502324,8.344287460658961,8.237959577854781,6.581145340078365,6.475521984611987
aime24,11,1,1,1,20.610174949524662,20.43416514834462,9.107965508064808,8.99945823039161,9.212887976445927,9.106332714964083
aime24,11,1,2,0,20.443501742192893,20.26674350418034,8.29047783236092,8.18438734359006,6.569080702774954,6.462033902153053
aime24,11,1,2,1,20.53567046459648,20.4473804801637,9.22549709366649,9.024631222473545,9.214808543219988,9.107224101171596
aime24,11,2,0,0,20.700612800737872,20.61246865605426,7.563270394257415,7.36235957037934,6.9350380272226175,6.82745823814912
aime24,11,2,0,1,20.708246074264025,20.619816581984196,8.847209894611296,8.63953258976835,9.064731050784758,8.958627921856532
aime24,11,2,1,0,20.43278827341055,20.344145144463255,7.563505917914881,7.361831257640006,6.90793905459941,6.801303019528859
aime24,11,2,1,1,20.628189316539647,20.539791624742065,8.71687091421336,8.610252597463841,9.184573058519163,8.959252523709438
aime24,11,2,2,0,20.47523981264021,20.387368379033433,7.464290765710757,7.358121726610989,6.92907488291894,6.820564140525676
aime24,11,2,2,1,20.647283637117653,20.5588808594257,8.71260462099599,8.606464015429083,9.131232203344553,8.930540648634633
aime24,12,1,0,0,20.549914488128707,20.37887123424298,8.093941699371499,7.992862214905472,8.239229671744397,8.138706995850953
aime24,12,1,0,1,20.686974820364412,20.548907742067968,10.048903914139373,9.94580190626948,8.99337261716937,8.888924062830483
aime24,12,1,1,0,20.61658086722673,20.439768582036777,8.118454367377126,8.015232179786835,8.246462351507944,8.145333328229754
aime24,12,1,1,1,20.53605465198416,20.4537408167198,10.09080258609174,9.893456800909917,8.912600714666041,8.810706796793966
aime24,12,1,2,0,20.57795184009592,20.49556779275008,8.335525507845887,8.11879167213192,8.281145456749073,8.169226492100279
aime24,12,1,2,1,20.609916296962183,20.52760364040296,10.13304724574482,9.931930730544991,8.920703304738709,8.81979395308008
aime24,12,2,0,0,20.544504636291094,20.462456476707302,7.930547765681695,7.73169956255515,8.174223238256673,8.073321710980963
aime24,12,2,0,1,20.735093577968655,20.651447402542544,10.508737469081098,10.403147609395091,8.63144915228986,8.430755804965884
aime24,12,2,1,0,20.539315328278462,20.457080015603424,7.815848894551891,7.71442201175887,8.282429390419566,8.082791285232815
aime24,12,2,1,1,20.83072438290401,20.747436316469248,10.546393648382946,10.444049851230375,8.725705355573155,8.533309480753815
aime24,12,2,2,0,20.68127010943499,20.5981367653294,7.852146378809266,7.750964781280345,8.263388484465395,8.069510035511485
aime24,12,2,2,1,20.83879443398473,20.663719824369764,10.539852999954746,10.438485422127997,8.545002175651462,8.444498820153967
aime24,13,1,0,0,19.736491406092682,19.56162301939912,7.195233062702755,7.095427316471614,7.296744601262617,7.196439707058744
aime24,13,1,0,1,19.551525367205613,19.470915484362195,9.281545238536637,9.17772833190611,9.094919304516225,8.996365261737083
aime24,13,1,1,0,19.447190206847154,19.367404953300138,7.2649857852411515,7.055567426050402,7.265890535563813,7.166748976487725
aime24,13,1,1,1,19.584099597523164,19.502932472732937,9.440535761768842,9.240412582130375,9.06967085575161,8.970730062628718
aime24,13,1,2,0,19.422689683779026,19.34250544945826,7.242630609198386,7.0436912965305964,7.248663300742919,7.150742753765371
aime24,13,1,2,1,19.598845413838717,19.518068027537083,9.303731070303911,9.203797629197652,9.206473382619151,9.00992200786277
aime24,13,2,0,0,19.427517324402288,19.347652468695742,7.5686173590838735,7.470526168162905,6.721287425989431,6.522049215163861
aime24,13,2,0,1,19.677143777244055,19.59588358977271,8.502410480559774,8.400924874877091,9.347294273084117,9.150232562205929
aime24,13,2,1,0,20.251952582384547,20.16817093362988,7.885089999945194,7.78289110166952,6.783454542983236,6.583285531178262
aime24,13,2,1,1,19.772323410506942,19.595072738411545,8.497119070398185,8.39712049219088,9.233716582002671,9.135080859323352
aime24,13,2,2,0,19.68969323024794,19.5151068087398,7.609060589857108,7.510366691349191,6.665315906502656,6.566152047071228
aime24,13,2,2,1,19.860875261656474,19.681528253840952,8.558056164019945,8.458796387003531,9.279785093440296,9.179866241993295
aime24,14,1,0,0,20.237228781297745,20.15419974577526,7.880553613631491,7.6792492809545365,6.932851988040056,6.830559636455291
aime24,14,1,0,1,20.79700929698447,20.712945347895584,8.546891792775568,8.343334426172078,7.6300014725347864,7.5229061130812624
aime24,14,1,1,0,20.357132425942837,20.27292908223899,7.951098452849692,7.7512303473668,6.985905823967187,6.884418414301763
aime24,14,1,1,1,20.539849738270277,20.4538521129507,8.375213800718484,8.269826734249364,7.745281488496403,7.54615370715328
aime24,14,1,2,0,20.36367417576912,20.279665320231288,7.858772835788841,7.754112414204428,7.0257147540360165,6.918350796695449
aime24,14,1,2,1,20.53069909743499,20.446940183319384,8.351228433639335,8.24840372251856,7.721627308455936,7.5090573868692445
aime24,14,2,0,0,20.413086375356215,20.328141582012904,7.598424058869568,7.495446894608904,7.799211613473744,7.598652293381747
aime24,14,2,0,1,20.749469554630195,20.568397671922867,9.07708494560211,8.973728534783731,8.190366445433028,8.086951394489006
aime24,14,2,1,0,20.434255746295094,20.2574523086696,7.550957875082531,7.447280285305169,7.649618672076031,7.54751707017931
aime24,14,2,1,1,20.62442902706607,20.449464230296144,9.021536089676374,8.918131210975844,7.51526813246528,7.408551976823219
aime24,14,2,2,0,20.76362847674318,20.581894863425987,7.654292597635504,7.547195722509059,7.823872152584954,7.7146862618064915
aime24,14,2,2,1,20.89459152739437,20.81027739450292,9.27493596509521,9.072180898328952,7.644153238288709,7.537041652540211
aime24,15,1,0,0,20.48291089840859,20.40132487854862,3.917863015885814,3.7720656096098537,3.4700395549407403,3.3695968008942145
aime24,15,1,0,1,20.870853964879643,20.788352585896064,6.113709949204349,6.01204418717316,3.9396974530063744,3.8335645508595917
aime24,15,1,1,0,20.548581160255708,20.465416757815547,3.8972673714852135,3.7949574025333277,3.5385284800213412,3.3463155236859166
aime24,15,1,1,1,20.570502972532267,20.487750398388016,6.098716839460394,5.997809203108773,3.998342753675388,3.7968729925523803
aime24,15,1,2,0,20.603592582119745,20.52111613238594,3.946102570353105,3.844053394459479,3.57581736307111,3.3763216329134593
aime24,15,1,2,1,20.71183309362823,20.5569674490107,6.109220031248697,6.005894999816519,3.9084805544007395,3.8059265193624015
aime24,15,2,0,0,20.671112547006487,20.495488812684926,4.1280151444880175,4.025854785140837,4.019632402105344,3.9176291525109264
aime24,15,2,0,1,20.75628219927239,20.58031446495079,6.762694960798399,6.660647972694278,4.039299421492615,3.9365556485790876
aime24,15,2,1,0,20.601350535343954,20.424920515779377,4.109783507828979,4.008699086170964,4.0010323200476705,3.8992333552414493
aime24,15,2,1,1,20.785161441381206,20.700950632999593,6.890619300520484,6.687742452868406,4.06001485134766,3.9567093435834977
aime24,15,2,2,0,20.720409258046857,20.636763468701247,4.248518297117698,4.043817820274853,4.0545660276620765,3.952018871132168
aime24,15,2,2,1,20.71194717200342,20.629222019579174,6.883355480567843,6.680962012069358,4.04351001179748,3.9415870783159335
aime24,16,1,0,0,19.6413917224163,19.560703804472723,6.059854652448848,5.957881488484418,6.562687816312973,6.368915167968225
aime24,16,1,0,1,19.561902206987725,19.48104758230329,6.136151031114423,6.03814284386317,6.374357285494625,6.179111519486469
aime24,16,1,1,0,19.398467785322282,19.318519789067068,6.017949058332306,5.919589328186703,6.562434718944132,6.362659640672064
aime24,16,1,1,1,19.76555698820448,19.58686157831835,6.1500374922616174,6.050655414128414,6.260781628952827,6.1624458398910065
aime24,16,1,2,0,19.60227117206159,19.427168878792145,6.0261091562097135,5.926853370965546,6.447149039104261,6.349053269332217
aime24,16,1,2,1,19.674344414397638,19.500554788919544,6.140090788903763,6.041300152446638,6.256467160255852,6.157210671517532
aime24,16,2,0,0,19.55523478500254,19.379796406155947,6.851930152151908,6.753636781468231,6.1155340781624545,6.016895972607017
aime24,16,2,0,1,20.055423367011826,19.974455812189262,5.99569178530146,5.787013258213847,6.973018656026397,6.8697920901286125
aime24,16,2,1,0,20.019314148612466,19.93802947254153,7.175173011546576,6.971575242005201,6.326170710963197,6.223447636330093
aime24,16,2,1,1,19.73159958197357,19.650037058454473,5.97917842969764,5.779647043254954,6.905415320034081,6.806230374877487
aime24,16,2,2,0,19.53113088302416,19.450727628736786,7.0444851367028605,6.815078875206382,6.150755136786756,6.0523863321577664
aime24,16,2,2,1,19.799632453214144,19.717531632977625,5.92988663674987,5.827131793012086,7.028692269614112,6.835357925865537
aime24,17,1,0,0,20.623136253561825,20.540560320569057,7.848270257909462,7.746712246444076,7.533483527367935,7.331513980716409
aime24,17,1,0,1,20.792002011603472,20.61369018338155,7.952338816267002,7.845802378597,7.9336224880535156,7.83034529285942
aime24,17,1,1,0,20.42113706238524,20.24410882813754,7.86033108988704,7.756795304430852,7.532565672136116,7.430476972785982
aime24,17,1,1,1,20.627914004307968,20.447044324555463,7.914525863270683,7.812689414095075,7.935413409995817,7.831582456674369
aime24,17,1,2,0,20.636618578009802,20.458983250136953,7.867174921557307,7.765665773604269,7.5471815862329095,7.442488457400032
aime24,17,1,2,1,20.600509281393897,20.51645609753905,8.018084859486407,7.8138533713172365,7.89070035534678,7.787841105255211
aime24,17,2,0,0,20.445294976525474,20.360459492167138,8.123311761664809,7.918989472727844,7.655328593955346,7.551431534920994
aime24,17,2,0,1,20.665224132699223,20.58008980111481,7.8800187188790005,7.675681331875239,9.186670234157646,9.083654566438781
aime24,17,2,1,0,21.012900664118206,20.92885080492124,8.078728093551035,7.875399476233724,7.679736492264055,7.577278027383727
aime24,17,2,1,1,20.529214761609182,20.444965492060874,7.693986824051535,7.592007238145015,9.231024499968044,9.035662820224388
aime24,17,2,2,0,20.572709558564384,20.48837966776773,8.031666582155594,7.929093691473099,7.734109261946287,7.62451526179575
aime24,17,2,2,1,20.69212554306432,20.60774725396186,7.745077461095207,7.640546640686807,9.30663058989012,9.100146984565072
aime24,18,1,0,0,20.664006441620586,20.48910187477304,5.737311089887953,5.6362676368735265,5.716985519484297,5.617195422018995
aime24,18,1,0,1,20.70943969556538,20.53237562904542,7.952514378757769,7.851013163872267,6.305084148152673,6.203248991823784
aime24,18,1,1,0,20.56120859015209,20.38728342995455,5.724355250094959,5.623715984256705,5.732951183745172,5.631633554912696
aime24,18,1,1,1,20.587721402080206,20.50422607408109,8.031339449189545,7.831948500097496,6.302676769337268,6.201269793109532
aime24,18,1,2,0,20.563234507790185,20.480757621044177,5.929743648721342,5.7275620274594985,5.854062746038835,5.750864468609507
aime24,18,1,2,1,20.59722182821133,20.51443639857098,7.9486358868052776,7.8434366091642005,6.311732773156109,6.2093026722322975
aime24,18,2,0,0,20.523800968931027,20.44107148049079,5.3233175040077185,5.1229798436907,5.212578776990995,5.112457515679125
aime24,18,2,0,1,20.608744652236055,20.525632793123805,8.327648445174418,8.225339773161977,7.51869783971415,7.324828168293607
aime24,18,2,1,0,20.476847374993667,20.394497589677485,5.2308289064058044,5.129320652486058,5.29539289073,5.091544433525996
aime24,18,2,1,1,20.73261259783976,20.649406687425653,8.328736046678387,8.226077285144129,7.555953542578209,7.354579097864189
aime24,18,2,2,0,20.548006265926233,20.46517156668415,5.2227810310796485,5.119992656091199,5.295914472753793,5.094827675748093
aime24,18,2,2,1,20.8071978049702,20.62736718744418,8.325598226747388,8.223436456773925,7.442193078077253,7.340852105699014
aime24,19,1,0,0,19.651667163998354,19.48053189425991,6.768252746041981,6.663799581929197,6.769801230802841,6.664181406449643
aime24,19,1,0,1,19.73042683175663,19.643422160243063,8.912667136428354,8.713423715107638,8.278146265638497,8.173664340120013
aime24,19,1,1,0,19.70729419554118,19.62093967540568,6.766526133105799,6.660686281065864,6.806641593811946,6.702403312374372
aime24,19,1,1,1,19.680366554894135,19.593295648519415,8.8887579099719,8.676133390508767,8.250549679814867,8.146583171765087
aime24,19,1,2,0,19.522294046964817,19.435951738614676,6.873218703276507,6.674162414128659,6.757012355592451,6.6534276015772775
aime24,19,1,2,1,19.676086085837596,19.589416765484202,8.756814288972237,8.652336914110492,8.378085558433668,8.181563871403341
aime24,19,2,0,0,19.497770679663518,19.411489867252385,6.535445293138764,6.431791374780005,6.635121788804099,6.431196851735876
aime24,19,2,0,1,19.691544991928822,19.604710616931698,7.661203003863193,7.556427050531056,8.58353608964535,8.383143816445227
aime24,19,2,1,0,20.134287683504226,20.047966812398954,6.737186379268678,6.632211655869469,6.8358436951712065,6.624755511893454
aime24,19,2,1,1,19.847263050451147,19.67312496071827,7.67414819165424,7.569381316443469,8.52192332422419,8.417461089720746
aime24,19,2,2,0,19.997882765892427,19.90900376540594,6.5736808787733025,6.469661484516109,6.563386906236701,6.458969609411724
aime24,19,2,2,1,20.20379495297675,20.114865453251696,7.682166230551957,7.577117800792621,8.61746312921241,8.511428113251895
aime24,20,1,0,0,20.20316848438597,20.12235479287483,8.094747136510705,7.888893191193347,7.006540468410094,6.905540203206328
aime24,20,1,0,1,20.477814589867194,20.395096324591577,8.394641613449494,8.186233203105076,8.3225271637275,8.221571913963999
aime24,20,1,1,0,20.387683316585026,20.305569277297764,7.951706632866262,7.752182277272368,7.004702941230789,6.904588285124191
aime24,20,1,1,1,20.605428488124744,20.522474398148915,8.259596328116459,8.155976941452536,8.386980328396021,8.185727687305189
aime24,20,1,2,0,20.442543730496254,20.354650273475272,8.016698753635865,7.913559667940717,7.142482136714534,6.940956101516349
aime24,20,1,2,1,20.44970549604841,20.36739964842127,8.1947579728876,8.094907238501037,8.228134844102897,8.121631898575288
aime24,20,2,0,0,20.610666601442063,20.528339077827695,7.232509359255346,7.130659308586473,7.135453148293891,6.935289773537079
aime24,20,2,0,1,20.999824117097887,20.819930640755047,7.567926476895082,7.465847214916721,7.436175175826065,7.333941578508529
aime24,20,2,1,0,20.62146152729838,20.44006759797412,7.2818753710635065,7.1806896289672295,7.095482254044327,6.994326905896742
aime24,20,2,1,1,20.613795590179507,20.52651202347988,7.513432078212645,7.412613132601109,7.406381871078338,7.304686261704774
aime24,20,2,2,0,20.67768096458167,20.589245995779493,7.213451468942367,7.113288781056326,7.0591978164884495,6.95880059765841
aime24,20,2,2,1,20.88195705482576,20.799150996026583,7.629092738170584,7.434399441081041,7.521950988120807,7.420267863381014
aime24,21,1,0,0,20.441557863250637,20.355992030999914,8.210655726543337,8.007947496025736,7.377051163985016,7.276793609435117
aime24,21,1,0,1,20.524429070519545,20.442239054318634,10.68163125000865,10.579858535493258,10.088613105381228,9.88876237124714
aime24,21,1,1,0,20.52606685583669,20.44384714872649,8.143554304751888,8.04164313694855,7.4850964806501,7.285327621502802
aime24,21,1,1,1,20.59178458603128,20.509153128841717,10.651106078057637,10.55042240614057,10.084298374749778,9.893368980101513
aime24,21,1,2,0,20.791528003883286,20.703960078208183,8.179232816473814,8.078387703335466,7.524516749981558,7.291490406259982
aime24,21,1,2,1,20.67949700403915,20.50162588693638,10.65923512851441,10.55770669154299,9.99883106260313,9.897072437524912
aime24,21,2,0,0,20.681388183675153,20.507816890585673,8.771421461005957,8.668892308378418,7.549434304564784,7.446993640769506
aime24,21,2,0,1,20.84519104255378,20.669396074026736,9.326539058747585,9.22345739809316,9.327688706889603,9.225212562796514
aime24,21,2,1,0,20.62577449987657,20.44853831284854,8.713837566574512,8.611780910086964,7.52061187495201,7.418379179398471
aime24,21,2,1,1,20.858185175711697,20.774846019776305,9.390144093686104,9.189082187276654,9.326906066235097,9.224085382811609
aime24,21,2,2,0,20.5589353358846,20.475906249885156,8.830319695334765,8.62954950389394,7.5412598125694785,7.43950450396369
aime24,21,2,2,1,20.768989296811924,20.685761554886994,9.309035007845523,9.203245125263493,9.291534765907272,9.189812871227332
aime24,22,1,0,0,19.517176664066938,19.435921175954718,7.501079058783944,7.40097274638174,6.863180851723882,6.672907331903843
aime24,22,1,0,1,20.075682882634283,19.992721281141712,9.135420734310173,9.036184617343679,9.49836144945948,9.293844949297636
aime24,22,1,1,0,19.445828999778314,19.366111664112395,7.455882207068498,7.357494738243986,6.94849789078944,6.8096844611318375
aime24,22,1,1,1,19.730248527139338,19.538294707217574,8.962720945419278,8.86379392568415,9.239877023446752,9.141244773218205
aime24,22,1,2,0,19.610371132785076,19.432623722877906,7.5004154450653004,7.40132925375292,6.770098632841837,6.671100456969725
aime24,22,1,2,1,19.631260234291403,19.45756903523943,8.971028347332322,8.871959363204951,9.197993374982616,9.097997656226653
aime24,22,2,0,0,19.517567335697095,19.34541436685322,7.5748329804810055,7.4765631989066605,6.3192546485879575,6.220600972483226
aime24,22,2,0,1,19.617364253917913,19.53621623442814,10.254015124701255,10.05114055078593,9.769741242052987,9.670188132986368
aime24,22,2,1,0,20.156209511696943,20.073084273462882,7.9164292969835515,7.712009632996342,6.543299722579832,6.442180289013777
aime24,22,2,1,1,19.67282370742396,19.591217609558953,10.52644880473963,10.297920035100105,9.982327449051809,9.878423386908253
aime24,22,2,2,0,19.586279074246704,19.50556219162536,7.7286691794142826,7.528283308602113,6.372704984187294,6.273688378769293
aime24,22,2,2,1,19.83677445741705,19.75564504664362,10.230334375137318,10.130801257673738,9.898618980059837,9.697361425878626
aime24,23,1,0,0,20.2880123124487,20.20637571104089,7.451397546901717,7.3525715079085785,7.036553171928972,6.842869128831808
aime24,23,1,0,1,20.594037616774585,20.41855098832457,9.297191988480336,9.193991433676274,8.031473722894589,7.929841371151269
aime24,23,1,1,0,20.330553687472275,20.243463101905945,7.525321218508907,7.423371121149103,6.995957214712689,6.895355734286568
aime24,23,1,1,1,20.480094659887982,20.392393043039192,9.296213679590437,9.196249910473853,8.018552738121798,7.916327933799039
aime24,23,1,2,0,20.504967167653376,20.33153472302729,7.5714309100476385,7.470967386780103,7.011838511971291,6.910255308866908
aime24,23,1,2,1,20.582578234552784,20.49991052308542,9.314009449099103,9.207470711317,8.067696968737437,7.966146464696067
aime24,23,2,0,0,20.479736843753926,20.397296616920357,7.332895234412717,7.129727991923573,6.708769120905345,6.607077737953659
aime24,23,2,0,1,20.61110337899663,20.527906511688343,7.956988590194669,7.753672961371194,8.287879008094023,8.186103398202249
aime24,23,2,1,0,20.50255883978025,20.42054925368575,7.2453163593309,7.140710234580183,6.697370675738057,6.5958267418864125
aime24,23,2,1,1,20.62798324641335,20.54520594128917,7.861954069994681,7.760517832139158,8.27552518740049,8.16978400825974
aime24,23,2,2,0,20.629447050851013,20.54633522675431,7.377560788881965,7.273645937402762,6.825717015544797,6.625514675761224
aime24,23,2,2,1,20.891316285542416,20.808725746064738,7.829007784948772,7.728085402504803,8.356919656307582,8.154744008152193
aime24,24,1,0,0,20.527732308437407,20.347106531517056,6.4938955624711525,6.3909099881129805,6.166353679873282,6.063217175778846
aime24,24,1,0,1,20.650995800679084,20.471765570619027,8.29966274977778,8.196560347641935,6.7543004411163565,6.64726028117002
aime24,24,1,1,0,20.531649304757593,20.35470271448503,6.507204089757579,6.405013992207387,6.177098730404396,6.073983695387142
aime24,24,1,1,1,20.590214703133825,20.506225828285096,8.427029386439244,8.219564062528661,6.777771507586294,6.673585379303404
aime24,24,1,2,0,20.429913882708206,20.346200347830745,6.588978894797037,6.387417574387655,6.169511207190226,6.067031304610282
aime24,24,1,2,1,20.598012507889507,20.51384493779551,8.29147919512252,8.184344843812141,6.745494214555947,6.642561527314683
aime24,24,2,0,0,20.45551948413049,20.37165325782553,6.052407976767427,5.848644609159237,5.963979308489797,5.860010538981442
aime24,24,2,0,1,20.616213359517133,20.531621832105884,6.893327992202103,6.789154074340331,7.40965575005248,7.203713152193814
aime24,24,2,1,0,20.61748465621349,20.533197327949892,5.9862504608645395,5.882802941414411,6.096627554597944,5.895796457025426
aime24,24,2,1,1,20.75280631243004,20.668119125275553,6.8957745193074516,6.792182761728327,7.432480535044306,7.228344069972081
aime24,24,2,2,0,20.653214214689797,20.568931179695937,6.0230702147237025,5.919567371165613,6.116897464835347,5.910579687679274
aime24,24,2,2,1,20.785979687389045,20.60840060130431,6.895214422002027,6.790291733977938,7.343587257764739,7.240291605285165
aime24,25,1,0,0,19.686045738126268,19.51119382010802,5.61271937112906,5.508940503659687,5.211818761381437,5.107052206767548
aime24,25,1,0,1,19.865034097620082,19.779037530952337,5.985827906442864,5.795598070562846,7.4710895778480335,7.367207613242499
aime24,25,1,1,0,19.507038562551315,19.421377460730582,5.692831586202374,5.495012554547429,5.180161597309052,5.07619864811204
aime24,25,1,1,1,19.657185355754336,19.571235421608435,5.942384742411377,5.7458339333607,7.408607835714065,7.305539035314723
aime24,25,1,2,0,19.575280659864802,19.48983015245176,5.71609874987189,5.5198001755343284,5.2076372112424,5.104694121200737
aime24,25,1,2,1,19.578943074520794,19.492777437335462,5.858472101408552,5.7542175941307505,7.512672511438723,7.3168287576663715
aime24,25,2,0,0,19.50992204274371,19.42460137888702,5.598736913725588,5.495081465141993,5.585193351635098,5.394893426000635
aime24,25,2,0,1,19.715036195066205,19.62909147277969,5.677248488609621,5.573116819959978,6.404370636573731,6.207705960605381
aime24,25,2,1,0,19.617779062173213,19.53200119169196,5.643825984407158,5.540395090065431,5.539622996366234,5.434043578134151
aime24,25,2,1,1,19.762301226364798,19.591529839999566,5.661187738496665,5.556199476359325,6.298462800714333,6.193922906277294
aime24,25,2,2,0,19.948224179643148,19.775079359533265,5.722606140807329,5.618339734610345,5.526220265892334,5.422695632660179
aime24,25,2,2,1,20.41063490241868,20.230314410127903,5.855546288785263,5.750521332174685,6.488164308393607,6.380888648436667
aime24,26,1,0,0,20.066780628894776,19.983915941338637,4.407645246374159,4.192490757759515,4.478029331949074,4.37401812087046
aime24,26,1,0,1,20.682145702721755,20.598049437467125,5.529297914108611,5.324764753822819,5.642633148454479,5.538636832170596
aime24,26,1,1,0,20.52474115998848,20.441597097942577,4.2901725623778475,4.084933187641582,4.513102831879223,4.411448414430197
aime24,26,1,1,1,20.494252929893264,20.40984084351294,5.422049933713424,5.318273984357802,5.74499428148556,5.5413136797142215
aime24,26,1,2,0,20.357611191229807,20.2735569532706,4.206013605198677,4.102319980120228,4.637709999769868,4.435439769622462
aime24,26,1,2,1,20.386874656196596,20.303168710597674,5.400276894306444,5.297455659729167,5.6445947229804005,5.502043066371698
aime24,26,2,0,0,20.414927539150085,20.330366874986794,4.533969785370573,4.432985945186374,4.502995996517711,4.306791582166625
aime24,26,2,0,1,20.73562602754464,20.5565367618874,5.581608816555672,5.4765858558312175,5.240207343831571,5.1371127301536035
aime24,26,2,1,0,21.19422688292616,21.005919304570853,4.590284160258307,4.481972261601186,4.426663277172338,4.323864304296876
aime24,26,2,1,1,20.715586988444556,20.537214831620076,5.567746612996416,5.464795613534079,5.219809367190464,5.117386773690669
aime24,26,2,2,0,20.639918566757842,20.46137972683937,4.566290894217673,4.464316948997293,4.454638542938483,4.346868945503957
aime24,26,2,2,1,20.641529597469344,20.557642625135486,5.616254883079819,5.446154343644594,5.22955453106988,5.126039839979057
aime24,27,1,0,0,20.673892297054408,20.582468956945377,6.5812223515422374,6.388849175891664,6.494759589713794,6.385360601598222
aime24,27,1,0,1,20.606517066426022,20.514590976290492,6.533140714964247,6.4225141368297045,7.703546769334935,7.506160066441225
aime24,27,1,1,0,20.491388515438302,20.399775429723377,6.501960902369319,6.392097109255701,6.605893101550464,6.409273601548193
aime24,27,1,1,1,20.631823062558396,20.53991969933122,6.522076098008256,6.411972179648728,7.718711929555866,7.514880476264807
aime24,27,1,2,0,20.476532183693053,20.385025597988715,6.49922500770117,6.389616331944126,6.582832796993898,6.385430113368784
aime24,27,1,2,1,20.70372266780396,20.53037510950162,6.538626367273537,6.427289562452643,7.6301963554215035,7.519387957472645
aime24,27,2,0,0,20.71500111696878,20.5396051014759,6.340481238567008,6.229913078186655,6.767889511593239,6.657508624812181
aime24,27,2,0,1,20.74307692964794,20.569518937463727,7.105112449153239,6.994671624852344,7.7469723751164565,7.6362179570423905
aime24,27,2,1,0,20.66272355068577,20.48870619501031,6.3039044607648975,6.193851245825499,6.742252804542659,6.632006414292846
aime24,27,2,1,1,20.77116852342442,20.679024922173994,7.22887940628425,7.024043730325502,7.799751703259972,7.6886495862709126
aime24,27,2,2,0,20.63610839059038,20.544448089822254,6.313091445463215,6.200590519711113,6.76678033596545,6.656384617144795
aime24,27,2,2,1,20.785756445093284,20.693504011887853,7.201741788776417,7.003372339568159,7.771687148760975,7.661037230263901
aime24,28,1,0,0,19.613716176081653,19.53503754657504,6.637253433382284,6.538023121265724,5.700402199181553,5.495451710885391
aime24,28,1,0,1,19.709715382759896,19.630664355645422,7.647144007933093,7.548834433691809,7.4555282385517785,7.258028164415009
aime24,28,1,1,0,19.677229312492273,19.597657546455594,6.705460656121431,6.606966863273556,5.730027332447207,5.532634328119457
aime24,28,1,1,1,19.58567700421554,19.500923429404793,7.601967507980589,7.5045825974484615,7.294964875200094,7.198302840151882
aime24,28,1,2,0,19.621049093984766,19.450417390544317,6.664818460649258,6.567398191691609,5.610547777450847,5.51310634773472
aime24,28,1,2,1,19.669094047003455,19.498699804444186,7.598453363243607,7.500779116980993,7.38335469895901,7.2852351013352745
aime24,28,2,0,0,19.56877988686756,19.3975375041191,6.63188860153241,6.535758148402238,6.430090437788749,6.333089269446646
aime24,28,2,0,1,19.717028824288718,19.637289426100324,8.192793343823723,7.995940382443223,6.502118937532941,6.404223347999505
aime24,28,2,1,0,19.563183066566125,19.483754289012722,6.776067925784446,6.576518855581526,6.4599717966302705,6.361522644510842
aime24,28,2,1,1,19.79502955055068,19.714969589585962,8.188707659883221,7.993262972831872,6.517482675917563,6.419943043056264
aime24,28,2,2,0,19.571251957131608,19.4920052776979,6.785373335787881,6.585662851193774,6.478031457390898,6.381485925430752
aime24,28,2,2,1,20.06209439423401,19.979995687663177,8.335903046827298,8.234552527483174,6.641413187480794,6.442770910325635
aime24,29,1,0,0,20.185955914257647,20.01867676153779,14.987890472639265,14.878192132982804,8.499092398324137,8.302107171857642
aime24,29,1,0,1,20.667857828357228,20.495382730587153,10.118394976416312,10.007334547026403,8.577348179642286,8.466428898827871
aime24,29,1,1,0,20.50237942557942,20.329135792962916,9.407167030985875,9.297203199366777,8.516107175637444,8.405888554534613
aime24,29,1,1,1,20.598421070189943,20.4244292463045,10.071110488297563,9.96116027363314,8.578419988225505,8.46751158223924
aime24,29,1,2,0,20.526963367046847,20.351125683646387,9.383033390804485,9.274040008222073,8.537788426110637,8.427848003975669
aime24,29,1,2,1,20.545068675801303,20.452915183795994,10.15676238694141,9.95977156662775,8.561548597754154,8.451916132798942
aime24,29,2,0,0,20.441964035398996,20.35121694143527,8.975030140845774,8.760317870837753,8.768429054725857,8.658529668082338
aime24,29,2,0,1,20.694758906302013,20.60339401532474,9.053558113464533,8.852188515447779,8.536146617188933,8.426409543062618
aime24,29,2,1,0,20.489154558617884,20.391915296841034,9.019434242418356,8.812850284812157,8.86594028906984,8.756843582432339
aime24,29,2,1,1,20.753155945385515,20.661924449541402,8.92438562505049,8.814718929897936,8.500191671828361,8.38774136354914
aime24,29,2,2,0,20.594499554590584,20.503607476712205,8.912093570415891,8.802465101780399,8.935618789109867,8.73361270305395
aime24,29,2,2,1,20.700371781003923,20.60907620307262,8.94472535173918,8.835235757942428,8.604315913999017,8.403799155985325
aime25,0,1,0,0,20.410272191384138,20.323761277268204,5.198843433845468,5.094208047012216,4.994701812393032,4.889747082415852
aime25,0,1,0,1,20.634891859572235,20.54821294541398,6.758910300959542,6.653984784861677,5.967087789031211,5.862031214746821
aime25,0,1,1,0,20.5865664220255,20.410131535300025,5.217297909894114,5.112649253987911,4.9777070389609435,4.8729068671491405
aime25,0,1,1,1,20.65482474199598,20.56794220334268,6.749329472768295,6.641975601269223,5.96540049991745,5.858881234416913
aime25,0,1,2,0,20.477707535064837,20.391238636420894,5.2953405192965874,5.092283960948407,4.988766695078084,4.88170956259637
aime25,0,1,2,1,20.653984718592255,20.567204328017397,6.843008062332956,6.644614992183051,5.9795380429932266,5.874737132671726
aime25,0,2,0,0,20.707604449398787,20.620977847556787,5.017084843530029,4.9127344923363125,5.5814594416006,5.476962816373998
aime25,0,2,0,1,20.864712187631085,20.77776534406439,6.936964531178091,6.830419648395036,8.591941214945109,8.485025859044981
aime25,0,2,1,0,20.636424015719967,20.55001805865686,4.997941429337516,4.892695363196253,5.63852484765448,5.421192882749892
aime25,0,2,1,1,20.752471585637977,20.665410031142528,6.902964058554062,6.7979515074512165,8.64072151171058,8.436774273377523
aime25,0,2,2,0,20.642097277232097,20.555581101234566,5.02284037111167,4.918124273444846,5.695046117125457,5.486351937634026
aime25,0,2,2,1,21.000842007651954,20.821127422095742,6.961132835840544,6.853705816411093,8.627627640635183,8.520364070136566
aime25,1,1,0,0,19.51599023050221,19.436936980582686,8.419609687280172,8.323085094161797,7.057168363189703,6.959379929867282
aime25,1,1,0,1,19.65592159785956,19.576424554998084,11.386021285034076,11.286060218935745,9.531284757940739,9.432315644517075
aime25,1,1,1,0,19.800868265519966,19.721072925676708,8.564863554965996,8.395947636927303,7.093990437624598,6.994791605393402
aime25,1,1,1,1,19.647747035378416,19.566300941278314,11.476168378976581,11.285444832083158,9.50585361715639,9.408857492417155
aime25,1,1,2,0,19.608416429946374,19.530158589986968,8.516321144725225,8.318239359141444,7.055838874748588,6.959878089674021
aime25,1,1,2,1,19.683486609210377,19.60414961740753,11.446826179962954,11.349126120876463,9.609414835722419,9.408040863036149
aime25,1,2,0,0,19.498234277307347,19.41960736303372,7.882444780989317,7.785938535107562,7.126106679606892,7.03054657424218
aime25,1,2,0,1,19.694605046879587,19.6150105975903,10.478400136889832,10.380839890785865,9.429045554497861,9.332023882961948
aime25,1,2,1,0,19.59951369144619,19.520909581842716,7.909659734195884,7.812866917902284,7.301102414203342,7.101975230398239
aime25,1,2,1,1,19.812376140635024,19.63575312129251,10.507942468848341,10.40966900791318,9.440273027394142,9.342712816760468
aime25,1,2,2,0,19.640067077943968,19.46667935953883,7.932759624964092,7.83539814847245,7.205078136848897,7.108133101610292
aime25,1,2,2,1,19.760675414090656,19.58775570301441,10.515150574519794,10.41753086292374,9.438420609512832,9.341306808892114
aime25,2,1,0,0,20.177577585855033,19.96090521060978,7.190065007762314,6.954839234367682,6.33325983199029,6.09803304723755
aime25,2,1,0,1,20.582950362950214,20.366481507608114,7.840556769224349,7.604895996337291,8.050605366861419,7.814849605438212
aime25,2,1,1,0,20.446359730158292,20.229862007909105,7.250136101447424,7.008731894529774,6.401369804734713,6.166690453028423
aime25,2,1,1,1,20.587275667821814,20.37179425769864,7.84716457428658,7.610307320192078,8.049037402543036,7.806822527072654
aime25,2,1,2,0,20.459536797261535,20.24431733207166,7.271777113146527,7.036477331894275,6.4096802852873225,6.173286679768353
aime25,2,1,2,1,20.563832973039098,20.348085605746746,7.840622249659646,7.604772226841305,8.03486666018216,7.798259882747516
aime25,2,2,0,0,20.626622648251214,20.410226183685154,7.0768599298389745,6.840824980827165,6.659171374849393,6.423669914056518
aime25,2,2,0,1,20.710310902359197,20.493410558628966,8.671559136928408,8.43503814030555,6.7193232266618,6.48380337497656
aime25,2,2,1,0,20.637550499941426,20.41652915204395,7.130557367418078,6.894926417771785,6.687559300644352,6.451443988225947
aime25,2,2,1,1,20.71991183629507,20.499135117006517,8.614150882749527,8.378661328151793,6.686828933652578,6.451260469020781
aime25,2,2,2,0,20.6368446288252,20.416053796907363,7.108521132522583,6.872789776934951,6.6845666679000715,6.448460140745738
aime25,2,2,2,1,20.908294617129286,20.690932613433688,8.694247156654455,8.45654018348796,6.760030933946837,6.522999031403742
aime25,3,1,0,0,20.752393140355707,20.665185046709666,5.623703324090457,5.515957351690304,5.239965038981609,5.1349041759749525
aime25,3,1,0,1,20.620491789031803,20.532939617169177,7.209153046915162,7.103314332198352,6.114347546827048,5.910973030950117
aime25,3,1,1,0,20.596559480509313,20.509449375367694,5.728673234443704,5.623309327802417,5.284793390728737,5.086701566597185
aime25,3,1,1,1,20.670941328262415,20.583414042903314,7.273712324149528,7.167353140630439,6.016201105467189,5.907983558699925
aime25,3,1,2,0,20.4711572459928,20.383600081913755,5.648000332257652,5.54113328917083,5.328869882760046,5.127436179918732
aime25,3,1,2,1,20.715906199257006,20.56365360158452,7.1914941404429555,7.085430137067306,5.994081336211821,5.888628636512294
aime25,3,2,0,0,20.79928027706046,20.61911330474686,5.643627816425578,5.537639000067429,5.74114748815191,5.635642128709151
aime25,3,2,0,1,20.853647956755594,20.67241184795421,5.594595550519443,5.488876546678512,6.798732179504441,6.69197056640769
aime25,3,2,1,0,20.642025792767527,20.463517937514553,5.645569984608301,5.540222441595688,5.753844093760563,5.647424003655033
aime25,3,2,1,1,20.795053921574436,20.705053601432155,5.7892632421499,5.582860464528494,6.7729504880844615,6.666182422122802
aime25,3,2,2,0,20.592902105363464,20.505645843968523,5.669624816619034,5.561089812545106,5.769126839823002,5.662813394337718
aime25,3,2,2,1,20.828058070037514,20.739743863487092,5.72007362916338,5.521960581972962,6.830543953128654,6.723952554693824
aime25,4,1,0,0,19.48766732812146,19.40860140211953,4.87616711325245,4.777519578055944,4.649588796837634,4.451861601410201
aime25,4,1,0,1,19.641628175577353,19.5619380624521,5.642804655963118,5.54541442579648,5.519023538909096,5.321747238212993
aime25,4,1,1,0,19.58163262497692,19.502503082094336,4.794013616901793,4.696067515396862,4.708637589828868,4.500905425629753
aime25,4,1,1,1,19.63778054323484,19.554001585674996,5.650067300848605,5.552484710733552,5.426277426067827,5.329541136688931
aime25,4,1,2,0,19.51184849576748,19.339309296810825,4.78449907814138,4.685925992362172,4.569922097743984,4.4727875706485065
aime25,4,1,2,1,19.604170902312035,19.432015867096197,5.625682476420479,5.529889875106164,5.402392082032748,5.304300023453834
aime25,4,2,0,0,19.512299750203965,19.341535464718618,5.472670480685338,5.376970359520783,4.8522619886171015,4.755554659823247
aime25,4,2,0,1,19.718829804787674,19.639207222553523,6.705129738293181,6.6008373983095225,6.175898433866678,6.07726064072267
aime25,4,2,1,0,19.56846803523149,19.48936369490184,5.625654257983115,5.4246443010015355,4.915684105526452,4.816841589672549
aime25,4,2,1,1,19.631818121069955,19.55203231636915,6.820064741987153,6.620256187488849,6.1842485429224325,6.086182027047471
aime25,4,2,2,0,19.51331619920893,19.43334296447574,5.639103609155427,5.438015636627824,4.895058222700754,4.798060570465168
aime25,4,2,2,1,19.65799385925493,19.577775105517503,6.71315456247612,6.615389086164214,6.268117128911399,6.071026425615855
aime25,5,1,0,0,20.151999488462025,20.06908813291375,5.438318843516754,5.337628961115115,4.790998234057042,4.589052902701951
aime25,5,1,0,1,20.47331612538983,20.384131008086115,5.65469868342916,5.548807117520482,7.162549468830548,7.059553007820796
aime25,5,1,1,0,20.427191792805388,20.249786624845,5.476986714711529,5.375242085847276,4.721269632682379,4.619739621375629
aime25,5,1,1,1,20.51255654259876,20.423183093953412,5.640382285491796,5.537885042940616,7.164092538914701,7.060476359583845
aime25,5,1,2,0,20.494632097779686,20.33747232007954,5.492425800639467,5.386876508055138,4.742982355310232,4.634379597973748
aime25,5,1,2,1,20.49262183618339,20.408829039297416,5.712891398616193,5.536534222756018,7.154716832246777,7.0512957186110725
aime25,5,2,0,0,20.42501962523602,20.34112214050765,5.283982144192123,5.085002258056193,5.2883533671774785,5.185528222682478
aime25,5,2,0,1,20.585993331678765,20.500781266036938,5.5345751720778935,5.332959781298996,6.447456441037502,6.344495902339986
aime25,5,2,1,0,20.460488949538558,20.37655336334865,5.3121878945603385,5.110529816192866,5.31320398022217,5.2105229606240755
aime25,5,2,1,1,21.132897531515482,21.047783300673473,5.472503468809009,5.368455011648621,6.550323468673014,6.342732781376981
aime25,5,2,2,0,20.336385652171884,20.250562121418625,5.171410050934355,5.068523882982845,5.381688144552754,5.179686984320142
aime25,5,2,2,1,20.579042960889637,20.49475649255328,5.425364429811452,5.322792511833541,6.521102839542436,6.319053593870194
aime25,6,1,0,0,20.483269691339956,20.294290730362263,9.098766297029215,8.996078468499036,9.612489331630059,9.510250023140543
aime25,6,1,0,1,20.65025235970097,20.473012253660272,10.688412058698304,10.585649855329393,9.370611820031627,9.267528902455524
aime25,6,1,1,0,20.457810722746217,20.36797623441089,9.100999347538163,8.998215898373019,9.637280797051062,9.534060054647853
aime25,6,1,1,1,20.882465105387382,20.79773136347285,10.90025056646482,10.692504863527574,9.511935625141632,9.407339351582777
aime25,6,1,2,0,20.4365783160938,20.35249958589702,9.198980781093269,8.993931398435961,9.684918781204033,9.580103124790185
aime25,6,1,2,1,20.630080797218397,20.545381769807136,10.787484015963855,10.583673980363528,9.37034407434112,9.266667230349412
aime25,6,2,0,0,20.47625713657908,20.391007945363526,9.416988059001596,9.218234484251298,9.335776660464035,9.232299371433328
aime25,6,2,0,1,20.650125577958534,20.56563740643469,11.909189945527032,11.805688281128823,9.611933175619924,9.40636492214253
aime25,6,2,1,0,20.52434673441894,20.44027128476955,9.285527757583623,9.182072843941569,9.452637640606554,9.25094932790671
aime25,6,2,1,1,20.637899859593745,20.553095933337318,11.898161219050962,11.79473149613841,9.612354191176564,9.408094734226324
aime25,6,2,2,0,20.618700742488727,20.5341207811216,9.290011988468905,9.186700722693786,9.51060299985329,9.30468895330705
aime25,6,2,2,1,20.850241574407846,20.67230323473268,11.982934285242663,11.8762822107783,9.562063773500995,9.456774007958302
aime25,7,1,0,0,19.706270605638565,19.532799699391035,6.170040226606943,6.065178992230358,6.433045199173648,6.327728758151352
aime25,7,1,0,1,19.80657585136214,19.718286800980422,7.420899656608526,7.225379961255385,7.241713867188082,7.135392710551969
aime25,7,1,1,0,19.725073984318442,19.637529875126347,6.243446058761037,6.046830430022965,6.470261902450147,6.364489535371831
aime25,7,1,1,1,19.735659988327825,19.647125605388283,7.373337859462481,7.259069554947928,7.237254843857954,7.130057492304331
aime25,7,1,2,0,19.612614472407586,19.525098339727265,6.213325023509242,6.0269246796451625,6.430091605579946,6.325251577891322
aime25,7,1,2,1,19.59273741385914,19.50480781670194,7.303306800622522,7.1977993707150745,7.2992708087440406,7.100211191300332
aime25,7,2,0,0,19.49041001171281,19.403122460971645,6.738802437212144,6.633489511841617,6.393968257725646,6.2042005315561255
aime25,7,2,0,1,20.39237380859049,20.30419676202655,7.97042796466485,7.864257511755568,7.310554163723282,7.202255254014744
aime25,7,2,1,0,19.706178793057916,19.618603980234184,6.863144109502173,6.757798628768796,6.510837894893484,6.3149017269097385
aime25,7,2,1,1,20.127389687331743,19.954861660153256,7.850847796817106,7.743648304767703,7.33819266770297,7.231963999856816
aime25,7,2,2,0,19.558014328140416,19.468278265776462,6.777648409752146,6.6721746679831995,6.356326945478941,6.251389546832797
aime25,7,2,2,1,19.794343121247948,19.619167617292987,7.660947371277871,7.555742734439264,7.235687847696681,7.129952734430844
aime25,8,1,0,0,20.199633726861066,20.05440646871648,6.655444886746409,6.459649761382025,5.150045289155969,4.98590160123058
aime25,8,1,0,1,20.578214539000328,20.432285437436803,6.412765676031995,6.216931215021759,5.859829460860055,5.69438834736502
aime25,8,1,1,0,20.34593672669871,20.20050680857821,6.6639900119298545,6.490268988272874,5.158223777470994,4.993795546852198
aime25,8,1,1,1,20.871954316589836,20.725746827793046,6.610188031572761,6.4417026405863,6.043164500169951,5.8372068592689175
aime25,8,1,2,0,21.166068234379054,21.01973311346228,6.8794980275015405,6.711695902140491,5.405145101576636,5.203746211009275
aime25,8,1,2,1,20.52046137077923,20.374327406443626,6.403059910098818,6.238348496026447,5.8885971325253195,5.693577066267608
aime25,8,2,0,0,20.4618034217674,20.315514031153725,6.486285050868901,6.3217694764716725,5.877908171441959,5.67243831255837
aime25,8,2,0,1,20.68802275789494,20.51469639854986,6.332194351671205,6.166381996081327,6.465204292908311,6.300408926108503
aime25,8,2,1,0,20.5433956248271,20.39246413278306,6.516916480450163,6.350774527618341,5.880471550881339,5.715443761800998
aime25,8,2,1,1,20.623004073968332,20.4452197849605,6.317820843833033,6.152867328182765,6.428896831948805,6.263587746161647
aime25,8,2,2,0,20.42850492580328,20.255895921764022,6.473464929968031,6.309360976501921,5.847178695148614,5.681442886725563
aime25,8,2,2,1,20.727405097659357,20.580656086167437,6.372350136643945,6.174573250063986,6.505127296804858,6.339659187688085
aime25,9,1,0,0,20.68010059383596,20.596311597728345,5.605770827969536,5.399668695190485,5.053399843745865,4.95302164063105
aime25,9,1,0,1,20.554386128878832,20.471561691465467,8.286722558750625,8.18532974608388,8.160528578173398,7.9612382501181855
aime25,9,1,1,0,20.46708900388694,20.384980164180888,5.512616792657354,5.4113397736728075,5.080614152575436,4.877958324414067
aime25,9,1,1,1,20.85628688291763,20.773007152456557,8.417121148340811,8.31247780843114,8.175969581770914,8.06782976951581
aime25,9,1,2,0,20.477318066241423,20.395147578256,5.510619609594869,5.40893555034927,5.080919831925712,4.8854526603463455
aime25,9,1,2,1,20.787922964700556,20.61292794496694,8.301214616949437,8.199568929740053,8.06775879664201,7.967177042701223
aime25,9,2,0,0,20.617070140815486,20.44588808212211,5.650456222610956,5.548505433580431,4.892244230177312,4.790647523350344
aime25,9,2,0,1,20.760114437507582,20.58628248050809,5.469410667956254,5.364478035062348,7.5600812574521115,7.457572015482583
aime25,9,2,1,0,20.635329855394957,20.460342926071462,5.661955609411962,5.560131527545309,4.886292593710095,4.784536816714535
aime25,9,2,1,1,20.697371175629087,20.614593015579885,5.5539371055601805,5.3484243285311095,7.538288914020086,7.436150031480793
aime25,9,2,2,0,20.553438207116415,20.470568144901335,5.77159404701888,5.576264558385446,4.909539034997579,4.806730433301709
aime25,9,2,2,1,20.812173273498047,20.728994863475236,5.571388691350876,5.379070902563399,7.56653391817963,7.464010941475863
aime25,10,1,0,0,19.497722839787457,19.40402657055529,7.691927945415955,7.57965786715431,7.36487780477546,7.167423480495927
aime25,10,1,0,1,19.67427794897958,19.580351839522336,10.159455597658962,10.047164191291813,9.935536824286828,9.736884320318495
aime25,10,1,1,0,19.539367007837427,19.44599320722773,7.693870140428771,7.582760222703655,7.368364152171125,7.164062898482371
aime25,10,1,1,1,19.77187782404144,19.59934951946707,10.167731679757708,10.053384269667731,9.858276085651596,9.745391367232514
aime25,10,1,2,0,19.521452234585013,19.351169097717502,7.69077034374277,7.578458992156811,7.271090656558954,7.159374535149254
aime25,10,1,2,1,19.688559597398125,19.514624089879362,10.171591695325333,10.06018568386935,9.824780503549846,9.71293461316236
aime25,10,2,0,0,19.573482359191985,19.404618335556734,7.3824127848638454,7.271475206835021,10.424007714846084,10.312607609648694
aime25,10,2,0,1,19.697151519721956,19.603160980295797,9.993542804750177,9.800844292840338,9.313934984220396,9.201519296766492
aime25,10,2,1,0,19.53064652343528,19.43678696079587,7.510716875003709,7.31525329319993,6.773730605345918,6.662184144715866
aime25,10,2,1,1,19.663444890284154,19.56921258579314,9.954715179446794,9.758097562553303,9.242144500149152,9.130054886554717
aime25,10,2,2,0,19.562134039006196,19.46840178106868,7.432918258018617,7.319382738387503,6.873857109439996,6.762643066394958
aime25,10,2,2,1,19.703824031239492,19.60936353134457,9.868228195500706,9.755017492352636,9.365606405935978,9.152789394647698
aime25,11,1,0,0,20.121685336107475,20.04070909379152,5.42924231649522,5.3298264842851495,5.095558238281228,4.899906179616664
aime25,11,1,0,1,20.64146335942496,20.465144980335026,7.593368187372107,7.49022228501417,5.957998472695181,5.856797863543761
aime25,11,1,1,0,20.55464281284003,20.37736013653557,5.518180859326094,5.416778456947213,5.081867476746993,4.9812818474492815
aime25,11,1,1,1,20.622093996280455,20.447322769541643,7.6319506838444795,7.5316057577765605,5.961037507859146,5.858750425886683
aime25,11,1,2,0,20.56384162096947,20.388812488363328,5.556745515605144,5.456078168208478,5.103217746182054,5.000548972475372
aime25,11,1,2,1,20.538284019494313,20.455671429772337,7.692099730320479,7.49231152349239,6.027570605056098,5.924234976646403
aime25,11,2,0,0,20.476187816257152,20.394565605329262,5.630450059015857,5.435561828562641,4.5308592771107215,4.428786355674674
aime25,11,2,0,1,20.67596219922052,20.592984839822748,6.087313367061142,5.88384450020385,6.42565456655575,6.324945120923076
aime25,11,2,1,0,20.481886086145096,20.399177410126867,5.639229398184398,5.442469070203515,4.551483132672729,4.4506719300443365
aime25,11,2,1,1,20.635016683627327,20.55184820710565,5.970518296635419,5.868301210739446,6.507881085781264,6.308834722403844
aime25,11,2,2,0,20.3620765978485,20.27944553492489,5.493857917826972,5.392703862980852,4.616292250375409,4.415601488290122
aime25,11,2,2,1,20.65091305439637,20.56708617556069,5.979947090054338,5.878641793060524,6.5584181679696485,6.3540581636516436
aime25,12,1,0,0,20.65591809741818,20.478793293023045,7.088069894507498,6.980174949148932,6.296181296875147,6.190122222960781
aime25,12,1,0,1,20.6729883789194,20.496995406119822,8.416013711212145,8.31104989083542,7.84892932006187,7.743559078335238
aime25,12,1,1,0,20.643180765546276,20.47054272270543,7.106570094038034,7.001650367328693,6.320187066648941,6.214739363258559
aime25,12,1,1,1,20.801731215215113,20.71395659731934,8.515539675954642,8.379033836263261,7.860714265461866,7.754717226816865
aime25,12,1,2,0,20.56286610149982,20.476179336128553,7.166970437538112,6.9666945937569835,6.288934363510634,6.182231042657804
aime25,12,1,2,1,20.67188926594099,20.58471958616792,8.498713382778078,8.294968800782954,7.835648425952968,7.730505718882341
aime25,12,2,0,0,20.504231718859955,20.417510679635598,7.017164687113109,6.817978749950271,5.629636085814127,5.524989902369271
aime25,12,2,0,1,20.727841058487684,20.640647671825718,7.8766283240838675,7.770872082346614,6.998792867307202,6.793246914185147
aime25,12,2,1,0,20.61063008977726,20.523847043023125,6.952991840080358,6.8477611052912835,5.748492741986411,5.546960363062681
aime25,12,2,1,1,20.702475890630012,20.615283710867516,7.845017011732125,7.739363269593014,6.979255203077628,6.773851574052969
aime25,12,2,2,0,20.62308544145708,20.535805741928925,6.968637128920818,6.863807226636709,5.7873411292348464,5.5785085428397
aime25,12,2,2,1,20.896977675420203,20.71497161705338,7.9192939101631055,7.810806949237303,6.912916445344308,6.805317605085293
aime25,13,1,0,0,19.708029265530058,19.547766922187293,9.033273253862717,8.89648243355623,7.92292763298974,7.784813039052096
aime25,13,1,0,1,19.65799650815825,19.539858749794803,9.068245512025896,8.872051565958827,9.530408301088755,9.39395566820167
aime25,13,1,1,0,19.63437731637896,19.51656562869175,9.151045367161714,8.957171683505294,7.954422687362239,7.81759617575517
aime25,13,1,1,1,19.58640204702533,19.467885238555027,9.062847191671608,8.868697590060037,9.520660554699134,9.38309051161923
aime25,13,1,2,0,19.583319844059588,19.465403796857572,9.134572851507983,8.938983890857344,7.923848804693989,7.78752719907061
aime25,13,1,2,1,19.574488433590886,19.456196507690038,9.001931183775014,8.865633797086048,9.555743507462466,9.357695597827842
aime25,13,2,0,0,19.533175644937728,19.41529710938994,9.276367671645858,9.14020266782245,8.577752820656315,8.380438585845695
aime25,13,2,0,1,19.68412389032892,19.565504323963978,9.477377554503619,9.341350953491201,7.977119179940928,7.778179620800074
aime25,13,2,1,0,19.588316968565778,19.470174242087523,9.302756730448891,9.167212921965984,8.6256052659337,8.431515730535466
aime25,13,2,1,1,19.783092792749812,19.613229796959786,9.485978445354704,9.347917179638898,7.9021377187018516,7.765420922169142
aime25,13,2,2,0,19.641027808575018,19.47059788290062,9.33204094917528,9.196044296913897,8.558973007893655,8.423344722814363
aime25,13,2,2,1,19.700174648733082,19.532594043084828,9.51753793788157,9.381496371133835,7.873847679547907,7.737540835933032
aime25,14,1,0,0,20.09356163262055,20.00701425367879,6.482037203113578,6.284443883032509,6.107613464791939,6.0032999258510245
aime25,14,1,0,1,20.58564471099089,20.498286226484197,7.148943589982082,6.932274007795058,7.924387644379749,7.819220519650116
aime25,14,1,1,0,20.43522199983272,20.347927171769697,6.584695808669494,6.3830823205535125,6.146830464786035,6.0420214886107715
aime25,14,1,1,1,20.49405233219659,20.406664039001043,7.0291740348693565,6.923654464571882,7.986596702721727,7.79337818357817
aime25,14,1,2,0,20.415172468801757,20.328230714767415,6.484915843884664,6.377348031492147,6.240421620987036,6.0321651758386
aime25,14,1,2,1,20.522456078197138,20.435027890471247,7.015801714715053,6.910683343903656,7.985249128978467,7.785908042933443
aime25,14,2,0,0,20.554128195271915,20.466858761665208,6.809690292811865,6.704714281113411,6.570374187504058,6.371966718688782
aime25,14,2,0,1,20.76261916408839,20.575185468715063,7.336712992128014,7.230499937577406,8.321473011619673,8.216099640321772
aime25,14,2,1,0,20.562287370921695,20.386424566368078,6.830757437455759,6.725151730734069,6.509925409773132,6.405092461136519
aime25,14,2,1,1,20.744352851579606,20.567773691254843,7.3272106565127615,7.221931609365129,8.330556585860904,8.224571289247251
aime25,14,2,2,0,20.498446589954256,20.32163650756047,6.795326097744692,6.690415070352174,6.468955816671951,6.363170551139774
aime25,14,2,2,1,20.769388625012652,20.681655988482817,7.496368468764558,7.286002851287776,8.35395573039932,8.245504488513689
aime25,15,1,0,0,20.591463503933483,20.504531961250905,5.948041835836193,5.8407351129972085,6.128632840045611,6.023814832133212
aime25,15,1,0,1,20.539383519462717,20.452270601708733,6.651768590018037,6.544876499901875,4.881646949343121,4.67977459766189
aime25,15,1,1,0,20.603550527539483,20.516529187716515,5.9167393319512485,5.811647238260775,6.218646023171459,6.012759195527906
aime25,15,1,1,1,20.603341722562618,20.51620243355501,6.63643607413178,6.531285183427826,4.781924456892739,4.673503246522159
aime25,15,1,2,0,20.438556558474374,20.35169703503925,5.884409472855623,5.779194941624155,6.178353765790234,5.974747788968671
aime25,15,1,2,1,20.72767884737914,20.54789948851976,6.66230408978663,6.556871613156545,4.791803730313404,4.686077340011252
aime25,15,2,0,0,20.622463992367557,20.533795156097767,6.115800839779695,6.007404523643345,6.274453081914544,6.168320418055373
aime25,15,2,0,1,20.76474022669572,20.588725667948893,8.978227898296609,8.872769289155258,6.130599750122201,6.024606789196696
aime25,15,2,1,0,20.707350531210977,20.563369511819474,6.099793933572073,5.994372409986681,6.215595933554141,6.108847699124453
aime25,15,2,1,1,20.722420621041238,20.634915047139657,9.02051680486693,8.829838101519272,6.1237359723236295,6.016664011895045
aime25,15,2,2,0,20.590028480455658,20.503003968769917,6.2173175192583585,6.015972011937265,6.21817051569451,6.112428429787542
aime25,15,2,2,1,20.753488398440822,20.66564622691658,9.08996984753685,8.892617742276343,6.127909433871537,6.021034648256318
aime25,16,1,0,0,19.723455171970272,19.631171761830046,4.588075043102435,4.4754526406904915,3.968287058341957,3.8557623083761428
aime25,16,1,0,1,20.041768164446694,19.94943458976195,4.691336413998215,4.580978718877304,4.956593960741884,4.7601247615602915
aime25,16,1,1,0,19.592951624872512,19.50071956616739,4.582817921800597,4.472789425562951,4.045046316150547,3.8509027385771333
aime25,16,1,1,1,19.819584593733452,19.64989854286614,4.6162257422111,4.50375476566478,4.818091835659288,4.706452847585751
aime25,16,1,2,0,19.48783075386018,19.375772164039518,4.577394558509695,4.4666035314548935,3.974645441303437,3.86433728499469
aime25,16,1,2,1,19.60445908616748,19.51067875006629,4.5850455549043545,4.475386683679972,4.785366937539948,4.675188031342259
aime25,16,2,0,0,19.57642046863839,19.407164566018764,4.985583687357575,4.876467109625082,4.565489460674144,4.455142492133746
aime25,16,2,0,1,20.507171109784395,20.414627226728044,6.630917902384681,6.431395558593067,5.649649554925418,5.537496449051105
aime25,16,2,1,0,19.609558905813174,19.517725851528667,5.090207996090612,4.8911148123806925,4.672532812492136,4.483588308630715
aime25,16,2,1,1,19.76290319544205,19.670338808737142,6.383882085629011,6.186443320075341,5.466483902182517,5.356753874821152
aime25,16,2,2,0,19.68658882424279,19.59463120692817,5.124937230448268,4.926982121105539,4.580831742259761,4.471514831948298
aime25,16,2,2,1,19.718141660177935,19.625617644578597,6.291107085871772,6.180794269312173,5.5505752538920206,5.355222027446871
aime25,17,1,0,0,20.436529745893495,20.34785137129802,8.286541550660331,8.181626995792612,8.147826058575447,7.947074070216331
aime25,17,1,0,1,20.74044292930921,20.565314132909407,11.527954855409916,11.42291271889917,8.444098191375815,8.339747753780102
aime25,17,1,1,0,20.416134535480523,20.241375082150626,8.203727066302235,8.0983413672584,7.99239623847825,7.888711797022552
aime25,17,1,1,1,20.562447437441733,20.38611782836597,11.40389561351185,11.298568675556453,8.450936386452668,8.346349460680358
aime25,17,1,2,0,20.455598160424415,20.278531644635223,8.169468508185673,8.065722461196856,7.978815324349853,7.873497906530247
aime25,17,1,2,1,20.465814332055743,20.378391070607904,11.549996972462395,11.348515886766108,8.465990855711425,8.35988792596254
aime25,17,2,0,0,20.605954199254484,20.519965273251728,7.686937050493725,7.485547542728455,7.581084652429126,7.476978922113631
aime25,17,2,0,1,20.602454113031854,20.515874300599535,7.736370550446736,7.5375187420831935,10.0405391485765,9.936062550877978
aime25,17,2,1,0,20.47597221508113,20.389917168358807,7.716144972619077,7.512778796808561,7.652357187453163,7.548070953362185
aime25,17,2,1,1,20.925675019498158,20.83917610161734,7.861850004246662,7.756490409974504,10.164561664169014,9.96385825010293
aime25,17,2,2,0,20.418193472778512,20.332149379100883,7.582025590181729,7.477545589608781,7.715814917901298,7.511567238452699
aime25,17,2,2,1,21.192604683164973,21.105776249896735,7.77720284759198,7.6718177460861625,10.34938095290272,10.158519355627504
aime25,18,1,0,0,20.763438707035675,20.591185242210486,5.043582327743934,4.936558175813843,4.679177152411285,4.5730594724773255
aime25,18,1,0,1,20.689075394784595,20.51233900419902,5.664153906309366,5.558994406328566,5.776092988526216,5.670637499861186
aime25,18,1,1,0,20.772217593730602,20.594021441411314,5.012608656215889,4.908223163965886,4.676850437135727,4.571743120777683
aime25,18,1,1,1,20.72118400792533,20.6341287930627,5.8366679609207495,5.608108339856699,5.786295258076279,5.680896374997246
aime25,18,1,2,0,20.50615265216038,20.41965355101638,5.065198922238778,4.8811510782797995,4.655898418150173,4.550130093775806
aime25,18,1,2,1,20.669161991918372,20.582138668032712,5.765797277035745,5.567200421864982,5.783277851605817,5.677727581769432
aime25,18,2,0,0,20.590636159795395,20.503415351413423,5.0996716681765974,4.90334950018223,4.692139808412321,4.58627852731297
aime25,18,2,0,1,20.740466609368013,20.653387730362738,5.353667269446305,5.248074320206797,5.161239085737179,4.9503723316774995
aime25,18,2,1,0,20.549222277168155,20.46251672663857,5.001923949293996,4.8967051093313785,4.755389437377744,4.555397206786438
aime25,18,2,1,1,20.668498593749973,20.58132092588494,5.331389277216658,5.225914628681494,5.108201612983976,4.900978859495808
aime25,18,2,2,0,20.726710749841004,20.639902773382346,5.015595968416164,4.9106662736448925,4.786261461049435,4.584757980410359
aime25,18,2,2,1,20.860796621491318,20.679978781117825,5.3729635860690905,5.266005898647563,5.05040856614869,4.942055316405458
aime25,19,1,0,0,19.63945543366208,19.466370535155875,5.774704070518055,5.675356195297354,5.7396605270696455,5.641339738303941
aime25,19,1,0,1,19.6015559999978,19.52206059377204,6.475399277405813,6.274261660109914,5.633307027437695,5.5347630823234795
aime25,19,1,1,0,19.508231261625042,19.429307847531163,5.830767808674864,5.631955574244785,5.699032500160683,5.599472890935431
aime25,19,1,1,1,19.679831871144415,19.599513363118604,6.399542640792788,6.2979994454508414,5.650059675645025,5.553585925554216
aime25,19,1,2,0,19.605165273333114,19.52566546106027,5.847929625360848,5.646685265674023,5.749794187522639,5.651530550494499
aime25,19,1,2,1,19.668934695346252,19.589804691349855,6.414135366867413,6.316072301160602,5.819952945330442,5.607744816188642
aime25,19,2,0,0,19.406736312703288,19.328547206896474,5.476292496041424,5.37944495681586,5.579624882557255,5.378967917749833
aime25,19,2,0,1,20.277848374917085,20.196075273361203,6.094919535371446,5.993556374960463,6.823272976362205,6.615133652303484
aime25,19,2,1,0,19.55896498020593,19.480774695239234,5.496436433531926,5.400138855293335,5.612536144781188,5.414320085947111
aime25,19,2,1,1,19.725915835806518,19.641986105398246,5.878390550606127,5.780578715075535,6.514260238418501,6.4164849768530985
aime25,19,2,2,0,19.542582675967424,19.391865914258233,5.57336826568644,5.475736624703131,5.482476660290558,5.385017660501035
aime25,19,2,2,1,20.276921683944238,20.106088883039774,6.099668109072809,5.999379210607003,6.7101365193593665,6.608980941109621
aime25,20,1,0,0,21.173152792925976,21.024756269525824,6.291704582054081,6.09535182820764,5.84496351530106,5.674075101524068
aime25,20,1,0,1,20.49359641432602,20.34632711320228,10.553487945344386,10.356075109484664,7.907287050784362,7.739783796750999
aime25,20,1,1,0,20.364827195407997,20.2167153438495,6.251362074181088,6.084017652483453,7.051168132875318,6.886294898322376
aime25,20,1,1,1,20.45322898447921,20.306363562667684,10.507924785088107,10.34193855821286,7.953764085868897,7.760010464608058
aime25,20,1,2,0,20.29696658200919,20.15015485130789,6.227438355836057,6.060090464870882,5.8565734843796236,5.659252136865689
aime25,20,1,2,1,20.411994808455347,20.265173058305663,10.743905468643788,10.578475913916918,8.009986687284254,7.818604601652623
aime25,20,2,0,0,20.391892714997084,20.245139663984446,6.065789878903161,5.900494468733086,6.086477082135389,5.889484773433651
aime25,20,2,0,1,20.688351191438414,20.508086808604276,9.910518753713404,9.7438711641189,7.129883093512035,6.963958695450856
aime25,20,2,1,0,20.532816226932482,20.350113980384776,6.070660265777406,5.90467518350124,6.080403222767927,5.914300586027821
aime25,20,2,1,1,20.559911074087722,20.386047683587094,9.887605242056452,9.721510023155133,7.088009386734484,6.922075148395379
aime25,20,2,2,0,20.428339187219535,20.251744812412653,6.060184980469785,5.894408914173255,6.093632448937569,5.928151906573476
aime25,20,2,2,1,20.625269863103313,20.476964777571993,9.981558183881134,9.775053059001948,7.0639060859321035,6.895291086038924
aime25,21,1,0,0,20.545438062526955,20.393640676047653,7.251173046824988,7.03039097288638,6.558841855621722,6.388154332398699
aime25,21,1,0,1,20.577274140578083,20.424736058885173,7.947963535116287,7.776258375088219,9.475333836235222,9.279414601223834
aime25,21,1,1,0,20.65883525801837,20.507460441422154,7.207612195543334,7.037449691324582,6.565460847468785,6.3642740506111295
aime25,21,1,1,1,20.745946680108318,20.593810922036937,7.954757394600165,7.783485691561509,9.519076773358393,9.3212607539499
aime25,21,1,2,0,20.488438765823958,20.33676883957014,7.171980542807432,7.001723152370687,6.543679222886567,6.346250444948964
aime25,21,1,2,1,20.652764640544774,20.478848222410306,7.975806156082399,7.805156105405331,9.461288699185388,9.290767749916995
aime25,21,2,0,0,20.61753428870361,20.463950363136973,7.557092484603345,7.3841394569171825,7.222896702842263,7.051081351619359
aime25,21,2,0,1,20.781438620815607,20.6057046798378,10.086902695093158,9.91604389037093,8.422845679433522,8.251638894307689
aime25,21,2,1,0,20.830158984608715,20.65231058941208,7.575949468446197,7.404690218663745,7.234659484311123,7.063212960929377
aime25,21,2,1,1,20.67901529289884,20.52722069902302,10.079128343932098,9.878339500119182,8.402052441851993,8.230517539232096
aime25,21,2,2,0,20.675122003922297,20.523318562482018,7.615129507485108,7.4138583750027465,7.210927648429788,7.04027569918253
aime25,21,2,2,1,20.825504534968786,20.67352630865571,10.124994816578692,9.929157590249815,8.47427028520542,8.302878636641253
aime25,22,1,0,0,19.497792496167676,19.419045566337445,5.49115828516733,5.393235976498545,5.182891292861314,4.982422933608177
aime25,22,1,0,1,19.575685577819968,19.496462226470612,6.259766210860107,6.162277781186276,5.504845246377954,5.306673230279557
aime25,22,1,1,0,19.583091343974957,19.50419613694976,5.503760675765079,5.405692788826855,5.274214386645326,5.075566265531961
aime25,22,1,1,1,19.70387917936023,19.525549351328664,6.311615222330147,6.211622078353685,5.46806960937829,5.370752847738913
aime25,22,1,2,0,19.569723956919916,19.39763762129587,5.525470027350821,5.427282441360148,5.1047858319179795,5.007390718674287
aime25,22,1,2,1,19.6755802539883,19.504019351643365,6.283747667566786,6.1865315351496974,5.417267207121768,5.319759152371262
aime25,22,2,0,0,19.545061230473948,19.372824116999254,5.497884922078811,5.401290378813428,5.28041807046975,5.182831495858409
aime25,22,2,0,1,20.08174242973837,19.999872273729125,5.943066984400502,5.7456940235169895,4.625164792741998,4.527475054601382
aime25,22,2,1,0,19.56625904676912,19.487323664179712,5.62447781658193,5.424818628853245,5.344049527593597,5.2460001134022605
aime25,22,2,1,1,19.76560925368176,19.685603550897213,5.897200375329703,5.696551929759153,4.618585929620167,4.520954871168215
aime25,22,2,2,0,19.642661113266513,19.56303751194355,5.532190890789934,5.431159410363762,5.311347875249339,5.214512542806915
aime25,22,2,2,1,19.694252277076885,19.61397022660094,5.767373769231199,5.6687245119064755,4.70716562904272,4.518331867075176
aime25,23,1,0,0,20.276401250157505,20.19346559745827,5.849463167578506,5.747360046825634,6.1442029882528,5.952391628852638
aime25,23,1,0,1,21.234846793049655,21.063643128854892,7.692197566484538,7.590055777654925,7.169811538915383,7.066662230499787
aime25,23,1,1,0,20.514122621079878,20.33081942181525,5.8188311836602225,5.718299343698163,6.0412675547922845,5.941302887094935
aime25,23,1,1,1,20.644252941110608,20.456198894407862,7.711370078141044,7.609177004269441,7.1957948043746,7.093852961133962
aime25,23,1,2,0,20.415771663920168,20.242154913830745,5.817956640839839,5.717789378650195,6.017859390340163,5.915590550557681
aime25,23,1,2,1,20.749243746195134,20.66599871886865,7.785233406593761,7.578854101666366,7.1591513674320595,7.055905831748532
aime25,23,2,0,0,20.428296651971323,20.345992367310828,6.340621792787715,6.148878812382463,5.9229130861240264,5.822622941650479
aime25,23,2,0,1,20.56930677326818,20.48718741389166,7.726057332092751,7.519450413838058,8.574072562623769,8.473064824102039
aime25,23,2,1,0,20.595830711044982,20.51312926960236,6.394165273377439,6.213329405909462,5.941208019521582,5.841018882620119
aime25,23,2,1,1,20.55704501162836,20.474533379001514,7.622777406140813,7.518010922012763,8.593002527504723,8.408552578202944
aime25,23,2,2,0,20.482453640852327,20.40023033214311,6.260418660076539,6.1596300351993705,6.031972754044546,5.829018218719284
aime25,23,2,2,1,20.56752278122076,20.48487935144294,7.5831185195056605,7.481256218397903,8.524312019289937,8.34860153918271
aime25,24,1,0,0,20.64206218756226,20.465739867177035,6.8619967187260045,6.759750332093972,6.103276984049444,6.001051371185895
aime25,24,1,0,1,20.75581036751828,20.580798390710697,9.91813812925102,9.817119620947778,6.822682175879891,6.721424992065295
aime25,24,1,1,0,20.499704011854192,20.413294015270367,6.871826823953597,6.771145152470126,6.114643254022667,6.012824257595639
aime25,24,1,1,1,20.58442838688279,20.501255105500604,10.039300363587245,9.834179797053366,6.753860824119329,6.652321379078785
aime25,24,1,2,0,20.490554429670738,20.408294437856966,6.907623277584207,6.714808073866152,6.069042101444211,5.966605195226293
aime25,24,1,2,1,20.559573590162472,20.476329816574435,9.89308239059028,9.786921762042766,6.749312004103558,6.647852066180349
aime25,24,2,0,0,20.53213045701341,20.449645668122685,6.409835945305531,6.210856640791462,5.956930109732639,5.856205531017622
aime25,24,2,0,1,20.643478242163837,20.560401437705877,7.443633730872534,7.341583652305417,6.11698565990082,5.910238578053395
aime25,24,2,1,0,20.579364316290594,20.496224839916977,6.329575566269341,6.2281410896503075,6.05482869559637,5.853412894339272
aime25,24,2,1,1,20.653765086080966,20.570840883010533,7.400905832128046,7.299408453036449,6.087058570301451,5.890815769816982
aime25,24,2,2,0,20.76635108960545,20.682162340108334,6.367449722802121,6.26598469534656,6.066910629215272,5.861084679963824
aime25,24,2,2,1,20.97863370727282,20.799089574211393,7.484533426122653,7.378771355433855,6.081839800572197,5.976942656161555
aime25,25,1,0,0,19.59299214877319,19.420813211127097,5.638679476305697,5.540388179724687,5.398830351623474,5.300203476508614
aime25,25,1,0,1,19.667011129058665,19.587458414207504,6.025574386967492,5.8549817113089375,6.864929851417401,6.767806933567044
aime25,25,1,1,0,19.605773918101477,19.52453696867451,5.626867582122941,5.522881906017574,5.407022511462856,5.308286988565669
aime25,25,1,1,1,19.977464487965335,19.898301925877604,6.067141937819542,5.8643550119086285,6.892076452913898,6.795447043259628
aime25,25,1,2,0,19.48095048419418,19.401661840220186,5.720607761759311,5.504437382569449,5.415403558345133,5.318932601312554
aime25,25,1,2,1,19.620777078216634,19.54167683970809,5.945751816398115,5.848340820193698,6.9612770466847,6.763991957086546
aime25,25,2,0,0,19.51186310952835,19.433307707004133,4.757668488309719,4.660634070660308,5.173526461021538,4.976566460754839
aime25,25,2,0,1,19.70198383605748,19.622519183485565,6.495319449186354,6.398030937816657,6.754468121016544,6.545152672060794
aime25,25,2,1,0,19.61684664047425,19.538031281172152,4.781069386808667,4.683920456955093,5.202018292948196,5.0037608825732605
aime25,25,2,1,1,19.790449183346936,19.614360792729713,6.490994156138186,6.393639879206603,6.618886124670098,6.521577035528026
aime25,25,2,2,0,19.76981452344262,19.62506593008584,4.7808604685997125,4.68237435188712,5.141053507941251,5.043282910264679
aime25,25,2,2,1,20.493844898282987,20.313338929554448,6.712038433761336,6.6111079918300675,6.847307398402336,6.743815632489714
aime25,26,1,0,0,20.260396913727163,20.17804583965699,6.908301038947684,6.712215558764001,6.188729886616784,6.086371301080362
aime25,26,1,0,1,20.50138623053499,20.418239039372565,6.840337046924105,6.631585664308659,6.382318460964598,6.281104703248275
aime25,26,1,1,0,20.32900957055972,20.247370925517316,6.867939148378355,6.663901530828298,6.121245980466483,6.021691422120057
aime25,26,1,1,1,20.864956449258898,20.780628160082415,6.818231996021495,6.715121534853097,6.562387339727138,6.360973484333954
aime25,26,1,2,0,20.35660109731907,20.273928023470944,6.769585309029935,6.668559343779634,6.233864874957362,6.032514687376533
aime25,26,1,2,1,20.612058624919882,20.529639249616594,6.73926644913081,6.638393871071457,6.4847692228795495,6.285796418069367
aime25,26,2,0,0,20.446113632715424,20.363703214570705,6.478903519564483,6.378158086135954,6.571030956820323,6.372009323968086
aime25,26,2,0,1,20.712633578114037,20.582582941642613,5.659717035086942,5.5568535508427885,7.19499059005102,7.093307461218501
aime25,26,2,1,0,20.626912199077196,20.44500606280053,6.512776898489392,6.409355316463916,6.510062960842333,6.408593593732803
aime25,26,2,1,1,20.611845644452842,20.44846921489807,5.6507500312363845,5.548573277337709,7.151246687499224,7.0466672773363825
aime25,26,2,2,0,20.71081685153331,20.5276029378183,6.484269183602009,6.383202648066799,6.499543757854553,6.398518964942923
aime25,26,2,2,1,20.663927289206185,20.580030382916448,5.757232726409711,5.552385863211384,7.227747245906357,7.124004476281698
aime25,27,1,0,0,20.408897164088557,20.32629294126309,8.795793487934134,8.593282351739617,7.589987214942084,7.489414148494689
aime25,27,1,0,1,20.62424750374703,20.541973769468314,10.048137796729861,9.946630945250945,8.967786668108602,8.86295672671622
aime25,27,1,1,0,20.63537548065142,20.552874374970997,8.738821105453098,8.637630699013243,7.7436694023163,7.542957378518622
aime25,27,1,1,1,20.623355042971525,20.540494257602404,10.031095761860342,9.930126504059444,9.021879320243897,8.829148046970658
aime25,27,1,2,0,20.432905124835088,20.350094070181513,8.668331691296771,8.567123496050044,7.687733367220062,7.49434308590935
aime25,27,1,2,1,20.6987364726956,20.520560292879964,10.008020093664527,9.90704775767881,8.943152898609696,8.842462117172545
aime25,27,2,0,0,20.812300585930643,20.630760976928286,8.552766840239201,8.449661664144514,8.891497207059729,8.7883396131474
aime25,27,2,0,1,20.84476419895509,20.654992835716257,9.728840585921716,9.627219581943791,9.103795004193671,9.000373222534108
aime25,27,2,1,0,20.7511436015011,20.576244035055424,8.405236132603022,8.302430000185268,8.834936750190536,8.733295679576258
aime25,27,2,1,1,20.865475417849666,20.78143943754185,9.937222796907008,9.72696366807213,9.095887800413038,8.993792730507266
aime25,27,2,2,0,20.600983175881993,20.51797309786707,8.571288531584287,8.366328484498808,8.839568808525655,8.73639740211729
aime25,27,2,2,1,20.776998855126294,20.692235539172543,9.879854683731537,9.681180285042501,9.133184792972315,9.0317600979688
aime25,28,1,0,0,19.69469440609828,19.6037601599528,4.876122371115343,4.766410957017797,4.5640770390491525,4.364134816114529
aime25,28,1,0,1,19.649374226446525,19.55801116400835,5.632210117255454,5.523278617602045,5.9270555939292535,5.731429882871453
aime25,28,1,1,0,19.602148109697737,19.511333406171616,4.896054987966636,4.786845175658527,4.55981823415641,4.362732878689712
aime25,28,1,1,1,19.761516492053488,19.667470984586544,5.674635703144304,5.562783937421045,5.872186558917747,5.762253050761501
aime25,28,1,2,0,19.628198886948667,19.480830855627573,4.907677179744496,4.796391941454203,4.473289620818832,4.363890668173553
aime25,28,1,2,1,19.755238402467512,19.584180554375052,5.6343367264162225,5.525377335743542,5.85517763693133,5.745142773776024
aime25,28,2,0,0,19.506576968524314,19.41373267572999,4.8554798513578135,4.747392585613852,4.873012066582305,4.763822453242028
aime25,28,2,0,1,20.405839496106637,20.314257909831213,6.4418430897603685,6.247784847801086,5.6755218201942625,5.565994351854897
aime25,28,2,1,0,19.61277794544003,19.52185891377667,4.994411288862466,4.7994343317441235,4.968388218912878,4.858867480379558
aime25,28,2,1,1,19.714256773568195,19.62281472651739,6.267787988235796,6.083258625039889,5.453198168197559,5.344158855223213
aime25,28,2,2,0,19.572132336179493,19.48072471896012,4.991916285234765,4.792484945483011,4.951985699335637,4.843340062507195
aime25,28,2,2,1,20.415003683865507,20.32326373455362,6.386298301094939,6.27409269918644,5.743783960951987,5.543147452954145
aime25,29,1,0,0,20.285962039451988,20.203349128678383,5.8351491679786704,5.7341272267876775,5.955381414423755,5.849774695434462
aime25,29,1,0,1,20.596227890564478,20.42071848791238,6.061504531317041,5.959663898465806,6.712237640840613,6.611125753806846
aime25,29,1,1,0,20.43109365649798,20.25630197249484,5.798508394491364,5.697487851648475,5.926215964791481,5.8260300315851055
aime25,29,1,1,1,20.68728968333744,20.50883991387309,6.059560964786215,5.958558379006718,6.702608066461835,6.5988224177999655
aime25,29,1,2,0,20.503228452980693,20.32873684356673,5.793265527245239,5.692574008207885,5.920784328282025,5.81895016011913
aime25,29,1,2,1,20.56228237097457,20.478702706896,6.227981507436198,6.025311335633887,6.745328906617942,6.642832457146142
aime25,29,2,0,0,20.45317336342123,20.37173060580244,6.24628969535479,6.044802621090639,5.729973437155422,5.628285578040959
aime25,29,2,0,1,20.558727531351906,20.47514090236291,6.194431691255886,6.088176417961222,6.076614339690423,5.976452742288529
aime25,29,2,1,0,20.413126863331854,20.33095367187343,6.2398004488386505,6.048246613318042,5.727436570396094,5.627276500035805
aime25,29,2,1,1,20.5709336369182,20.488178589403105,6.17336970708493,6.070777640616143,6.171178226395568,5.972145163923415
aime25,29,2,2,0,20.664395054609486,20.58220961725965,6.171815163725114,6.070322011510143,5.8215424883201194,5.620454765448812
aime25,29,2,2,1,20.593370289134327,20.510312297119526,6.198994917667733,6.0969273122282175,6.175655050355999,5.979973093872104
humaneval,0,1,0,0,20.387243093864527,20.301406898397545,6.374250124736136,6.269235539093643,6.4882825622589735,6.384031070410856
humaneval,0,1,0,1,20.57225258613471,20.486248155975773,8.617705566393852,8.512775824328855,7.528014972649544,7.4234798044017225
humaneval,0,1,1,0,20.72986974644664,20.552017351747054,6.430336413814075,6.324046242298209,6.539994003560423,6.435661519390123
humaneval,0,1,1,1,20.60263967177889,20.51674196491149,8.719016976556304,8.518386203377304,7.531910624948068,7.427267792991188
humaneval,0,1,2,0,20.39736721872032,20.31192266031212,6.392947773747437,6.286778098001378,6.492939105555706,6.389102144567005
humaneval,0,1,2,1,20.613360070001363,20.52738827342182,8.691309089954302,8.488607941217197,7.508334777412529,7.404267703350342
humaneval,0,2,0,0,20.534526976462075,20.44861507783935,6.529135867367586,6.4249416832353745,6.193685402649862,6.089926945151092
humaneval,0,2,0,1,20.720398671528528,20.634263972624467,8.682823058734357,8.577829632940848,6.589629511836392,6.485487636837206
humaneval,0,2,1,0,20.56594278110424,20.48027675391495,6.560753109624784,6.453838492234354,6.290624703069625,6.097791492265969
humaneval,0,2,1,1,20.74148769952444,20.65471696869281,8.708043789283693,8.60361210152405,6.707782265493734,6.503930679627956
humaneval,0,2,2,0,20.545890527500887,20.460331913909613,6.526608695367031,6.422940804895916,6.205591894286044,6.099671183619648
humaneval,0,2,2,1,20.82885121490108,20.649635383051645,8.710784672075533,8.605803062891937,6.589043937765382,6.483652773567883
humaneval,1,1,0,0,19.74049387490595,19.6539254061463,4.595745457208977,4.491565831813205,4.494866703225853,4.390180222799245
humaneval,1,1,0,1,19.6697042224514,19.58285411728866,5.836451910454343,5.7324130352753855,5.633557801047573,5.529164015570132
humaneval,1,1,1,0,19.83984294520269,19.753225179556466,4.720875027032889,4.521797668076033,4.482821214878641,4.3765976288341335
humaneval,1,1,1,1,19.825569644581265,19.738321715067286,5.963006585716357,5.7654160195852455,5.669131226568425,5.564847406276385
humaneval,1,1,2,0,19.63499873818364,19.54864011713653,4.689994781074347,4.491724976560363,4.480467925986886,4.3767079491772165
humaneval,1,1,2,1,19.641852601580467,19.554828730178997,5.857003414348583,5.752690382905712,5.730455945467838,5.542994523693778
humaneval,1,2,0,0,19.50746403872472,19.421335765400727,4.242361476372025,4.138607167988084,5.069437398560694,4.9660582226351835
humaneval,1,2,0,1,19.760643378958775,19.67405175037129,5.661979038904974,5.557529867019184,6.734613848038862,6.630476820646436
humaneval,1,2,1,0,19.527929117430176,19.44156404306341,4.248068144534045,4.144497824199789,5.18740935558526,4.981961042631156
humaneval,1,2,1,1,19.840809835841355,19.667646632569813,5.675611597780517,5.570270461248583,6.72127332427408,6.616217070131825
humaneval,1,2,2,0,19.723622453057033,19.553244632788847,4.269414007922023,4.164190679603053,5.121425554534653,5.016998453356791
humaneval,1,2,2,1,20.41883848460202,20.236898539224057,5.885824456981936,5.779734121006186,6.961877050798648,6.855210659978184
humaneval,2,1,0,0,20.54770021504737,20.456694370750483,7.316458207242249,7.207460168046964,7.383391433904762,7.27367521085398
humaneval,2,1,0,1,20.548952011722577,20.45755213657685,8.687213632583735,8.577494546898379,8.805616281279072,8.696384058566764
humaneval,2,1,1,0,20.43497352360646,20.343966734344576,7.214447851310979,7.103081925833976,7.330966203426215,7.222204679692368
humaneval,2,1,1,1,20.518919863661722,20.427526953426423,8.70478611705039,8.594860820267058,8.865206050813867,8.667634343510144
humaneval,2,1,2,0,20.37185299968769,20.281019800677313,7.2117716053980985,7.102526402377407,7.415289597702213,7.216541461275483
humaneval,2,1,2,1,20.491132617280527,20.399706695570785,8.6850372617846,8.575757042763144,8.789007750237943,8.67693703094119
humaneval,2,2,0,0,20.49233783600357,20.4011045821062,7.402380773328332,7.293461168046633,6.601574886644812,6.492651644293801
humaneval,2,2,0,1,20.611327468486706,20.519857691397192,8.58160835923627,8.47170877705139,9.344891620912676,9.235580808763189
humaneval,2,2,1,0,20.53428397675816,20.360431710741977,7.364194570527616,7.25433414845611,6.591034746179503,6.481578132934374
humaneval,2,2,1,1,20.659780370806402,20.485691957219387,8.593145535087388,8.483630980663293,9.364107754208817,9.253414878912736
humaneval,2,2,2,0,20.522542008166056,20.348797988390288,7.355617015946336,7.246657593896089,6.578412691396807,6.469186031154095
humaneval,2,2,2,1,20.600651449058205,20.508779347892414,8.713562550838105,8.493158691635472,9.368890648147499,9.258231456897192
humaneval,3,1,0,0,20.445170292987314,20.327643140717555,5.055645757693128,4.858596136728011,4.8861063864933385,4.75019371469898
humaneval,3,1,0,1,20.53686423050749,20.418882445483177,5.04003635569461,4.9034705075428064,5.213631879087188,5.014257089897001
humaneval,3,1,1,0,20.72198171481432,20.604713453394652,5.044576398177014,4.907879961137951,5.003503257739794,4.804767933819676
humaneval,3,1,1,1,20.712487550554215,20.59459092970428,5.022474460929516,4.886323413757054,5.139934183716832,5.00150758171003
humaneval,3,1,2,0,20.538590679734625,20.42122126567847,4.993627445401216,4.8571842930869025,4.957943691806577,4.760376269587141
humaneval,3,1,2,1,20.693905945336155,20.518469913895387,5.0395254452269,4.903041722627677,5.141842132616148,5.005437398722279
humaneval,3,2,0,0,20.71234012464629,20.539281390483666,5.140231929544825,5.003160687465424,4.909947328087583,4.773443109570508
humaneval,3,2,0,1,20.844467671849998,20.670366246122285,3.6943829413758067,3.5576151212808327,6.504031597614812,6.3669079727333155
humaneval,3,2,1,0,20.755294031459925,20.58241325767085,5.1337892541596375,4.996288812435523,4.931523746108724,4.792775855548825
humaneval,3,2,1,1,20.741716953125433,20.623568761948263,3.6917757970513776,3.492396285309951,6.4830073984012415,6.346068671973626
humaneval,3,2,2,0,20.626614890716155,20.509049437805515,5.212602933625021,4.997836953407386,4.926246828290459,4.789833492395701
humaneval,3,2,2,1,20.7829968671831,20.66484503529864,3.7203106367087457,3.519318011967698,6.520980027289625,6.384400308434124
humaneval,4,1,0,0,19.654777589948935,19.567653054764378,4.395784226744581,4.291222816391382,4.5890700544077845,4.385659562103683
humaneval,4,1,0,1,19.77850228877287,19.69068620701364,4.289387292828906,4.184507074114663,4.702789550719899,4.498435288951441
humaneval,4,1,1,0,19.517091664056352,19.43016765972061,4.353233765868936,4.248212246238836,4.473863105431519,4.367063535482885
humaneval,4,1,1,1,19.763602464536234,19.591652016060834,4.303137921851885,4.19625670701862,4.59713584768906,4.491961597523186
humaneval,4,1,2,0,19.738979241992638,19.571969120988797,4.395238921460987,4.2884128788500675,4.486506597913831,4.381137105610833
humaneval,4,1,2,1,19.811160027074948,19.637941527435032,4.255228769579844,4.150455484250415,4.6504497654495935,4.545156246422266
humaneval,4,2,0,0,19.545639805073733,19.456708785128285,4.6471695782202005,4.542877824405878,4.674937945310376,4.570161019273655
humaneval,4,2,0,1,19.801758140602033,19.71420413656233,4.609131460711069,4.407153179727175,4.549812308596302,4.443791410267295
humaneval,4,2,1,0,19.53956592569739,19.452422691301763,4.674279094160738,4.567544593555795,4.68650275388427,4.581715417771193
humaneval,4,2,1,1,19.714362226295634,19.62690863683747,4.625196402685106,4.429225531112024,4.521618648595904,4.4168358513161365
humaneval,4,2,2,0,19.637622230675333,19.550207691281685,4.683049586219568,4.5757863317703595,4.699782359693927,4.5953896405990236
humaneval,4,2,2,1,19.673935996252112,19.586131144478713,4.510323160047847,4.405280480568763,4.5908911797596375,4.391153042888618
humaneval,5,1,0,0,20.277075245658953,20.18200253633867,5.731242583284189,5.612572884139674,5.959642546022898,5.750695722074145
humaneval,5,1,0,1,20.598161318288234,20.34990657645452,6.010798480474477,5.907816066155647,5.112097228459102,5.005828453208871
humaneval,5,1,1,0,20.346252822888676,20.24519479971125,5.726108351761165,5.606380625438222,5.8735731759548395,5.753724018210994
humaneval,5,1,1,1,20.578709785995372,20.3332918623186,5.938393671840458,5.83737003898932,5.093947301941867,4.984819318395944
humaneval,5,1,2,0,20.38088550484231,20.175851068184286,5.736377203936206,5.61705435662858,5.869797365718383,5.748519055756602
humaneval,5,1,2,1,20.385790071296658,20.270127560661923,6.053117503597605,5.8497465624895995,5.094062579719692,4.987180163627681
humaneval,5,2,0,0,20.323025704551995,20.227586627747357,6.034013754321711,5.7985076532026545,6.019256282511547,5.898081824179152
humaneval,5,2,0,1,20.66612917006241,20.54962314278972,5.224531937528809,5.1190727731409424,5.044855181543753,4.942621893098526
humaneval,5,2,1,0,20.254678150046278,20.159016604619946,6.004449198910691,5.767589772909155,6.025220838233104,5.905817823885527
humaneval,5,2,1,1,20.49987935678583,20.38395710437876,5.221367090143758,5.119075355651148,5.175812339700994,4.9635643280284265
humaneval,5,2,2,0,20.387305708771404,20.292306009320203,5.891657856948398,5.771397865761106,6.138455681071651,5.898737226811203
humaneval,5,2,2,1,20.593552862340072,20.476049011199642,5.237579179720342,5.134925578204275,5.18950693292742,4.9638731106968494
humaneval,6,1,0,0,20.602990945462807,20.428727015769255,5.641549312258576,5.5351068517666135,5.089596375000838,4.98426796093554
humaneval,6,1,0,1,20.60813060245996,20.424768012341445,5.215324795975977,5.105098191534682,5.43649262863255,5.330607515588781
humaneval,6,1,1,0,20.764811343724432,20.58760366799106,5.700297785097064,5.594953046966111,5.132903554567747,5.027326672006893
humaneval,6,1,1,1,20.603885746286174,20.51207858574821,5.318407885901326,5.106751816537307,5.48363584357503,5.377781160404993
humaneval,6,1,2,0,20.533923046968994,20.446714722766046,5.733159281135158,5.5313596758423955,5.098620671560639,4.99287057436959
humaneval,6,1,2,1,20.597921823701043,20.506209237730037,5.31968782437319,5.111295391558385,5.444772832106537,5.339099605407682
humaneval,6,2,0,0,20.493788453222805,20.40626711323057,5.64818326574823,5.445347144359403,5.019898671889678,4.91464161359545
humaneval,6,2,0,1,20.731814024343965,20.63966775837843,6.650180785072735,6.543687230532669,6.242541183382855,6.039076113211195
humaneval,6,2,1,0,20.5991889138204,20.511745898602385,5.554481409944856,5.446977047085966,5.120585734402994,4.920483461319236
humaneval,6,2,1,1,20.613571278727996,20.52162509825707,6.555361238497426,6.449384238294442,6.20437135148677,6.002220000027592
humaneval,6,2,2,0,20.60895891418113,20.521829715107742,5.560520242397615,5.455121288832743,5.008433566217718,4.900933968656318
humaneval,6,2,2,1,20.744655516521515,20.55594070478663,6.570807324351335,6.463535652073915,6.150490113213891,6.0442084800342855
humaneval,7,1,0,0,19.581755699164205,19.40817517152027,7.987080046859774,7.883542199579097,7.979499070188467,7.875680335928337
humaneval,7,1,0,1,19.67288007017487,19.585588640893548,8.690539734288905,8.487283480462793,8.231892711137334,8.1273151363348
humaneval,7,1,1,0,19.52187600409161,19.435415581938287,8.107855160233157,7.90596234764962,7.984123215010186,7.878527597313223
humaneval,7,1,1,1,19.759599530971172,19.67247006632533,8.704308914275316,8.50653565612447,8.314098023674887,8.20917535929766
humaneval,7,1,2,0,19.610719222328044,19.524522249867005,8.113630070056388,7.914683245871856,8.018427179649734,7.914796617114916
humaneval,7,1,2,1,20.0248928590554,19.937899113301683,8.555706331662805,8.451310797227052,8.504617879225407,8.308365660013806
humaneval,7,2,0,0,19.506393269693945,19.420064105361234,8.019337374662427,7.915596570001071,8.07870652351994,7.881717734562699
humaneval,7,2,0,1,19.765127230584767,19.67833780872752,10.167326156533818,10.063226644433598,8.828603589790873,8.721975140360883
humaneval,7,2,1,0,19.58283770318303,19.496489132507122,8.018360074402153,7.914613707271201,8.125332902636728,7.932437453291641
humaneval,7,2,1,1,19.805023699063895,19.630843898085004,10.178986120990885,10.073286327951791,8.827587773339474,8.722925781512458
humaneval,7,2,2,0,19.70077873829723,19.528798484316212,8.054705785070837,7.949400062443601,8.040306347538717,7.935724871003913
humaneval,7,2,2,1,19.729403441488103,19.557942629035097,10.136346511899319,10.03186517937138,8.796184957191144,8.691213718520885
humaneval,8,1,0,0,20.355541647663834,20.251443140559655,7.732253578747166,7.4822661813859845,7.868766353246482,7.7374515930583305
humaneval,8,1,0,1,20.361979545512696,20.2532133635491,7.1613486950932925,6.8699454686125625,7.803905344204939,7.696060107777444
humaneval,8,1,1,0,20.30044113531043,20.196075599015227,7.565148583357679,7.431709362814824,7.854772004636699,7.727263847995988
humaneval,8,1,1,1,20.43003204038762,20.32142852002642,7.05329096076305,6.905363558917858,7.935429145524054,7.722479365167065
humaneval,8,1,2,0,20.36518030428746,20.262229700622278,7.56722171539806,7.438773685933875,7.9861984459235895,7.729261401953979
humaneval,8,1,2,1,20.410198823553557,20.30162647486467,7.0402457064417545,6.891593847444839,7.926364776125773,7.708522190699253
humaneval,8,2,0,0,20.324986178882348,20.221750169277083,7.580006602973513,7.452606809024206,7.953265225332157,7.697415975260311
humaneval,8,2,0,1,20.848110590995564,20.612531323385696,8.34631893371126,8.18879089198315,6.955830315785969,6.81343066895826
humaneval,8,2,1,0,20.34290644434699,20.12242024184029,7.605417092860329,7.475533240187146,7.8535811323900795,7.726100137612472
humaneval,8,2,1,1,20.674187393689696,20.443230418775308,8.338505694988424,8.18112794056111,6.970237662798077,6.825180125103898
humaneval,8,2,2,0,20.451321159736906,20.230500337978203,7.6063459804144635,7.478528455762631,7.853765813884891,7.725868367831972
humaneval,8,2,2,1,20.50247108105175,20.39369639430214,8.343110933849688,8.175123311456538,6.960723260620042,6.816008298419942
humaneval,9,1,0,0,20.432731796518055,20.350583375147835,6.065442566068668,5.866769703061436,5.734645113534498,5.63423444145883
humaneval,9,1,0,1,20.605128636816517,20.522827636796137,6.579328781831603,6.464549388602278,5.89548747666413,5.689901687674137
humaneval,9,1,1,0,20.522785668163124,20.439724152765848,5.955122011528147,5.8510217886578175,5.761280015576631,5.654373843754001
humaneval,9,1,1,1,20.57451272230537,20.4909643866813,6.575959895261641,6.462816964920333,5.763010781265621,5.657771980168036
humaneval,9,1,2,0,20.502979039065394,20.420749011918815,5.960044617495441,5.859098105702287,5.836400594034785,5.632924457131594
humaneval,9,1,2,1,20.691681530934147,20.519400492503337,6.559017441219215,6.4458784628984835,5.760946598002192,5.659803422076948
humaneval,9,2,0,0,20.66648347681621,20.490824414082454,5.65363250370865,5.551600656417577,5.9651737306012365,5.863848988155951
humaneval,9,2,0,1,20.856366241787327,20.680900277511682,6.744954956957372,6.6426857579244825,5.715619766574708,5.589049576138634
humaneval,9,2,1,0,20.69506567204371,20.5203615469145,5.664074875312508,5.562058984196483,5.974692495783529,5.8710612656796
humaneval,9,2,1,1,20.689114956894628,20.605919058652944,6.769374648229132,6.564914539012534,5.593013276146459,5.46805463354325
humaneval,9,2,2,0,20.5951366683621,20.512314883035287,5.732017878926854,5.5560629220963165,5.994511816425074,5.892124589990999
humaneval,9,2,2,1,20.6872104258764,20.604343734248687,6.764154152278934,6.556759386512567,5.58378802878516,5.45964293802778
humaneval,10,1,0,0,19.580862183374848,19.490611574383365,5.318376347531739,5.210049937431904,5.237049816514627,5.126129956806835
humaneval,10,1,0,1,19.66450885129234,19.573764527194726,4.3837111834363895,4.275530062386679,5.73450232786854,5.530329429802805
humaneval,10,1,1,0,19.51048589853599,19.42007864045081,5.293230035022134,5.18461814863258,5.282107281345816,5.084710675873794
humaneval,10,1,1,1,19.767343097555568,19.59499682425303,4.404583828090836,4.293936320209468,5.6433032541463035,5.533959491913265
humaneval,10,1,2,0,19.6600576405217,19.495874679705594,5.30092562075879,5.191662496145,5.214783769588394,5.106628550947789
humaneval,10,1,2,1,19.789010058502754,19.61696847274652,4.3883933553843235,4.280264152384916,5.653779609474441,5.545397492369375
humaneval,10,2,0,0,20.156683527147834,19.98687562854684,5.092781738312624,4.985512960956839,5.288832718633785,5.180851316708868
humaneval,10,2,0,1,19.74819755878343,19.657739722788392,5.428883167951426,5.317954468864627,6.071290715226496,5.962538742096513
humaneval,10,2,1,0,19.59726089853575,19.507276390868356,5.191717632897053,4.991851488284738,5.327778495939128,5.219815320288035
humaneval,10,2,1,1,19.7259098908944,19.634983066680434,5.444184753741865,5.247935421721195,6.090434324050875,5.982110105378524
humaneval,10,2,2,0,19.581683761771274,19.49097954275203,5.215534558374202,5.015467616885871,5.335040164027305,5.226120375027676
humaneval,10,2,2,1,19.673336964842747,19.582602421905904,5.344723714642896,5.236141214481904,6.179649929435982,5.976420363367652
humaneval,11,1,0,0,20.386876269640197,20.299404582146963,4.659043293031573,4.553429882889759,4.752087449105602,4.642821902052674
humaneval,11,1,0,1,20.56213276955532,20.385126015753485,4.458998660084035,4.351934828264348,4.373512976599159,4.26685393358639
humaneval,11,1,1,0,20.465548281208612,20.284444898152287,4.631262589555263,4.525578710854461,4.755677898629074,4.650605089864257
humaneval,11,1,1,1,20.641882808831724,20.44962486343138,4.460532715256704,4.353806144536065,4.34193833189056,4.234715237998898
humaneval,11,1,2,0,20.443735586013645,20.262748527329677,4.633155827832525,4.528108925569541,4.735716078357655,4.6299501368594065
humaneval,11,1,2,1,20.481270464642876,20.39322827340584,4.586270344134391,4.372898484689358,4.347811347543029,4.239312492245517
humaneval,11,2,0,0,20.41524760579705,20.32777751537651,5.376302855438553,5.177058976642002,4.9712945351529925,4.865462984525948
humaneval,11,2,0,1,20.60377560519555,20.5159545234892,5.672867394878267,5.463813695314457,5.240996855263802,5.13544599607485
humaneval,11,2,1,0,20.506553245922987,20.419135734300653,5.476233636727557,5.270603843655408,4.9995404492619855,4.893931765764137
humaneval,11,2,1,1,20.572281242493773,20.48407786332973,5.558518933867163,5.450983308492141,5.294139562465716,5.107781375045306
humaneval,11,2,2,0,20.49024332791305,20.402870644829818,5.30466788677586,5.199105492010858,5.081557570065343,4.877571726410679
humaneval,11,2,2,1,20.627057734600385,20.53885337909378,5.561262148603419,5.454624898447946,5.347804253688082,5.132888515618106
humaneval,12,1,0,0,20.73052192705897,20.49438363549901,5.514772291765742,5.379720994824311,6.235857974388637,6.100783203388953
humaneval,12,1,0,1,20.630848235621347,20.39598897940611,5.056910528257102,4.944966043127918,5.566318204316,5.450730444346037
humaneval,12,1,1,0,20.492184510658262,20.25829841659288,5.505715552014105,5.370819630115875,6.205254156157025,6.067323078241316
humaneval,12,1,1,1,20.525590314271405,20.414624010280985,5.177623619027114,4.952337718830802,5.5563746930824385,5.440793826451732
humaneval,12,1,2,0,20.457095219171606,20.347604255221086,5.634552791282961,5.361204572788362,6.215751249934935,6.078546218608001
humaneval,12,1,2,1,20.520534282257653,20.409878450616493,5.055445056404612,4.9399070782401475,5.5533542799659905,5.438670235582523
humaneval,12,2,0,0,21.215567932207097,21.105768598620973,6.57278698963637,6.307656047283672,6.545388541174664,6.4055295933940215
humaneval,12,2,0,1,20.615108811579333,20.503553623426217,6.314431012094933,6.204844922378507,6.366252972384245,6.156344836199423
humaneval,12,2,1,0,20.417788708679534,20.304517400897264,6.2312618647411,6.095470140886998,6.518804692556539,6.25172489041385
humaneval,12,2,1,1,20.591594748740224,20.479713984111722,6.287087065319778,6.181196208416047,6.344813054965925,6.141519839729881
humaneval,12,2,2,0,20.47079811442624,20.360392588675797,6.2404290571673,6.105940676813286,6.521547921996292,6.251674765735515
humaneval,12,2,2,1,20.70811068570895,20.473824639034248,6.279899350994704,6.17354445739136,6.240560582227772,6.138790218756185
humaneval,13,1,0,0,19.69207557021946,19.518287742357643,3.3258209455198084,3.221158449377981,3.5682870625350915,3.4626980273060326
humaneval,13,1,0,1,19.974521718722826,19.886969273557042,3.339339957165066,3.1326822149821965,3.3403947772967513,3.2350643982681504
humaneval,13,1,1,0,19.455650199233787,19.36855082067268,3.4524047027844063,3.2407305939159414,3.525851734138996,3.4204889607281075
humaneval,13,1,1,1,19.639971500055253,19.552472804662102,3.3259671054111095,3.1311669176830037,3.3426795039304125,3.2366698283112783
humaneval,13,1,2,0,19.633188863281248,19.546229500065238,3.389493097529339,3.2361256326112198,3.5490928435137903,3.4412286918268364
humaneval,13,1,2,1,19.64917375426012,19.561652804895857,3.2258829801321554,3.120558671980689,3.4367245389148593,3.2226804610218096
humaneval,13,2,0,0,19.485438249830622,19.39852199620873,3.528602312599105,3.4239037458974053,3.5179175583834876,3.318007175494131
humaneval,13,2,0,1,19.725983624994115,19.63846361331889,3.9685649139755697,3.8638970900137792,3.9652742107136874,3.767193828480231
humaneval,13,2,1,0,19.534659144483157,19.447499675607105,3.54168757030493,3.437116964505549,3.5298317698106985,3.329377992031368
humaneval,13,2,1,1,19.770632304698665,19.596001789068396,3.9721437888147193,3.86673951152261,3.8713984649803024,3.7665257268599817
humaneval,13,2,2,0,19.737128656288405,19.55765009370225,3.549772457063227,3.4450005823600804,3.4434713006703532,3.339025300647336
humaneval,13,2,2,1,19.765746554639918,19.59467007054627,3.9803824415685085,3.8748619845137,3.884449116867472,3.778035562390869
humaneval,14,1,0,0,20.592813273196953,20.504479554801947,5.481455906192423,5.27904217960895,5.042988374952984,4.93424157048139
humaneval,14,1,0,1,20.542867539006693,20.45504711350077,5.560806191624579,5.361982343856653,4.79015824612361,4.684195554546022
humaneval,14,1,1,0,20.422748699274962,20.335375741979078,5.310729394750524,5.104485894662503,4.967740914253227,4.862191457050358
humaneval,14,1,1,1,20.52982249233537,20.441914046841703,5.44384227714545,5.337817929557787,4.957917097272002,4.753578199142794
humaneval,14,1,2,0,20.379580660573993,20.292074504141056,5.19143681276546,5.085793832222407,5.046999722708279,4.843332718792226
humaneval,14,1,2,1,20.596317199306213,20.50826866798161,5.442393300654658,5.335751281108969,4.8670834607946745,4.653441152186133
humaneval,14,2,0,0,20.566230261920282,20.478073327922175,4.998009105747769,4.892597476555238,5.217777718826255,5.0170590193374665
humaneval,14,2,0,1,21.42649350753345,21.239162429992575,4.711137656158826,4.605015550623648,5.6759131953185715,5.570253581936413
humaneval,14,2,1,0,20.62690658203792,20.44993711706411,4.986152980563929,4.87991101181251,5.1150852264072455,5.009712796891108
humaneval,14,2,1,1,20.766908351561142,20.590050140981475,4.664870988563052,4.558935691420629,5.655463812672679,5.548487929900148
humaneval,14,2,2,0,20.90149230480165,20.71991169168541,5.127106207055476,5.020347421577753,5.264546191483532,5.15526738263361
humaneval,14,2,2,1,20.657289316659444,20.569027292822284,4.789720664120978,4.591021968735731,5.6436365116496745,5.536522769489238
humaneval,15,1,0,0,20.400627468461607,20.314278472596925,7.157891093356739,6.969725609451416,6.806536554904596,6.702317609324382
humaneval,15,1,0,1,20.631293839869613,20.544623222576774,6.766974207039311,6.661828789219726,7.2072623088388355,7.006097929661337
humaneval,15,1,1,0,20.692237038929306,20.60535716054801,7.112467277238466,7.005860066783498,6.9953574179635325,6.79434689845948
humaneval,15,1,1,1,20.6239008321063,20.537129710646695,6.760802644294017,6.654550929852121,7.174920710895094,6.973211101467314
humaneval,15,1,2,0,20.604387890671205,20.51785964067676,7.0795527108202805,6.97462125799575,6.848531312698469,6.741509078437957
humaneval,15,1,2,1,20.76311723840263,20.585564093835274,6.757120871043298,6.651872730344621,7.080305035287893,6.974526535032055
humaneval,15,2,0,0,20.679501960785274,20.502112031408615,6.673492222944333,6.567694589648454,6.5250852503595524,6.420664832148759
humaneval,15,2,0,1,20.83431462506269,20.66283789872614,8.67909625003449,8.573279562369862,10.10007869126639,9.994674574045348
humaneval,15,2,1,0,20.66830498051786,20.490642687491345,6.641432078140497,6.536711519402161,6.533853066230222,6.4289147653653345
humaneval,15,2,1,1,20.863933538748825,20.7771371092349,8.757896418046585,8.570916093958658,10.135447816082888,10.029695288721996
humaneval,15,2,2,0,20.73794297666609,20.65144742209668,6.758869039003912,6.5546074961275735,6.556575793183583,6.451545043091755
humaneval,15,2,2,1,20.78633119526785,20.699314472494734,8.748764953452337,8.551356976568059,10.095161238496075,9.989970523292868
humaneval,16,1,0,0,19.762411226565746,19.67549137862079,4.066772609348845,3.959564589877118,3.5790330471172638,3.384956582067389
humaneval,16,1,0,1,19.748541781609674,19.66107806265427,3.695772546961962,3.5910400542888965,5.2837271095995675,5.08293343727928
humaneval,16,1,1,0,19.506219918184797,19.419774992002203,4.040798839923809,3.9367402423522435,3.5158828513885965,3.3205339959749836
humaneval,16,1,1,1,19.81160855075359,19.640311773400754,3.7016600117567577,3.5964187109129853,4.982130624739511,4.877132535511919
humaneval,16,1,2,0,19.560110089514637,19.390869922062848,4.041129410325084,3.935923445624212,3.4248115780428634,3.3208443437615642
humaneval,16,1,2,1,20.600472722890117,20.42511505078437,3.9019244022711064,3.795015109517408,5.215475410295767,5.108004769681429
humaneval,16,2,0,0,19.535404988346272,19.36740264045511,3.919472711004346,3.815641144228721,3.6133867502030625,3.5092074726890132
humaneval,16,2,0,1,19.715839054697426,19.62834067580843,4.329618449446571,4.107073812519957,4.199060652354092,4.090472402367595
humaneval,16,2,1,0,19.544315921848465,19.457539722225192,3.9567430667375447,3.849874023217126,3.642221910013177,3.537063043040689
humaneval,16,2,1,1,19.77955650363583,19.692186519478128,4.1883797343871265,3.9928094256538316,4.20682655476412,4.102081546534464
humaneval,16,2,2,0,19.772991585796262,19.686129121055274,4.093899855433847,3.8985074374977557,3.6518816054922354,3.547553984390106
humaneval,16,2,2,1,19.79813785510487,19.710699679308163,4.0973725467665645,3.99189949985157,4.301131804822944,4.1062321483877895
humaneval,17,1,0,0,20.447964992399648,20.363677398563595,5.0729709919323795,4.9715536565599905,5.171039656488574,4.987120085843344
humaneval,17,1,0,1,20.667252722887497,20.49051840640459,5.768520593846915,5.667356754202046,5.956499527201231,5.855712343873165
humaneval,17,1,1,0,20.581984992077196,20.407293101470714,5.076969070159976,4.97338414834303,5.07935787891256,4.975447624929075
humaneval,17,1,1,1,20.977297636818548,20.79844714853607,5.790843246359145,5.688574312443961,6.01099600771704,5.9078744725411525
humaneval,17,1,2,0,20.365880499866762,20.27832458179546,5.099860281461588,4.995641257664829,5.088270777378057,4.986931918210757
humaneval,17,1,2,1,20.574333371314424,20.49064338689277,5.911609011945984,5.6982225587489665,5.968884015601361,5.8660268709900265
humaneval,17,2,0,0,20.648657898618694,20.564563519656076,5.307567992076656,5.110060187689669,5.526567054857878,5.425173898856883
humaneval,17,2,0,1,20.656558984228468,20.573586984482972,6.096481296481215,5.895503812098468,6.310098652193119,6.207190058830747
humaneval,17,2,1,0,20.448258519536466,20.365951144412975,5.265674210932048,5.067234577836643,5.514369101547345,5.413248456989095
humaneval,17,2,1,1,20.57493929669363,20.492059418302233,5.947915390606795,5.846327249855676,6.411387906609889,6.2078598830339615
humaneval,17,2,2,0,21.601613320399338,21.513927632895502,5.4580988321504265,5.348232976757572,5.60529721860803,5.414856378592958
humaneval,17,2,2,1,20.70095605085953,20.61799089096894,5.97559011703197,5.873133249679086,6.4393735233352345,6.239886738057976
humaneval,18,1,0,0,20.489845679549035,20.311505933932494,11.164062515490514,11.057755491947319,9.85575400000016,9.749727746111603
humaneval,18,1,0,1,20.676349808582017,20.500023328168027,10.004087840115972,9.897535437630722,10.57539126577467,10.468624523582548
humaneval,18,1,1,0,20.77180058995509,20.590373480445123,11.257369859322353,11.15054912497726,9.966945671749272,9.856508359462168
humaneval,18,1,1,1,20.63903735961503,20.55057860161469,10.023308152540267,9.914569824104547,10.604144199078291,10.497267991922854
humaneval,18,1,2,0,20.44919238642251,20.360849199278164,11.326844371069456,11.125746671950765,9.913765355577198,9.805773898278858
humaneval,18,1,2,1,20.628661394312076,20.540482788874215,10.101953054345358,9.901314203034417,10.587595070319367,10.481139968760544
humaneval,18,2,0,0,20.534249472802912,20.446392523808754,9.876911046831083,9.683131620931817,10.12651592191105,10.020430906479305
humaneval,18,2,0,1,20.751395011757268,20.662753050601168,11.301074261609756,11.193919640845706,11.50560083988239,11.304933776955295
humaneval,18,2,1,0,20.561154511597124,20.473145722462505,9.792871183890384,9.686350355423201,10.237285195671575,10.037292265678843
humaneval,18,2,1,1,20.79580071495002,20.707206831957592,11.31096236713347,11.204343312329001,11.52776990647908,11.322729046696622
humaneval,18,2,2,0,20.56276912890098,20.47357231276692,9.816035304538673,9.709514632959326,10.264675121106848,10.056631093902979
humaneval,18,2,2,1,20.83454644161975,20.658298281432508,11.321896722620295,11.214800508241751,11.417529445225227,11.310879289339937
humaneval,19,1,0,0,19.762741218983138,19.622019367488974,6.09704973476255,5.991372480366408,6.206855191521754,6.100561152379669
humaneval,19,1,0,1,19.700387711054645,19.612820402471698,6.257761539018247,6.062830816517817,6.432916582070902,6.326146359242557
humaneval,19,1,1,0,19.504168418279733,19.41749693787642,6.119636824223562,5.9200718242209405,6.131260523488891,6.027189996075322
humaneval,19,1,1,1,19.667184164063656,19.579782765504206,6.437594086037279,6.231410484360822,6.394912094037863,6.2892360820114845
humaneval,19,1,2,0,19.545391382962407,19.45876517584111,6.085348215037811,5.945227808751952,6.1393414375743305,6.035499468907801
humaneval,19,1,2,1,19.720113637049508,19.63243116006197,6.188638535149948,6.081201109736867,6.5034956091949425,6.310987109372945
humaneval,19,2,0,0,19.6322837932712,19.54569646886739,6.271095706779306,6.166819410282187,6.379840597674047,6.273477355534851
humaneval,19,2,0,1,19.817654722828593,19.73076937110818,8.299598953271925,8.193807382667728,7.391292961074214,7.283980250122113
humaneval,19,2,1,0,19.534719750026852,19.44810253507967,6.25557010562261,6.151310941731936,6.454888121425029,6.25103625770862
humaneval,19,2,1,1,19.78267288632196,19.623256554496038,8.278841351511801,8.173714527401899,7.349648867148062,7.245040589623386
humaneval,19,2,2,0,19.718365058906784,19.542527871180937,6.274698840115889,6.16903437912697,6.360541968660982,6.255364562548493
humaneval,19,2,2,1,19.804469508017064,19.715033273769222,8.931055542689137,8.826184996451047,7.383651511645439,7.278738632976456
humaneval,20,1,0,0,20.462100379063486,20.375480312395666,5.076176683360245,4.881240652593988,5.053958796906954,4.948234672156104
humaneval,20,1,0,1,20.546680034840392,20.460228808588,6.723993069954304,6.6173158747915295,4.778984246058826,4.674638777032669
humaneval,20,1,1,0,20.440476996100188,20.354559379029524,5.050247378676431,4.841566375034745,5.047752089922142,4.944098234318517
humaneval,20,1,1,1,20.62468688654917,20.538197476525966,6.733413796609966,6.6288942771279835,4.86906982405344,4.67130368360813
humaneval,20,1,2,0,20.394742503867747,20.308687304805062,4.950519847625401,4.84517794166095,5.149688531218999,4.949494878928817
humaneval,20,1,2,1,20.571354629282723,20.48382934390247,6.794914344027347,6.6873516525447485,4.794802519427321,4.6703202501703345
humaneval,20,2,0,0,20.569094237998797,20.482395417730004,5.3827107931283535,5.278248316699319,5.522131406451081,5.325903441189439
humaneval,20,2,0,1,20.757902660534455,20.583343437465373,5.9372595314926,5.831010754263843,4.890768168024806,4.786272203091357
humaneval,20,2,1,0,20.42473646088183,20.335494347818894,5.319421632975718,5.214211249949585,5.395416578267032,5.291098617362877
humaneval,20,2,1,1,20.898359300645097,20.717422691632237,5.883394038846745,5.777766074061219,4.9356667423126055,4.827665972698014
humaneval,20,2,2,0,20.786661480542534,20.6110709063978,5.539774648241291,5.433432297195395,5.588639992311073,5.482182785272016
humaneval,20,2,2,1,20.636240468775213,20.54936915601502,5.965020105577423,5.7684890625750995,4.894058742138441,4.788508546880621
humaneval,21,1,0,0,20.57281096085717,20.482753062424308,6.082497511670226,5.972032910449343,6.270983988542866,6.1631902067347255
humaneval,21,1,0,1,20.617314476567117,20.526952250293107,6.617100465064141,6.508470820335788,8.26378462897992,8.153175890583952
humaneval,21,1,1,0,20.665070660015772,20.575228078087093,6.1224915157254145,6.014072574089369,6.415407742224488,6.215604886619985
humaneval,21,1,1,1,20.727237222672557,20.63680343735541,6.660742059011682,6.552312086114398,8.254665488493629,8.143971073877765
humaneval,21,1,2,0,20.56947643359308,20.478677937717293,6.083798851250322,5.974707941277302,6.3746873320269515,6.201410695211962
humaneval,21,1,2,1,20.738393659939902,20.562126582262863,6.6541632695589215,6.54533814486058,8.276612523332005,8.168260878846922
humaneval,21,2,0,0,20.702152890407888,20.528126890440035,6.314889305031102,6.206451086200104,5.756510855462693,5.648448355259461
humaneval,21,2,0,1,20.88113663285185,20.712472589821118,7.992290050879092,7.883553574174584,10.479709484116029,10.369864433869225
humaneval,21,2,1,0,20.714417371436866,20.538749269690015,6.311957175967109,6.203373812240898,5.773048702849337,5.66334437507976
humaneval,21,2,1,1,20.776006273081293,20.68543322275218,8.134624984450056,7.933209421935317,9.872878753867553,9.76286951572547
humaneval,21,2,2,0,20.61120650387238,20.52132600783807,6.414820019472245,6.213211703197885,5.767024847500579,5.658773699451558
humaneval,21,2,2,1,20.794475816273916,20.703852574570192,8.111655663924466,7.911145046819001,9.896308382849384,9.787428527488373
humaneval,22,1,0,0,19.66215877337163,19.58173253115092,5.247408351351623,5.146877652350668,5.229183379015012,5.031883543324511
humaneval,22,1,0,1,19.694102542871406,19.611906304362492,5.790348409846047,5.689642402103345,6.209654886788485,6.011291796767182
humaneval,22,1,1,0,19.525646574038547,19.44523139445664,5.186832003801101,5.088290363346459,5.238225371158478,5.019617656671471
humaneval,22,1,1,1,19.657926421587035,19.48525603120288,5.732686995997938,5.633003765524336,6.03998714041154,5.940205128808884
humaneval,22,1,2,0,19.53563254664914,19.36248466017787,5.170968648599228,5.071380965091521,5.075267984011589,4.975466148607666
humaneval,22,1,2,1,19.709765558673098,19.53093464817357,5.797248972612579,5.6822998517418455,6.0523857464431785,5.952314445039519
humaneval,22,2,0,0,19.745998136386333,19.573093816234177,4.665827343615092,4.567374671751168,4.577761328164343,4.479091296616389
humaneval,22,2,0,1,19.7989811131265,19.717395328370912,5.779327652362554,5.577400894253515,5.28936749242348,5.186350144413154
humaneval,22,2,1,0,19.578604159960378,19.498221027333784,4.784093359376129,4.582204668167833,4.591795562191692,4.492568644764106
humaneval,22,2,1,1,19.696391691468307,19.615206574144395,5.749363285303843,5.558525086144073,5.244665820555383,5.1448401563902735
humaneval,22,2,2,0,19.599945898335136,19.51987236361674,4.787250351455441,4.587200980495254,4.572378128614218,4.473762206998799
humaneval,22,2,2,1,19.62691702738084,19.54396489463761,5.642189121317642,5.5424910269721295,5.307185687343008,5.139822757882939
humaneval,23,1,0,0,20.387609933550266,20.300616183703823,6.230574191249616,6.125637535205897,5.375110120894533,5.179580660296779
humaneval,23,1,0,1,20.490650328156335,20.401401246544992,7.171179531269445,7.063575871143257,6.951222652332945,6.845731718840398
humaneval,23,1,1,0,20.499970089986164,20.32277547277772,6.240483211058745,6.134608109277906,5.281737003770104,5.17653705446719
humaneval,23,1,1,1,20.69657733227359,20.542459663829504,7.155816863360087,7.050756417811499,6.948357097826374,6.842934273208812
humaneval,23,1,2,0,20.839666046867933,20.660776460772468,6.322803960756573,6.2174455079002655,5.390918546709145,5.284795628995198
humaneval,23,1,2,1,20.71599949613301,20.628752359243663,7.230338226236199,7.121285578250536,7.005089437370771,6.898249703226611
humaneval,23,2,0,0,20.45674646842599,20.369963890516374,6.355352570153627,6.24730430490672,6.0371971640051925,5.930964819981455
humaneval,23,2,0,1,20.663808691097074,20.576598128627666,7.185546875007276,6.9821563279219845,8.07634702323412,7.971192890636303
humaneval,23,2,1,0,20.480795152707287,20.394006819969945,6.399408707238763,6.248467113437073,6.040477394435584,5.935599031090533
humaneval,23,2,1,1,20.648997976422834,20.561547085890197,7.082726383032423,6.976625050810981,8.1534759101487,7.957715429711243
humaneval,23,2,2,0,20.69881779698335,20.61130521906307,6.686594066195539,6.579485101610771,6.456436113239761,6.247901671940781
humaneval,23,2,2,1,20.729974003643292,20.642757054702088,7.084957621373178,6.979605101605557,8.115049566185917,7.915874847640225
humaneval,24,1,0,0,20.4575892498724,20.368834980672545,7.078324195390451,6.974481867018767,6.424125339890452,6.321319636754197
humaneval,24,1,0,1,20.55296695289144,20.376094773382647,6.738992742157279,6.635213434037723,6.305320621322608,6.201909945502848
humaneval,24,1,1,0,20.71589118713746,20.53642919554477,7.089322652063856,6.986777293150226,6.44361853483133,6.340153480778099
humaneval,24,1,1,1,20.5844951524341,20.500469929629617,7.012838136688515,6.808848320360994,6.328695125375816,6.224494203252107
humaneval,24,1,2,0,20.411046171830094,20.32661011298842,7.167652488078602,6.965463554934104,6.421901910016459,6.315841898867802
humaneval,24,1,2,1,20.535539316824725,20.44944124236281,6.854826726794272,6.646932507919701,6.3105073008955515,6.207938480656594
humaneval,24,2,0,0,20.53744206614283,20.453080023344228,6.644634570420749,6.433817105516937,5.886819062652648,5.7833401288007735
humaneval,24,2,0,1,20.695842351415195,20.61098061312805,6.352553558372165,6.2474734022544,6.245441538794694,6.133852672064677
humaneval,24,2,1,0,20.516921265880228,20.432447254279396,6.540287140524015,6.436539441438072,5.98097967213107,5.771893777364312
humaneval,24,2,1,1,20.702058855476935,20.61478871064537,6.35742585927801,6.253089707115578,6.339300496165379,6.134911898698192
humaneval,24,2,2,0,20.481601789015258,20.39764882056261,6.534170644499682,6.42950947258214,5.883268871002656,5.773967714503669
humaneval,24,2,2,1,20.826991671583528,20.645353699364932,6.355220929435745,6.250083773466031,6.240160785182525,6.135844078471564
humaneval,25,1,0,0,19.83107784371896,19.65701667995745,6.330646706828702,6.227443539046362,6.571500144673337,6.46597436752927
humaneval,25,1,0,1,19.75919395681558,19.673019980473327,5.456261515519145,5.257384070318949,4.722081745967444,4.617506675458571
humaneval,25,1,1,0,19.53794249220664,19.451743668014387,6.433155719150818,6.239569691388169,6.552311758241558,6.4476963948436605
humaneval,25,1,1,1,19.585931215260644,19.499431945405377,5.398311890985497,5.203866765896237,4.683933378601068,4.580645382702642
humaneval,25,1,2,0,19.62247987103183,19.53680919132239,6.437886163894291,6.241921605123935,6.56586714057994,6.462879726768733
humaneval,25,1,2,1,19.79768996079656,19.71142980892182,5.3442914650077,5.237765515630599,4.799021593498765,4.594486687437893
humaneval,25,2,0,0,19.607014941357193,19.52131844154792,6.565291207152768,6.461909136760369,6.172943797082553,5.9733769803642645
humaneval,25,2,0,1,19.834087019717117,19.74786778100679,5.70936931990218,5.604543800473039,6.011914328155399,5.816147870973509
humaneval,25,2,1,0,19.535588863163866,19.449862746114377,6.5607604806245945,6.457302550643362,6.1276087262740475,5.929235050643911
humaneval,25,2,1,1,19.77011696453701,19.59961633565399,5.669212175689609,5.564853176110773,5.872279429695482,5.76848048467582
humaneval,25,2,2,0,19.727191827769275,19.554669828266924,6.591024867248052,6.485690546924161,6.060821351638879,5.956793867426313
humaneval,25,2,2,1,20.099803656194126,19.918973765470582,5.678781254118803,5.57433849598965,5.910854574267432,5.804370800888137
humaneval,26,1,0,0,20.300443847426557,20.197679402405843,4.442386481160712,4.208231944142392,4.220159537335685,4.095294754262324
humaneval,26,1,0,1,20.448236000369917,20.35295681602075,4.7204756233298255,4.596812430781734,5.182213341565027,5.070538987638429
humaneval,26,1,1,0,20.557229365631766,20.45435303201278,4.522233101953235,4.276588865818836,4.218531823695499,4.093428986379877
humaneval,26,1,1,1,20.526794431647524,20.431523162545236,4.71840037248043,4.597514147886948,5.287279371016969,5.073428612377029
humaneval,26,1,2,0,20.376705666421913,20.273431662375245,4.413395397865248,4.286609685449448,4.336527384347627,4.1213388704582705
humaneval,26,1,2,1,20.646848170580263,20.551125598577862,4.726100448339409,4.605598313913517,5.299045741655088,5.083008071233053
humaneval,26,2,0,0,20.504785407360437,20.401994393776274,4.213469384315734,4.08932594884256,4.456504703503689,4.219490833714156
humaneval,26,2,0,1,20.89771985486309,20.699726452983313,4.201518349551423,4.081966022165508,5.705648151019381,5.5859100177056265
humaneval,26,2,1,0,20.48731379208793,20.26489089325036,4.236731162462901,4.109305518795736,4.357255949462005,4.231760083240698
humaneval,26,2,1,1,20.567101837856235,20.469046405787207,4.2086347125767345,4.088396442419462,5.700866084856291,5.579937995514936
humaneval,26,2,2,0,21.47660239845411,21.26624456475299,4.457164314872999,4.329203560633619,4.587197194470921,4.460415282260834
humaneval,26,2,2,1,20.658098188085624,20.562406889019677,4.303526951811911,4.06389530960355,5.689978555569218,5.567773488971095
humaneval,27,1,0,0,20.42706622660262,20.34162389827543,4.86480495737851,4.664094476538594,4.5414765586428985,4.437872515609342
humaneval,27,1,0,1,20.55612859339817,20.4701296447638,5.202298113545112,5.097947281228699,3.6709497107949574,3.4733108323052875
humaneval,27,1,1,0,20.472697433888243,20.387291433507926,4.763823234497977,4.659582253680128,5.2439255664467055,5.042006429903267
humaneval,27,1,1,1,20.560259324156505,20.47421800398297,5.207281398270425,5.10344453914513,3.586271121093887,3.4801607421286462
humaneval,27,1,2,0,20.514584921784262,20.429097566193377,4.757964312375407,4.654461910376995,4.651926327824185,4.448188823971577
humaneval,27,1,2,1,20.72593649972987,20.553933054998197,5.222341539138142,5.117275195061666,3.595276832129457,3.4913821600639494
humaneval,27,2,0,0,20.597497828021005,20.42378902751807,4.552148121092614,4.447170929779531,4.323637105699163,4.2193627305096015
humaneval,27,2,0,1,20.845863183694746,20.671038530963415,4.366472148376488,4.261876351847604,5.476827113398031,5.371321949041885
humaneval,27,2,1,0,20.668987578119413,20.490580222485733,4.564268714602804,4.460034316707606,4.337458949066786,4.2326201328251045
humaneval,27,2,1,1,20.84591104721767,20.759905366958264,4.512140281349275,4.29349045316485,5.493754906183312,5.388630546804052
humaneval,27,2,2,0,20.604485273452156,20.51900557034969,4.686568011948111,4.484540355406352,4.342755710695201,4.23857001169381
humaneval,27,2,2,1,20.791095125332504,20.704917390958144,4.4606739493247005,4.2620932808858925,5.480271292981342,5.376110089855501
humaneval,28,1,0,0,19.59617999227703,19.502501410443074,5.538131066259666,5.426505503692169,6.013104609337461,5.819130640247749
humaneval,28,1,0,1,19.68663904699497,19.592257023759885,6.0703079684572,5.957621476682107,5.962392828223528,5.768370566329395
humaneval,28,1,1,0,19.54165694951371,19.447525261512055,5.511125164048281,5.399004480750591,6.014451038936386,5.818865226501657
humaneval,28,1,1,1,19.693904804626072,19.523607370956597,6.050464285181079,5.936692578416114,5.832724933497957,5.7204340355383465
humaneval,28,1,2,0,19.593900992276758,19.42420487102936,5.5187798084261885,5.405790144777711,5.92463802331622,5.812724730731134
humaneval,28,1,2,1,19.901055484297103,19.71574888284522,6.098809964896645,5.9856294651581265,6.031815715232369,5.917678468904342
humaneval,28,2,0,0,19.671681187446666,19.504903210872726,6.084434468903055,5.971479378786171,5.812788956973236,5.701187687463971
humaneval,28,2,0,1,19.856334601627168,19.761854269745527,5.674907976299437,5.477585800690576,5.903214199406648,5.789190793166199
humaneval,28,2,1,0,19.589846394410415,19.495975409881794,5.934768281349534,5.735961574373505,5.735408480632032,5.623832644232607
humaneval,28,2,1,1,19.891709777311917,19.79727756270222,5.58896408210785,5.45521789445047,5.889145722903777,5.777246788966295
humaneval,28,2,2,0,19.60432547639357,19.51025434755138,5.921883863265975,5.729792433612602,5.754830464866245,5.643312765641895
humaneval,28,2,2,1,19.84963416816754,19.755042456836236,5.594521933289798,5.481239957134676,5.9907945937993645,5.787970124856656
humaneval,29,1,0,0,20.456642128920066,20.369630144614348,6.154882804821682,6.050160023278295,6.214288101546117,6.089673363476322
humaneval,29,1,0,1,20.580286792664992,20.403629624979658,6.176396941100393,6.069772679438756,5.536441113235924,5.430841070392489
humaneval,29,1,1,0,20.47378698080138,20.29800764466927,6.1509437341555895,6.04587190264283,6.147570570647076,6.0428614260672475
humaneval,29,1,1,1,20.666349586008437,20.480385144310276,6.185144394294184,6.076421086163464,5.568064960698393,5.462328734665789
humaneval,29,1,2,0,20.893227308533824,20.712962500056165,6.239701109279849,6.1336904259405856,6.2412138358922675,6.133011718702619
humaneval,29,1,2,1,20.608244027243927,20.520881562788418,6.343798965190217,6.1416909688887245,5.548861585793929,5.44219124594747
humaneval,29,2,0,0,20.520703687452624,20.43384494527345,6.676424441593554,6.477294601609174,6.055231027403352,5.9501071364138625
humaneval,29,2,0,1,20.642288062390435,20.554617125071672,7.1917183281584585,6.988540675592958,7.090266796694777,6.984896207086422
humaneval,29,2,1,0,20.467996331717586,20.380643129101372,6.693877984616847,6.493574710930261,6.055140051103081,5.950535609372309
humaneval,29,2,1,1,20.6815580509101,20.59365363265897,7.134820273677178,7.028728648492688,7.172243332206563,6.974473874834075
humaneval,29,2,2,0,20.419421390670323,20.332405335921067,6.591296546957892,6.485714242444374,6.145527137050522,5.945482687820913
humaneval,29,2,2,1,20.645358191359264,20.5579542889609,7.062904402118875,6.955591421956342,7.156972168104403,6.967324769902916
humaneval,30,1,0,0,20.61903168760182,20.44465928156569,5.7538234377716435,5.649294730119436,5.650176870858559,5.546039613363973
humaneval,30,1,0,1,20.667897582370642,20.494224011599727,5.43280990632411,5.328176624971093,6.4115433515326,6.306778855559969
humaneval,30,1,1,0,20.58592481262167,20.41033943714865,5.743514644564129,5.638468949200615,5.631527050809382,5.525938667688024
humaneval,30,1,1,1,20.553006066165835,20.466495292566833,5.526985199594492,5.325241198988806,6.419641898446571,6.314704488431744
humaneval,30,1,2,0,20.690816172191262,20.604687265858956,5.864657867277856,5.662493578256544,5.633589566514274,5.529116531306499
humaneval,30,1,2,1,20.70527867999772,20.61874866785729,5.54814853148855,5.34758897674692,6.442498453452572,6.337771284961491
humaneval,30,2,0,0,21.087676003844535,21.001506847369455,5.629709769436886,5.431628054338944,5.334649500127853,5.230586922152725
humaneval,30,2,0,1,20.753362218783877,20.66659051934039,5.490900375207275,5.385195418057265,6.235883667613962,6.037799175373948
humaneval,30,2,1,0,20.645593437620846,20.559061468702566,5.566764417835657,5.4614519217466295,5.4292323279696575,5.2403844492801
humaneval,30,2,1,1,20.864974034793704,20.77811195704271,5.4782145039098396,5.372945633098425,6.233484878976014,6.036254351329262
humaneval,30,2,2,0,20.58100113299588,20.493588234330673,5.57133188658554,5.466782288749528,5.4477615622090525,5.245684773399262
humaneval,30,2,2,1,20.95094132801023,20.7762320310394,5.493348413892818,5.388155312630261,6.170333660065808,6.065230695639912
humaneval,31,1,0,0,19.740744652608555,19.568800465094682,4.512601796704985,4.407027148317866,4.731085609364527,4.6250250784396485
humaneval,31,1,0,1,19.755752257879067,19.667578457301715,4.210327035252703,4.008758730378759,4.699538761542499,4.592186179706914
humaneval,31,1,1,0,19.66490125414566,19.577361874780763,4.600966418365715,4.3845532695740985,4.6854524061927805,4.579094550990703
humaneval,31,1,1,1,19.986731839708227,19.8985910196825,4.315476597639645,4.125976484374405,4.761753155889892,4.656433452964848
humaneval,31,1,2,0,19.432307332408527,19.34483407831067,4.567522906199883,4.367163027382048,4.6560253554162045,4.550741894490784
humaneval,31,1,2,1,19.907619789137243,19.819760332211445,4.1015817892002815,3.995707089870848,4.82946623060343,4.618495769591391
humaneval,31,2,0,0,19.60645121471316,19.519007964845514,4.681469355546142,4.576349609124009,4.965001105574629,4.848664871133224
humaneval,31,2,0,1,19.71967374220185,19.63170736325992,4.098782597793615,3.992849214682792,4.8054245703497145,4.69728124608082
humaneval,31,2,1,0,19.606118605679512,19.51812667584818,4.677841495777102,4.572836253828427,4.996044202925987,4.796355636699445
humaneval,31,2,1,1,19.76386643764272,19.67367242968976,4.097656472822564,3.9918082184158266,4.717732136668928,4.612074284978007
humaneval,31,2,2,0,20.131740804572473,19.960340327997983,4.83624305070407,4.729568249786098,5.057158988165611,4.951002972575225
humaneval,31,2,2,1,19.738529867026955,19.648246074211784,4.0966631718220015,3.990478754076321,4.728244542548055,4.620503456862934
livecodebench,0,1,0,0,20.454993269140687,20.308845523686614,6.565848284935782,6.401400734375784,6.244215363494732,6.077910034946399
livecodebench,0,1,0,1,20.528852511688456,20.382391835937597,6.633305277318868,6.468638413934968,5.955595484465448,5.790390468973783
livecodebench,0,1,1,0,20.416458847648755,20.270794203042897,6.590011933894857,6.392096238414524,6.224470921551983,6.060156960757013
livecodebench,0,1,1,1,20.54454169137898,20.398581644712976,6.613597238356306,6.448283933423227,5.99013655073577,5.7970307384493935
livecodebench,0,1,2,0,20.511307956894598,20.36477034789641,6.656329601355537,6.489663355296216,6.273178245919553,6.071791324302467
livecodebench,0,1,2,1,20.606686468454427,20.459833499899105,6.6343228791083675,6.4687808517192025,5.968949273210455,5.802122160275758
livecodebench,0,2,0,0,20.50950226976056,20.3638568086717,5.823023671837291,5.658964210851991,5.620994617402175,5.456326898638508
livecodebench,0,2,0,1,20.604804394679377,20.458507683542848,6.100384757701249,5.934969277404889,5.995050390538381,5.830327472722274
livecodebench,0,2,1,0,20.62231360559963,20.448367519293242,5.8563346051414555,5.690484839760757,5.652341132645233,5.484291476477665
livecodebench,0,2,1,1,20.58812045288505,20.401205023517832,6.074434195397771,5.909375211103907,5.979553339784616,5.814142773488129
livecodebench,0,2,2,0,20.489372273459594,20.313682452979265,5.823295699428854,5.658836757902463,5.605023980479018,5.439817789010704
livecodebench,0,2,2,1,20.601603847808292,20.454600742141338,6.0904682459295145,5.922383332290337,5.974754976705299,5.808692109440017
livecodebench,1,1,0,0,20.4466963335613,20.314595422112486,6.716287285653931,6.587707519216777,6.376992116855594,6.254087588790143
livecodebench,1,1,0,1,20.469695370627083,20.358914907167975,8.615316265604633,8.502905894147261,5.9899936887951615,5.79665502693781
livecodebench,1,1,1,0,20.47382930565315,20.341437455499545,6.715026397854735,6.591505004653458,6.489813809577392,6.260982004006381
livecodebench,1,1,1,1,20.51691695804173,20.40619218045052,8.468279144835833,8.356443613138254,6.129194526914255,5.802901425537326
livecodebench,1,1,2,0,20.509202350189703,20.376777350126453,6.768578039058908,6.643933463273207,6.4631271301022855,6.337893579973642
livecodebench,1,1,2,1,20.77462869487203,20.56566221290268,8.504446629103768,8.389937347601517,6.016551384803009,5.821637554421417
livecodebench,1,2,0,0,20.58369302798787,20.45123814475826,7.019593974059343,6.895194004503486,7.026026441687436,6.9021386667900595
livecodebench,1,2,0,1,20.715512638734825,20.604595684778392,7.847709770561909,7.718939950316305,7.181723523812945,7.010199643056175
livecodebench,1,2,1,0,20.93572198904844,20.68397889444087,7.027661030229132,6.903645614750715,7.041040636111228,6.916812519256623
livecodebench,1,2,1,1,20.766052374879276,20.65508724546008,7.994276955451078,7.7600161532393175,7.166484541985916,6.993503303549785
livecodebench,1,2,2,0,20.47939657802797,20.34668963881106,7.088070055993992,6.870046999805417,6.988778298627988,6.864635948115936
livecodebench,1,2,2,1,20.661698018321424,20.550825013843777,7.986092653129719,7.739461207477091,7.15936254709959,6.989468958289805
livecodebench,2,1,0,0,19.71263679297408,19.570039593872934,6.690660866752296,6.529351871449762,6.600244027595181,6.438911480472598
livecodebench,2,1,0,1,19.664295312395552,19.520692386777228,7.322688140448008,7.161440800700802,7.202080008028133,7.041192656288331
livecodebench,2,1,1,0,19.538721515800717,19.39598828130329,6.562944761753897,6.4015411717264215,6.627087574088364,6.421175082323316
livecodebench,2,1,1,1,20.149306640632858,20.004318125302234,7.455144941559411,7.292687699191447,7.306423617137625,7.1439982616539055
livecodebench,2,1,2,0,19.48186115214412,19.294125296710263,6.536647230404924,6.375347089488059,6.539639203310799,6.378559351560398
livecodebench,2,1,2,1,19.803119687367143,19.593531214923132,7.331539461119974,7.168937644564721,7.136765308587201,6.9726036640531674
livecodebench,2,2,0,0,19.562523425975087,19.41978571085201,6.482964671704394,6.322065085896611,6.568676703409437,6.40758726558488
livecodebench,2,2,0,1,19.77332239448515,19.630146988220076,7.0373507969634375,6.87619195696243,6.725801042648527,6.564315031027945
livecodebench,2,2,1,0,19.68713690621371,19.544426257652958,6.555163406119391,6.358371859278122,6.859589906071051,6.69867529268231
livecodebench,2,2,1,1,19.834910132885852,19.691476113166573,7.108739976501965,6.888035788961133,6.770307437363954,6.608274343761877
livecodebench,2,2,2,0,19.539787910161976,19.396773078369733,6.508889984161215,6.318209410437703,6.577373625077598,6.416507746052957
livecodebench,2,2,2,1,19.772573003592697,19.629261867066816,7.0446065547002945,6.882133308863558,6.709754832172621,6.546438410168776
livecodebench,3,1,0,0,20.517881589967146,20.394194679738575,9.06095949221708,8.918344254198018,9.040464722602337,8.847349562529416
livecodebench,3,1,0,1,20.62410247663138,20.448818414024572,7.9988352540567575,7.855876101530157,9.64820769513608,9.504873922196566
livecodebench,3,1,1,0,20.48442244904436,20.307381968905247,9.04215124228358,8.898826034965168,8.97755783626053,8.834476859647111
livecodebench,3,1,1,1,20.889049558718398,20.710246089493012,8.12013672248213,7.976131000305031,9.837709671955963,9.691892886621645
livecodebench,3,1,2,0,20.94170135933382,20.759399168127857,9.21243628135926,9.069966191418644,9.093772664073185,8.949386039148521
livecodebench,3,1,2,1,20.514571159765183,20.390324945310567,8.051043730574747,7.859290929445706,9.667058683589858,9.523167566385382
livecodebench,3,2,0,0,20.487316031449154,20.363392171475425,9.486776050835033,9.296764796545176,9.169807144644437,9.026969160458975
livecodebench,3,2,0,1,20.802655261832115,20.67740124584816,8.370558882688783,8.167177883024124,8.051909613641328,7.907863961008843
livecodebench,3,2,1,0,20.63059204692763,20.506365828168782,9.462241410346905,9.316560371189553,9.214617722591356,9.072036894394842
livecodebench,3,2,1,1,20.654745515457762,20.529679445189686,8.274201101357903,8.13041178525964,8.053186913912214,7.853974245790596
livecodebench,3,2,2,0,20.918608831834717,20.794596531231946,9.700173769488174,9.556184749726526,9.268596964830067,9.06734086720462
livecodebench,3,2,2,1,20.78351196450967,20.658981695305556,8.315338664033334,8.172084762009035,8.071856066635519,7.868886730648228
livecodebench,4,1,0,0,20.771938937741652,20.394419980675593,8.993270831979316,8.619928519237874,8.426259136740555,8.052595015669795
livecodebench,4,1,0,1,20.8664909023355,20.51146580470231,10.46492830846546,10.088000828091026,10.69202675807901,10.3153268864844
livecodebench,4,1,1,0,20.70164666429264,20.344897855466115,8.886907976375369,8.512773613347235,8.362508347545372,7.987226214936527
livecodebench,4,1,1,1,20.991683375086723,20.636807402297563,10.566519460553536,10.18690612499995,10.754758628991112,10.379185398505797
livecodebench,4,1,2,0,20.76657700808937,20.415939558461105,8.945699093601434,8.571398464937374,8.422414741744433,8.050136511883466
livecodebench,4,1,2,1,20.887558996037114,20.533829691430583,10.533982542710874,10.153745421575877,10.766859214982105,10.392345847776596
livecodebench,4,2,0,0,20.81135308571902,20.459007371300686,8.565187019485165,8.181422402230965,8.685107750352472,8.31447380460304
livecodebench,4,2,0,1,20.957696722689434,20.60394820273359,11.746078226678947,11.369179800567508,10.76586825774939,10.391245300525043
livecodebench,4,2,1,0,21.118128660418733,20.766345183346857,8.582924965139682,8.208017242395726,8.807819991943688,8.427437953287154
livecodebench,4,2,1,1,21.05724565217315,20.707427160232328,11.778516874983325,11.404363237943471,10.751181480372907,10.376410160461091
livecodebench,4,2,2,0,20.83029979303319,20.477964632846124,8.57050287504535,8.199620980576583,8.687182074027078,8.30845400423641
livecodebench,4,2,2,1,21.032321687471267,20.674782949299697,11.761558547277673,11.386136062355945,10.7699548243545,10.39527637522042
livecodebench,5,1,0,0,19.5286221915012,19.34703022652684,8.319197816490487,8.155993250056781,8.528759507498762,8.364831870949274
livecodebench,5,1,0,1,19.607976973020413,19.461332660284825,9.446728191505827,9.237854906587017,8.565784558413725,8.399532195198844
livecodebench,5,1,1,0,19.520402613125043,19.374761640392535,8.35536768363454,8.158683824149193,8.540589839867607,8.375699710995832
livecodebench,5,1,1,1,19.570256004044495,19.424189269557246,9.405940066244511,9.210237324168702,8.556899917948613,8.392831867240602
livecodebench,5,1,2,0,19.473653304885374,19.327636355683353,8.316017835568346,8.150144964474748,8.565161476326466,8.401771218814247
livecodebench,5,1,2,1,19.595683730585733,19.449421410172363,9.402327366842655,9.237059535280423,8.604003285199724,8.411752398387762
livecodebench,5,2,0,0,19.48914987497119,19.34326550372134,8.629373429357656,8.465748246180738,8.230534601807449,8.033886746034113
livecodebench,5,2,0,1,19.602174523242866,19.456415179774922,11.191093847628508,11.026980042970536,9.116070648360619,8.947104480284906
livecodebench,5,2,1,0,20.387735523854644,20.24205132829593,8.859867828050483,8.696671718553262,8.42825485551657,8.234911785166332
livecodebench,5,2,1,1,19.72618731633702,19.553710492346,11.366916246515757,11.20141616820547,9.12269105856467,8.958619878740137
livecodebench,5,2,2,0,20.28145716394647,20.10391797648481,8.941292714553128,8.774218581947935,8.505999941007758,8.340420426065975
livecodebench,5,2,2,1,20.531113628749154,20.34831794890124,11.597923277349764,11.432357992362085,9.462390492444683,9.295680835748499
livecodebench,6,1,0,0,20.443863008040353,20.248188671757816,8.346354296918435,8.123197796976456,8.023893886729638,7.809290168097505
livecodebench,6,1,0,1,20.533186378997925,20.337265070338617,9.88042293329272,9.658266046699282,9.238204773282632,9.02391311728934
livecodebench,6,1,1,0,20.704154625036608,20.50982635546461,8.353229761723924,8.130462038934638,8.046925597682275,7.832087734641391
livecodebench,6,1,1,1,20.910333124902536,20.71481037501144,10.099059507410857,9.883688855552464,9.407553925939283,9.18430294132122
livecodebench,6,1,2,0,20.78250546082927,20.58746349212015,8.465284422072727,8.250559249972866,8.179736144484195,7.957063667618058
livecodebench,6,1,2,1,20.82158722259919,20.62586189049398,10.291840031186439,10.07701341768552,9.206329601511243,8.983826359326486
livecodebench,6,2,0,0,20.494861257702723,20.298920047025604,8.52770193341712,8.313987210840423,7.906906613698084,7.68516192192692
livecodebench,6,2,0,1,20.77205038676766,20.56884429703132,9.639261304982938,9.421513210781995,9.749084957093146,9.533150078368635
livecodebench,6,2,1,0,21.17917135137759,20.973498375042254,8.822957597658387,8.607049956935953,8.143694234149734,7.92820198012123
livecodebench,6,2,1,1,21.286897710979247,21.08333898058845,9.950722210760432,9.733686191339075,9.973278640245553,9.753865792845318
livecodebench,6,2,2,0,21.151590628960548,20.94778532818964,8.790191667685576,8.574372558541654,8.155176206855685,7.9393638279725565
livecodebench,6,2,2,1,20.716155172067374,20.519359902209544,9.558608605402696,9.34164109366975,9.711932523259748,9.495001077993948
livecodebench,7,1,0,0,20.5290738945223,20.38107170346848,5.991078433453367,5.823171492465917,5.677890628703608,5.511775586001022
livecodebench,7,1,0,1,20.54285791791699,20.394265343838924,5.881296320239926,5.7144465431520075,7.194695332145784,6.994718160058255
livecodebench,7,1,1,0,20.484223417952307,20.336955441507598,5.961987746104569,5.794814242108259,5.653393207012414,5.461645984269126
livecodebench,7,1,1,1,20.56666938278795,20.41894071862771,5.868301339887694,5.701458288967842,7.245934109050722,7.047967554626666
livecodebench,7,1,2,0,20.616592808437417,20.468485035053163,5.9911541288784065,5.825075671964441,5.7203659607694135,5.519001613265573
livecodebench,7,1,2,1,20.65082743729363,20.475836796777003,5.909095749757398,5.739947668189416,7.203295965155121,7.034933859358716
livecodebench,7,2,0,0,20.677538550444297,20.500970156263065,5.693684554898937,5.525824175947491,6.070262261800963,5.902948953007581
livecodebench,7,2,0,1,20.79721976588189,20.622647085929202,5.286663293190941,5.118946487982612,6.173733996092778,6.0057877853978425
livecodebench,7,2,1,0,20.73886736707209,20.563774925904,5.689311890364479,5.5221034217538545,6.0103927303316595,5.843314769663266
livecodebench,7,2,1,1,20.806403050755762,20.657850605402928,5.30838430086078,5.111603906243545,6.1492015115618415,5.982252085686923
livecodebench,7,2,2,0,20.648906503993203,20.50086107419702,5.728789745717222,5.530428870770265,6.03039917177739,5.862786261786823
livecodebench,7,2,2,1,20.76278307413304,20.613593034795485,5.307693277245562,5.113309898206353,6.151876757485297,5.984087797060056
livecodebench,8,1,0,0,19.55710867605376,19.413890226587682,7.275602296886063,7.114102972536784,6.988455320424691,6.818011655923328
livecodebench,8,1,0,1,19.716847957170103,19.57291789858573,8.483199890633841,8.320443339925987,8.808756062535394,8.644830383218505
livecodebench,8,1,1,0,19.6024621682227,19.459264769466245,7.285659441549797,7.124490691239771,7.011371128555766,6.816772105594282
livecodebench,8,1,1,1,19.687256597535452,19.511092859374912,8.43913677317687,8.275982281247707,8.638169535061024,8.476150644582958
livecodebench,8,1,2,0,19.46868024970172,19.296320223020302,7.262067437750375,7.100019656263612,6.937312296940945,6.775937238217011
livecodebench,8,1,2,1,19.631600648608583,19.461126953046914,8.420170843692176,8.25884980849878,8.63348844131906,8.471073199416423
livecodebench,8,2,0,0,19.566610558285902,19.400148168188025,7.279673538960196,7.118617976630048,7.369274777374812,7.207618558368267
livecodebench,8,2,0,1,19.62903627372725,19.485290172269742,7.564432683921041,7.369752222984971,6.911501714512269,6.748043226252776
livecodebench,8,2,1,0,19.578398124849627,19.43524344915204,7.423644703521859,7.22825528919202,7.4119793043792015,7.249007437621913
livecodebench,8,2,1,1,19.703817976278515,19.56019985163948,7.579811863251962,7.384125441603828,6.935418972716434,6.774023273464991
livecodebench,8,2,2,0,19.580688847781857,19.437119359281496,7.2838875430534245,7.1203934062396,7.387511535398517,7.226790328331845
livecodebench,8,2,2,1,20.41553108210792,20.271728581974457,7.837103617021057,7.674119292914838,7.23128988283861,7.027232046766585
livecodebench,9,1,0,0,20.436299597349716,20.298656910199497,8.523951191364176,8.367301113139547,8.530489124950691,8.371078593881975
livecodebench,9,1,0,1,20.698419406471658,20.5234252698574,8.709298804660648,8.552549785235897,8.81749721838787,8.660954875267635
livecodebench,9,1,1,0,20.419050109467207,20.24473867186316,8.515108367191715,8.35892288296236,8.511987804922683,8.355997222679434
livecodebench,9,1,1,1,20.78448121483234,20.644345578148204,8.797272625088226,8.640817992272787,8.989035929516831,8.831619777083688
livecodebench,9,1,2,0,20.481419128827838,20.341778269539645,8.532791082416225,8.37631409012829,8.535878820566722,8.378238093882828
livecodebench,9,1,2,1,20.49197349606402,20.353051246274845,8.692618652275996,8.517925605701748,8.817261750209582,8.657894652515097
livecodebench,9,2,0,0,20.494133804731973,20.356722914129932,7.900854835952487,7.699359664457006,8.100520910375053,7.944250621221727
livecodebench,9,2,0,1,20.906794679831364,20.768697879248066,9.106378995966224,8.907834558613104,8.240690121056105,8.083844839802623
livecodebench,9,2,1,0,20.83931676179418,20.701462254237413,8.014066082068894,7.818860308816511,8.14799574254721,7.991714840045461
livecodebench,9,2,1,1,21.472558711138845,21.334140343697072,9.3385355976352,9.1807264648196,8.464636327971675,8.305254535116546
livecodebench,9,2,2,0,21.16088711318298,21.02296445718821,8.111998390631925,7.9537788474226545,8.37737668734917,8.218014269459673
livecodebench,9,2,2,1,20.6015960275181,20.463486640437623,9.050847073922341,8.893867039205361,8.266668656233378,8.068244039350247
livecodebench,10,1,0,0,20.564549336086202,20.389585245993658,8.480969961055962,8.310516246183397,7.946837324197986,7.7765715432178695
livecodebench,10,1,0,1,20.605467113455234,20.45308465631024,7.625910429396754,7.455391656549182,8.798462628874404,8.627293468634889
livecodebench,10,1,1,0,20.527436359316198,20.352125500266993,8.422626160154323,8.25234276953779,7.867288773468317,7.6942376954320935
livecodebench,10,1,1,1,20.70925520683886,20.55809305056755,7.664663558443863,7.466802706858289,8.855512226546125,8.683338906394056
livecodebench,10,1,2,0,20.6684310583114,20.516954621143668,8.528436691449315,8.330284254043363,7.964788703247905,7.79487127374523
livecodebench,10,1,2,1,20.64886846483205,20.496439308772096,7.635415648564958,7.440052535457653,8.839594269829831,8.669935269608686
livecodebench,10,2,0,0,20.59410692572783,20.442580722829007,8.652025933770346,8.454548171812348,8.771419199547381,8.600832636602718
livecodebench,10,2,0,1,20.74616256641093,20.594371398146905,9.65378192222488,9.482685414241132,7.923013058643846,7.721625230260543
livecodebench,10,2,1,0,20.618205371192744,20.467246734369837,8.613185070316831,8.442570027455076,8.781042515693116,8.585240460888599
livecodebench,10,2,1,1,20.801244851554657,20.649635886456963,9.642417570375983,9.471344992107333,7.905231211225328,7.732684089660324
livecodebench,10,2,2,0,20.561273574458028,20.410328183515958,8.61844819110047,8.448920668342907,8.771294894359016,8.572089949211659
livecodebench,10,2,2,1,20.745546980379004,20.569676452851127,9.597405691238237,9.42582583593321,7.858894050968956,7.6873523398717225
livecodebench,11,1,0,0,19.60781394886092,19.38373061040273,5.477775149911489,5.339045716646444,5.483488072209137,5.344114061709033
livecodebench,11,1,0,1,19.566100143101156,19.45846871769225,6.438783629198076,6.2066250183205645,6.383325837826891,6.171912596517697
livecodebench,11,1,1,0,19.508457343834333,19.39416669237499,5.602277984564221,5.346371835462518,5.510046077200894,5.3719368453627245
livecodebench,11,1,1,1,19.653432167571875,19.546216387194736,6.453403148312915,6.222027828765999,6.4246508837930225,6.216366356599701
livecodebench,11,1,2,0,19.506492856173562,19.39259573327712,5.5885879687734485,5.325830623761933,5.493335628680424,5.355673984950888
livecodebench,11,1,2,1,19.532016927986874,19.4250956655627,6.303407032478221,6.178653338186753,6.618485922289853,6.218884512060142
livecodebench,11,2,0,0,19.443796625814567,19.329281594866934,5.066514118411338,4.928336545978625,5.3197947317571135,5.0599063043338575
livecodebench,11,2,0,1,19.5692680763865,19.461879703332112,6.942377933198123,6.793902071645658,5.077037262353336,4.8410086859283705
livecodebench,11,2,1,0,19.5284678767889,19.414095061783414,5.083024159755519,4.944499366023798,5.331448494749547,5.077209489866515
livecodebench,11,2,1,1,19.7567805646736,19.542983392226784,6.985456597198891,6.836249978019141,4.991322433176849,4.863115647874241
livecodebench,11,2,2,0,19.623433369307374,19.398154959512446,5.112399324923562,4.972543742642114,5.228658221762858,5.089723335257395
livecodebench,11,2,2,1,19.786946980714905,19.6765662342506,7.021838933543317,6.871900613193312,4.998358971594523,4.867181990716961
livecodebench,12,1,0,0,20.515665554739826,20.3960194062347,6.693423828437517,6.493862043043919,6.208112155945855,6.069873929845926
livecodebench,12,1,0,1,20.454652970871972,20.32522585325162,5.555106861567704,5.3466442354148676,6.515149527331232,6.376828320298955
livecodebench,12,1,1,0,20.501039867212967,20.380624839617667,6.586996613350493,6.446400988352252,6.1765082305100805,6.038632687705103
livecodebench,12,1,1,1,20.456259529705026,20.32628987364064,5.506507617503623,5.355993979375715,6.630849468820088,6.425351148209302
livecodebench,12,1,2,0,20.42131165626415,20.30151341796227,6.621090421958797,6.4827950468497875,6.225762511803623,6.027207874922169
livecodebench,12,1,2,1,20.539507928241765,20.40995003806208,5.552964457682482,5.403175995540375,6.750243769602093,6.554172015512449
livecodebench,12,2,0,0,20.472597211210086,20.35281156668134,6.832668601418845,6.6950257614735165,6.894815378927888,6.694112445075007
livecodebench,12,2,0,1,20.650495205684994,20.50889490373793,6.992758741944272,6.853437847439636,7.271496856407044,7.129726115617887
livecodebench,12,2,1,0,20.618028550870804,20.442358093987423,6.874000077914388,6.733406050898338,6.8699789921993215,6.730975504069647
livecodebench,12,2,1,1,20.715094130376684,20.51919313028314,6.9564961404466885,6.817636730374943,7.228025458326408,7.084747609418939
livecodebench,12,2,2,0,20.79997269129308,20.67804721491484,6.951885949547432,6.813592429807613,6.897129453136586,6.757312566605833
livecodebench,12,2,2,1,20.484320995957443,20.354910004304863,6.964206851534982,6.822953902428708,7.232523864632347,7.090893820803836
livecodebench,13,1,0,0,20.496552218446595,20.355117925646482,7.736878906143829,7.558754546607815,7.319196503885905,7.159806078107067
livecodebench,13,1,0,1,20.563709203088365,20.42196467573376,8.92419854289983,8.76379523833748,8.193345464860613,7.995758265678887
livecodebench,13,1,1,0,20.4702759765496,20.329076992311457,7.716208418059978,7.556156218925025,7.398073918011505,7.235131894503866
livecodebench,13,1,1,1,20.62794537505397,20.48614248042213,8.920020863115496,8.759325550727226,8.213113472720579,8.014180159989337
livecodebench,13,1,2,0,20.562045601764112,20.420786113390932,7.745753070139472,7.58554435969927,7.326466347876703,7.128549339540768
livecodebench,13,1,2,1,20.77438798824005,20.597796597485285,8.964649586232554,8.802389218999451,8.230740675571724,8.069495183463005
livecodebench,13,2,0,0,20.69374672646518,20.51384702735959,7.671299386856845,7.508565422085667,7.999244969141728,7.838305558834691
livecodebench,13,2,0,1,20.798478054985026,20.621916351501568,9.338293390555918,9.177753445328563,10.202846265201515,10.042003558737633
livecodebench,13,2,1,0,20.637998742131458,20.4587670705223,7.637372015778965,7.477349910004705,7.83979823017944,7.679186648601899
livecodebench,13,2,1,1,21.048676680038625,20.90671137921163,9.38479580463536,9.18691986680642,10.267570820360561,10.106443257882347
livecodebench,13,2,2,0,20.761609402143222,20.62014254715905,7.659081148176483,7.456093011569465,7.823642863513669,7.66028560929044
livecodebench,13,2,2,1,20.744764855407993,20.602959992174874,9.368379976422148,9.173690672014345,10.183022375258588,10.022470828516816
livecodebench,14,1,0,0,19.58985413693881,19.469114089588402,7.626477085977967,7.488016726711066,7.255056593749032,7.061135890580772
livecodebench,14,1,0,1,19.68106119920776,19.56051910565293,10.677649542685685,10.538702320445736,9.058741570243,8.858903082000325
livecodebench,14,1,1,0,19.575986629206454,19.455949894563673,7.629237906257913,7.491434304483846,7.266035074280808,7.064505187372561
livecodebench,14,1,1,1,19.65137829301966,19.481498671666486,10.638009949161642,10.498506074327452,8.996391331947962,8.857378699303808
livecodebench,14,1,2,0,19.64813456243064,19.475170464829716,7.646460687283252,7.507326718950935,7.811959093942278,7.6732865977646725
livecodebench,14,1,2,1,19.694910070029437,19.524468566487485,10.66134364464233,10.522230757942452,9.00239081647669,8.862801711075008
livecodebench,14,2,0,0,19.565270082239294,19.418565851538006,7.926945062081359,7.788879679537786,7.186237777659699,7.0479188902936585
livecodebench,14,2,0,1,19.70041560161917,19.579457343752438,8.132098066198523,7.944039105495904,9.138039582012425,8.999248343570798
livecodebench,14,2,1,0,19.591435929669387,19.47075789439623,8.025703523344418,7.831073640772956,7.238121249883989,7.097918132785708
livecodebench,14,2,1,1,19.726607086340664,19.605667804626137,8.166933695065381,7.968952163992071,9.146075031367218,9.007630691485247
livecodebench,14,2,2,0,19.63038906251313,19.510002996412368,8.012073289137334,7.826724156529963,7.23480527767606,7.096034835740284
livecodebench,14,2,2,1,19.851217230097973,19.729395183730958,8.120595249692997,7.978903129242099,9.269465902434604,9.068629636658443
livecodebench,15,1,0,0,20.466383433358715,20.257443257833074,7.174140277584229,6.946675226572552,6.975692539072043,6.741553726442362
livecodebench,15,1,0,1,20.504705933944933,20.291720839850313,8.832445226289565,8.604451687460823,8.298486039166164,8.070487808709004
livecodebench,15,1,1,0,20.38077314864495,20.1654657889776,7.177281191616203,6.949040484414581,6.935400062502595,6.706893605496589
livecodebench,15,1,1,1,20.52342760953252,20.31420943330886,8.821715093745297,8.59387784385035,8.290224277061498,8.063155511536024
livecodebench,15,1,2,0,20.41279103514171,20.20024678131449,7.200821043170436,6.97406844528814,6.9781385896021675,6.750641988219286
livecodebench,15,1,2,1,20.611233007912233,20.40286557394211,8.887071620847564,8.647425691378885,8.307034679546632,8.076920726580283
livecodebench,15,2,0,0,20.720728527066967,20.511113953489257,7.083021242124232,6.848500859177875,7.284122621058486,7.056779406411806
livecodebench,15,2,0,1,20.64769983962833,20.43931280468314,8.017142933567811,7.782310164202499,7.358422257766506,7.129499691018282
livecodebench,15,2,1,0,20.47172753509585,20.2624079065572,7.230668128613615,6.995248527346121,7.294734078186593,7.067758070206764
livecodebench,15,2,1,1,21.236232027149526,21.02712433998022,8.254172530996584,8.025138433822576,7.597239214646834,7.359553988408152
livecodebench,15,2,2,0,20.468703113238007,20.258962066236563,7.092033101343986,6.860585371214256,7.354725714776578,7.119851691641088
livecodebench,15,2,2,1,20.570904257965594,20.36096454685321,7.9628482694715785,7.734942695606151,7.337389789427107,7.1023226601028
livecodebench,16,1,0,0,20.468463523684477,20.341941749848047,6.2195192422223045,6.074337589780043,6.004433437738044,5.861338652266568
livecodebench,16,1,0,1,20.567636128816957,20.441790324184694,8.488347972615884,8.345543933501176,6.313732070339029,6.170573711187899
livecodebench,16,1,1,0,20.457592457205465,20.277825675748318,6.213232089976373,6.070902238207054,5.989802675685496,5.846987843597162
livecodebench,16,1,1,1,20.601875636657496,20.47724848807775,8.501579387029778,8.356738937436603,6.331946000045718,6.188980902152252
livecodebench,16,1,2,0,20.513242832294054,20.38927249986955,6.258730625177122,6.0685380117320165,5.9801154102387954,5.836762519720651
livecodebench,16,1,2,1,20.641194851577893,20.516527812560525,8.82689826994465,8.62516653523926,6.481029058704735,6.272303988225758
livecodebench,16,2,0,0,20.684395644366305,20.56004430824032,5.837378351316147,5.644299820687593,5.678434699348145,5.5353566290250455
livecodebench,16,2,0,1,20.815074425627245,20.690446113349026,5.954057125109102,5.810489140912978,6.113281824582373,5.914524766012619
livecodebench,16,2,1,0,20.549943679725402,20.42424814453625,5.786613241980376,5.641815761919133,5.815048117256083,5.607667894764745
livecodebench,16,2,1,1,20.857741199051816,20.733125804326846,5.986440308788588,5.8429806640560855,6.1315402108448325,5.922457761698752
livecodebench,16,2,2,0,20.5527002854069,20.428396808711113,5.769653230345284,5.625805750241852,5.758309093835123,5.557720515753317
livecodebench,16,2,2,1,20.819761519305757,20.64236367596095,5.946381089870556,5.801970730772155,6.052042265764612,5.908582269512408
livecodebench,17,1,0,0,19.570690847575424,19.365217064559047,5.454735875159882,5.26871227312195,5.213127675772369,5.026477578751466
livecodebench,17,1,0,1,19.57575742562767,19.43690992948177,6.157838736195117,5.955918415915221,6.915023445344559,6.757180836302723
livecodebench,17,1,1,0,19.55613782424566,19.392395435177065,5.494768694646795,5.262576694130311,5.203472162032051,5.017703426010148
livecodebench,17,1,1,1,19.549377539078705,19.409444511893525,6.137234656140208,5.938541751820594,6.895827812513744,6.738852750004298
livecodebench,17,1,2,0,19.350371050812235,19.18639383371488,5.489849138905777,5.256303703559011,5.183400504864511,4.998505546676892
livecodebench,17,1,2,1,19.626055383014318,19.486778816371952,6.135388943832368,5.974357743747532,6.9374629920275765,6.749145288722502
livecodebench,17,2,0,0,19.405566787032445,19.241010694208345,5.558535208196931,5.372713768371829,5.494899699072078,5.267189175895139
livecodebench,17,2,0,1,19.6181172696015,19.47936839860631,5.716986904250613,5.5496987877025585,5.713558949082653,5.51703232804357
livecodebench,17,2,1,0,19.433089768022505,19.268765731356797,5.569788486119015,5.384005110870392,5.4920514812693,5.26665770815237
livecodebench,17,2,1,1,19.749197011606157,19.56637085550028,5.725107529239419,5.557339799997862,5.687723843493586,5.531105007776205
livecodebench,17,2,2,0,19.458817240471642,19.292640694335137,5.588002212957859,5.40191077312489,5.4549460743415965,5.268955754150671
livecodebench,17,2,2,1,19.800127121470723,19.62383741420126,5.765622366743628,5.597172116298074,5.732198113037157,5.572741406467685
livecodebench,18,1,0,0,20.665137218657037,20.517747187568602,9.136540109466296,8.962172765677678,8.901739800876385,8.735147007428168
livecodebench,18,1,0,1,20.465000156491442,20.317341168265557,12.139569273131201,11.941979261791857,9.189770289140142,9.023709773373412
livecodebench,18,1,1,0,20.298939484291623,20.151563339823042,9.18461117953484,8.974948394552484,8.831160460886167,8.66394255490377
livecodebench,18,1,1,1,20.506629343344684,20.35733094544412,12.186698132609308,12.01741009754187,9.241296206710103,9.043793898854346
livecodebench,18,1,2,0,20.36577336366463,20.21803950810863,9.126782003932021,8.960396687598404,8.839988508043461,8.672278242102038
livecodebench,18,1,2,1,20.441421519535652,20.293423636758234,12.103207550808293,11.936429964862327,9.229694601799565,9.036710121108626
livecodebench,18,2,0,0,20.38506610188051,20.23722990634269,8.431372871200438,8.264913097718818,8.652087972677691,8.454297046682768
livecodebench,18,2,0,1,20.601436367087445,20.42668937065173,9.706574011488556,9.538045093904657,8.826268453049124,8.658720296807587
livecodebench,18,2,1,0,20.404274503562192,20.22649656237263,8.411656113366917,8.24400157398486,8.62635601151851,8.4597878671957
livecodebench,18,2,1,1,20.49160688648044,20.316533445566165,9.663417484262027,9.496575171851873,8.782755535321485,8.615008238393784
livecodebench,18,2,2,0,20.37595674619297,20.20284976970288,8.398242531256983,8.231542312387319,8.61396023810812,8.44667887486139
livecodebench,18,2,2,1,20.48186002366492,20.33301792198472,9.656074363192602,9.460499941269518,8.796324566446856,8.628827132724837
livecodebench,19,1,0,0,20.53105218010387,20.40681272637812,9.940815398294944,9.743271707066015,9.540065101646178,9.397870453085488
livecodebench,19,1,0,1,20.558406793043105,20.43441203522889,10.125969257842371,9.983583269786322,8.966860468717641,8.766816980369185
livecodebench,19,1,1,0,20.428601554613124,20.304873718487215,9.850911613284552,9.707658464776614,9.377109984598064,9.176031706829235
livecodebench,19,1,1,1,20.658902581999428,20.534730527288048,10.15843870709432,10.01619655835384,8.981242433492298,8.77867767940188
livecodebench,19,1,2,0,20.526679402337322,20.40210547284005,9.876932253973791,9.734896093505085,9.402447542925074,9.199486394209089
livecodebench,19,1,2,1,20.8187328985332,20.63091112904658,10.189769152020745,10.046231648630055,9.007669152651943,8.864266144428257
livecodebench,19,2,0,0,21.54439279684084,21.369872937611945,10.267516730891657,10.121864425855165,9.760381148680608,9.615751422188623
livecodebench,19,2,0,1,20.890431140742294,20.712062554594013,9.000987452964182,8.858016765771026,8.887272168067284,8.743466402393096
livecodebench,19,2,1,0,20.659279375195183,20.48112095280885,10.126963116817933,9.98458495723753,9.369546512061788,9.226337148447783
livecodebench,19,2,1,1,20.979581562187377,20.855224367096525,9.048277745932864,8.852301042679755,8.90729395314338,8.763682714743481
livecodebench,19,2,2,0,20.65059643746281,20.52655397255876,10.248285152556491,10.051251379081805,9.412679097749788,9.268044504096906
livecodebench,19,2,2,1,20.867799558345723,20.743386027334054,9.009770785269211,8.813870258109091,8.90180315627731,8.758669195685798
livecodebench,20,1,0,0,19.58515438673203,19.43101481674603,9.63219548430061,9.461397617087641,9.075266390482284,8.877183179720305
livecodebench,20,1,0,1,19.777559675731027,19.623677640538517,11.164283749621973,10.992250949129811,11.772936082252272,11.57358691398258
livecodebench,20,1,1,0,19.62344173443853,19.470037125302042,9.58887924616647,9.418207620910835,9.114398121255363,8.918983738112729
livecodebench,20,1,1,1,19.631735230177583,19.458771117115248,11.060060499858082,10.886604593906668,11.672588714645826,11.500007832182746
livecodebench,20,1,2,0,19.528990937487833,19.348136929693283,9.531581906230713,9.360566820305394,9.009394230361067,8.837656812829664
livecodebench,20,1,2,1,19.56814943741847,19.414724382841086,11.033975023110543,10.862763003842701,11.65357961326663,11.482817246360355
livecodebench,20,2,0,0,19.557096933567664,19.383254964850494,9.86784961696685,9.696928097582713,8.923992219024512,8.751636023589526
livecodebench,20,2,0,1,19.71238388296115,19.558913762011798,12.190491952878801,11.99287296503826,10.896210101691395,10.722713796894823
livecodebench,20,2,1,0,19.574800101509027,19.422003242198116,9.897310566429951,9.7035646290351,8.95754459361342,8.78624328515798
livecodebench,20,2,1,1,20.363001882742537,20.20927099238179,12.572041210660245,12.373266578379116,11.27402342581263,11.101290754140791
livecodebench,20,2,2,0,19.62393342591895,19.470573683520342,9.971041667540703,9.775840937436442,9.076288328287774,8.90426289060997
livecodebench,20,2,2,1,19.80708241035245,19.65288985547886,12.177283964774688,12.004822984181374,11.01363810539624,10.810209140799998
livecodebench,21,1,0,0,20.718893261800986,20.57284285183414,6.744149718997505,6.580179402590147,6.970903195451683,6.7995406211593945
livecodebench,21,1,0,1,20.57607728511357,20.401288925768313,10.298831788986718,10.1346790079333,8.039892437409435,7.875784926000051
livecodebench,21,1,1,0,20.479647515458055,20.295166581945523,6.690200656521483,6.525327222789201,6.895636300669139,6.7313866952645185
livecodebench,21,1,1,1,20.549223741909373,20.375490120841278,10.285981167726277,10.120583441221243,8.008834644897433,7.843182593660458
livecodebench,21,1,2,0,20.44145337140435,20.293729691275075,6.696336347886245,6.532543890443776,6.931718484338489,6.766651187263051
livecodebench,21,1,2,1,21.02631071875294,20.879635320397938,10.316145308479463,10.148282507998374,8.020093117011129,7.85478542184137
livecodebench,21,2,0,0,20.52262624602008,20.376261695219,6.736566398558352,6.538572047247726,6.489348406375939,6.324704398139147
livecodebench,21,2,0,1,20.579902472945832,20.433384105672303,7.118690453353338,6.922410218976438,6.961474648505828,6.796342804591404
livecodebench,21,2,1,0,20.468865163820738,20.32299684788086,6.733312167853001,6.538628421822068,6.483628952992149,6.319137382888584
livecodebench,21,2,1,1,20.618742902570375,20.472808269460074,7.078328410443646,6.912913386713626,6.979721199058986,6.784387414427329
livecodebench,21,2,2,0,20.458899703044153,20.312456855663186,6.70292969152797,6.536085621064558,6.486928078174969,6.320481632883457
livecodebench,21,2,2,1,20.591047816651553,20.444699324343674,7.039778796752216,6.874470804632438,6.980295434004802,6.7808688909281045
livecodebench,22,1,0,0,20.599236972429935,20.424999632723484,6.6711855588437174,6.527815129174996,6.037390695382783,5.89508607845346
livecodebench,22,1,0,1,20.618751195343066,20.44521877360239,6.303306332029024,6.1605393007084785,6.246467640721676,6.104642722675635
livecodebench,22,1,1,0,20.477685183777794,20.303726730162452,6.605208312521427,6.464151218551706,5.962837304650748,5.82094889068685
livecodebench,22,1,1,1,20.6153814137906,20.491948664130177,6.281194062466966,6.082911214889464,6.124601410192554,5.982748750284372
livecodebench,22,1,2,0,20.517565828413353,20.394562449382647,6.641506886353454,6.4979044841493305,5.990684253902145,5.848196445640497
livecodebench,22,1,2,1,20.916106383083388,20.792568101569486,6.369508269926882,6.169904011585459,6.116604129147163,5.974979402253666
livecodebench,22,2,0,0,20.65429093727289,20.53055035912621,5.952978250206797,5.7583171992519055,6.125255702954746,5.983906382880377
livecodebench,22,2,0,1,20.75741733187897,20.633865312447597,5.957771542853152,5.815232714667218,6.650690433616546,6.45240861331331
livecodebench,22,2,1,0,20.597092464868183,20.473974570450082,5.90732049977305,5.765231250279612,6.249732707146904,6.047576855507941
livecodebench,22,2,1,1,20.89712017959755,20.773524468495452,5.976059765544051,5.834002453411813,6.651984687778167,6.448091433867376
livecodebench,22,2,2,0,20.647053660013626,20.523886804767244,5.933113222454267,5.79103349991783,6.190392355165386,5.995857898142276
livecodebench,22,2,2,1,20.727764808725624,20.55322059777609,5.9084354611513845,5.765912296737952,6.547290890466684,6.405250011994212
livecodebench,23,1,0,0,19.870280804752838,19.699390382811544,8.413448636929388,8.255511945208127,9.180072078379453,9.021855281389435
livecodebench,23,1,0,1,19.784329562753555,19.644016789243324,9.776958355359966,9.586662835772586,10.284359023444267,10.125822878762847
livecodebench,23,1,1,0,19.60019347643538,19.460320417692856,8.486593801080744,8.288369320325728,9.063118206995568,8.904407582122076
livecodebench,23,1,1,1,19.74875699625045,19.60435228102142,9.78600220332737,9.580389492384711,10.201827976743516,10.043382238109189
livecodebench,23,1,2,0,19.50008775384049,19.360251093985426,8.4363483283596,8.237980844114645,9.02017780845199,8.86299358217002
livecodebench,23,1,2,1,19.592014757563447,19.451639359431283,9.694406156540936,9.534775812426233,10.223832819974632,10.026593617112667
livecodebench,23,2,0,0,19.56042891015386,19.420452586018655,8.49549071108413,8.337444292919827,7.931578476927825,7.737664910109743
livecodebench,23,2,0,1,19.810704410247126,19.670117402256437,8.929230316425674,8.770542898218991,9.71919395351506,9.524556367068726
livecodebench,23,2,1,0,19.67615772264253,19.53582380883745,8.590587004164263,8.431833464783267,7.987337831764307,7.797174906045257
livecodebench,23,2,1,1,19.677818441323325,19.506415879277483,8.893951378468046,8.735409902328684,9.621898679597507,9.463593535201653
livecodebench,23,2,2,0,19.76956944918129,19.597640359279467,8.609336855442962,8.451089738173323,7.984640179529379,7.8265259103318385
livecodebench,23,2,2,1,19.93101151583687,19.735934366963193,8.894524148217897,8.73599879696485,9.629574359223625,9.469726523093414
livecodebench,24,1,0,0,20.491745566232566,20.352406590063765,5.7330634022036975,5.572859652147599,5.506877296738821,5.349190277229354
livecodebench,24,1,0,1,20.505744957063143,20.36604184377211,5.868841976280237,5.678063312643644,6.0733956797776045,5.91504442581936
livecodebench,24,1,1,0,20.414249511759408,20.274847277050867,5.757744675975118,5.58489338709478,5.5169921442939085,5.3596319762618805
livecodebench,24,1,1,1,20.718339140785247,20.578162308538595,6.028013086051942,5.867349578238645,6.2573802028964565,6.059692148483009
livecodebench,24,1,2,0,20.382396844070172,20.24253651552499,5.721822421946854,5.562953414028016,5.589307913851371,5.3913916094643355
livecodebench,24,1,2,1,20.458796480397723,20.31879229707556,5.855638589764567,5.696712972621754,6.15316762105067,5.957998777375906
livecodebench,24,2,0,0,20.51587275809652,20.37648614077625,5.318124601672025,5.160192964922317,5.585993214936025,5.379973195431376
livecodebench,24,2,0,1,20.603061738711403,20.42960451581166,7.299813391000498,7.140262730445102,5.990936437228811,5.83206081228127
livecodebench,24,2,1,0,20.51050367208518,20.336662589670595,5.366821320421877,5.206689117130736,5.5215908632817445,5.362818464618613
livecodebench,24,2,1,1,20.615887316580483,20.439539351173153,7.290446847491694,7.131951339943043,5.994803769226564,5.836185777297942
livecodebench,24,2,2,0,20.49077107812991,20.31715463317596,5.306804687734257,5.1488538279045315,5.524382710973441,5.365053430068656
livecodebench,24,2,2,1,20.57061170671659,20.430671929716482,7.3597183591118664,7.155367703035154,5.9799238633786445,5.8205778282172105
livecodebench,25,1,0,0,20.58486299620199,20.466072738145158,6.750513679889991,6.541920738072804,6.549295941567834,6.411563820165611
livecodebench,25,1,0,1,20.686789519459126,20.56338818738368,6.903922086166858,6.763532046988985,8.479498386805062,8.271308859548299
livecodebench,25,1,1,0,20.49869368738655,20.379976312597137,6.6313232814536605,6.4938720038298925,6.4728092029326945,6.273295410210267
livecodebench,25,1,1,1,20.713656683710724,20.594365593751718,6.88316028117697,6.745484492057585,8.368129871087149,8.16736127353579
livecodebench,25,1,2,0,20.557298765652376,20.438683777229016,6.6688529532257235,6.53147152343081,6.491477730378392,6.291027956649486
livecodebench,25,1,2,1,20.807143128877215,20.63255280836529,6.909955660375999,6.771774679691589,8.336419226452563,8.198621238534542
livecodebench,25,2,0,0,20.79616948049079,20.623962335776014,7.028387273294356,6.888247969072836,6.793277023461997,6.654678812537895
livecodebench,25,2,0,1,20.84568455484259,20.670841199262213,6.782058452707019,6.642395925183788,7.47822697258016,7.3392858671468275
livecodebench,25,2,1,0,20.628497484267427,20.45417737099342,6.974852226449002,6.837250066382694,6.754418042874022,6.616988097903231
livecodebench,25,2,1,1,20.771737749782915,20.652438382512628,6.815968393934817,6.61658922047171,7.455099089838768,7.316352347515931
livecodebench,25,2,2,0,20.68253457036917,20.563484214562777,7.061570859605126,6.868156593554886,6.7947439142699295,6.656110120729863
livecodebench,25,2,2,1,20.653212230627105,20.533740417704394,6.798184267795227,6.598503067154496,7.422890296766127,7.284670554781769
livecodebench,26,1,0,0,19.649912616841902,19.50137669155083,8.843130300647317,8.677358503518917,8.779813136698067,8.582513245983137
livecodebench,26,1,0,1,19.61073005486469,19.46284928908426,10.029811386630172,9.863473742370843,9.626581710563187,9.43028608980967
livecodebench,26,1,1,0,19.587766351378377,19.43991617554275,8.859433769430325,8.692893199167884,8.658071984427806,8.46446976174775
livecodebench,26,1,1,1,19.650695683594677,19.47852443345255,10.019922339779441,9.851463081758993,9.597025527455116,9.43044884752453
livecodebench,26,1,2,0,19.52777976566722,19.354999500137637,8.81607929659367,8.650414043131605,8.62570035542376,8.460616433694668
livecodebench,26,1,2,1,19.550635538962524,19.377656226424733,10.019999745964014,9.853945855411439,9.541734101730981,9.374690140703024
livecodebench,26,2,0,0,19.62439540602645,19.45065565632831,9.238813937827217,9.073279613403429,8.509526097441267,8.34289078875372
livecodebench,26,2,0,1,19.80191397251474,19.653523038869025,10.322980660475878,10.1289917424765,10.11266676187006,9.945893277290452
livecodebench,26,2,1,0,19.63942848442457,19.491569812544185,9.343343956970784,9.151492214641621,8.561290003854083,8.395080437367142
livecodebench,26,2,1,1,19.691915109433467,19.542968441328412,10.282493203249032,10.087002265663614,10.100181449161028,9.934113421877555
livecodebench,26,2,2,0,19.652438187222288,19.505206000303588,9.33783459413462,9.139214187598554,8.572384312628856,8.406692746120825
livecodebench,26,2,2,1,19.732642156213842,19.583649167543626,10.26550528149528,10.09810068353545,10.138527562503441,9.935149495959195
livecodebench,27,1,0,0,20.45279521098564,20.305904523866047,9.11121781609836,8.945748421865574,8.959527882780094,8.763852836182195
livecodebench,27,1,0,1,20.618886781448964,20.470481988468237,10.035376976702537,9.869668785086105,10.065247710826952,9.899888910240406
livecodebench,27,1,1,0,20.467597363222012,20.294186101637024,9.050495949395554,8.883518988113792,8.946643632953055,8.779807000337314
livecodebench,27,1,1,1,20.64057554662213,20.465841359509795,10.080960082177626,9.91590701187306,10.063225769499695,9.897231835566345
livecodebench,27,1,2,0,20.448626562483696,20.271914367185673,9.061183745870949,8.894868027255143,8.970007066636754,8.801642660273501
livecodebench,27,1,2,1,20.743388562550535,20.596303296770202,10.056659812107682,9.864702878530807,10.12580407814312,9.95835064077255
livecodebench,27,2,0,0,20.529001636987232,20.381791609452193,9.324311835825938,9.125598355240072,8.760965839883283,8.59457167553046
livecodebench,27,2,0,1,20.7008413785843,20.552640374717157,10.555433597801311,10.358257300595142,10.02917736332165,9.863399351615953
livecodebench,27,2,1,0,20.50813557843867,20.360870687454735,9.359883742490638,9.16241102731874,8.754774523367814,8.589430703068501
livecodebench,27,2,1,1,20.597805867055285,20.450465617159352,10.403872749975562,10.237047140890354,10.000031230447348,9.802972011584643
livecodebench,27,2,2,0,20.460204492337652,20.31317381261033,9.296577031363995,9.130606847975287,8.766013042986742,8.571181187562615
livecodebench,27,2,2,1,20.607561027190968,20.45993140200153,10.387678828010394,10.220966667930043,10.031975320544007,9.830337859057181
livecodebench,28,1,0,0,20.70561783193625,20.554203507799684,7.7481523985625245,7.576039918149036,6.99543692962834,6.825154840043979
livecodebench,28,1,0,1,20.497056952990533,20.32192538263189,7.727658550720662,7.557924226603063,8.49916633205794,8.329030394634174
livecodebench,28,1,1,0,20.41084627762757,20.23497066420532,7.610146636579884,7.43971197243809,6.965904355638486,6.794720206926286
livecodebench,28,1,1,1,20.535767085675616,20.38583011699302,7.746830968699214,7.551487241926225,8.507258422014274,8.337077101714385
livecodebench,28,1,2,0,20.516073882845376,20.366046953313344,7.644956589956564,7.4494406758276455,6.966228273540764,6.796140742153511
livecodebench,28,1,2,1,20.60495552359498,20.454778839848586,7.791649718910776,7.593269945118664,8.51704176147905,8.347366840098402
livecodebench,28,2,0,0,20.62385327371885,20.47306497252066,7.368644609414332,7.174114105509943,6.682015324258828,6.5123055819640285
livecodebench,28,2,0,1,20.833387152379146,20.68316078157295,9.197516964832175,9.027649679410388,8.22383819922834,8.02052100380024
livecodebench,28,2,1,0,20.57142235162246,20.41970339814725,7.2826404648367316,7.113494414170418,6.664214609372721,6.464147855240299
livecodebench,28,2,1,1,20.648900261676317,20.49779881235736,9.180551086046762,9.01079876211952,7.804300800671626,7.599129234222346
livecodebench,28,2,2,0,20.517978589850827,20.36727719951159,7.33125415217728,7.160897300764191,6.6628672066144645,6.49205076160797
livecodebench,28,2,2,1,20.712302550691675,20.528806843685743,9.222354382927733,9.050738300629746,7.778620285080251,7.60869692567212
livecodebench,29,1,0,0,19.90828432417402,19.73769184360208,7.992105378889391,7.8251604959405086,7.776102687785169,7.61017374588846
livecodebench,29,1,0,1,19.56349665988455,19.414151984165073,9.506104554475314,9.312431292983092,7.907776288902824,7.740315789305896
livecodebench,29,1,1,0,19.50908032404186,19.360800679351087,7.805623777585424,7.608250140947348,7.582628960790316,7.4150600585198845
livecodebench,29,1,1,1,19.58896648056907,19.44074653511052,9.548213324251265,9.356917906188755,7.9383404295185755,7.7707849845864985
livecodebench,29,1,2,0,20.001495093765698,19.852708300732047,8.07774518716542,7.8777523049211595,7.693479551107885,7.525933984652511
livecodebench,29,1,2,1,19.551108675841533,19.401837757868634,9.472194445606874,9.305150445470645,7.954497503760649,7.758473128887999
livecodebench,29,2,0,0,19.582349570100632,19.433933757682098,7.920463003756595,7.75303432783403,7.839393609174294,7.648164562851889
livecodebench,29,2,0,1,19.787431901931996,19.63879560571513,7.690059019751061,7.523666222823522,7.298776007701235,7.106048858986469
livecodebench,29,2,1,0,19.567621027363202,19.41874775366159,7.954204480483895,7.78833354706876,7.870413710861612,7.666346261885337
livecodebench,29,2,1,1,19.780711925704964,19.604673097546765,7.717204511664022,7.549820488293335,7.236502421619662,7.070308738548192
livecodebench,29,2,2,0,20.267547933599417,20.110393660161208,8.193607301109296,8.024297953397763,8.132938929975353,7.965762573803659
livecodebench,29,2,2,1,19.728053984636063,19.55416332839377,7.677840082124021,7.509332390327472,7.238520211103605,7.070925718835497
livecodebench,30,1,0,0,20.506828937413957,20.35740770315897,7.638288418092998,7.415999187287525,7.240357015689369,7.072690312725172
livecodebench,30,1,0,1,20.48827851194801,20.338267648185138,8.563033902191819,8.365615781258384,7.576943831736571,7.4094063083975925
livecodebench,30,1,1,0,20.444016308829305,20.29514132073018,7.574961679438275,7.381917211205291,7.2428949138156895,7.0758570041107305
livecodebench,30,1,1,1,20.55021706246407,20.40087307068461,8.5707948946947,8.400989312576712,7.617640753778687,7.420229742365336
livecodebench,30,1,2,0,20.402461957019113,20.252840828106855,7.541304269579996,7.372263851266325,7.292351031082944,7.097333824276575
livecodebench,30,1,2,1,21.2627767577942,21.113130746016395,8.827750679756718,8.65839345715358,7.815320121153491,7.6448353124760615
livecodebench,30,2,0,0,20.541133406368317,20.392346527387417,6.933873050911643,6.76677713272511,7.927938445391192,7.731599687303969
livecodebench,30,2,0,1,20.657578757891315,20.47968811712053,8.611883316461899,8.443377284947928,8.394614960707258,8.226187913805916
livecodebench,30,2,1,0,20.674905132636923,20.495976367328694,6.967716011331504,6.799074222726631,7.900085800883971,7.7309781563599245
livecodebench,30,2,1,1,20.58001535169751,20.42901216827886,8.578846694945241,8.409727027355984,8.36298375406841,8.19425115651029
livecodebench,30,2,2,0,20.46866229693478,20.317437109497405,6.912958367138344,6.744447199253045,7.8896394652474555,7.72073802727391
livecodebench,30,2,2,1,20.64982190995579,20.50023608171614,8.619959640327579,8.443502730187902,8.395065914100996,8.22583100398333
livecodebench,31,1,0,0,20.579402855219087,20.39155916781965,8.593127546646429,8.377479882710759,8.183057925634785,7.975873851592041
livecodebench,31,1,0,1,20.698276968687424,20.509273495918023,9.15948916826892,8.949403722454008,9.071483273601189,8.855503390805097
livecodebench,31,1,1,0,20.564746355375974,20.376967562697246,8.582715573993482,8.374271718821547,8.15732464843677,7.940686007714248
livecodebench,31,1,1,1,20.619533171611693,20.43059107791123,9.174198500204511,8.967422293153504,9.06081573020856,8.84464892988035
livecodebench,31,1,2,0,20.636991223000223,20.449416386327357,8.632225867131638,8.42590477759586,8.192749289264611,7.978000371167582
livecodebench,31,1,2,1,20.751287558596232,20.557564078444557,9.209662495777593,9.00210979671101,9.083954289053509,8.876214398242155
livecodebench,31,2,0,0,20.6164489686671,20.421505851572874,8.1657160544637,7.957429011639761,8.689890030836978,8.482220198857249
livecodebench,31,2,0,1,20.76014739805032,20.56417798030452,11.092159159943549,10.884404633088707,10.534161937357567,10.324881769520289
livecodebench,31,2,1,0,20.611328984159627,20.417771801021445,8.192775023417198,7.985622328305908,8.623634054401919,8.415952167979412
livecodebench,31,2,1,1,20.77034973035552,20.58198483200613,11.079971824528911,10.864217179459956,10.50999183598833,10.30172415630659
livecodebench,31,2,2,0,20.674404757755838,20.485827132688428,8.227491109664697,8.011813542907475,8.635113761556568,8.428009390627267
livecodebench,31,2,2,1,20.852223882684484,20.663304952904582,11.11820016421916,10.901346726313932,10.565696902176569,10.358169085975533
