task,temperature,prompt,ar_ms
mt-bench,0,0,26.926588026981335
mt-bench,0,1,23.50472585697259
mt-bench,0,2,23.158422278223235
mt-bench,0,3,23.4911930250022
mt-bench,0,4,26.43780432242368
mt-bench,0,5,23.579796124249697
mt-bench,0,6,23.463305264158407
mt-bench,0,7,23.357211434367027
mt-bench,0,8,26.758118767261973
mt-bench,0,9,23.440703300052675
mt-bench,0,10,23.190373129182262
mt-bench,0,11,23.597214782057563
mt-bench,0,12,26.753841295430902
mt-bench,0,13,23.95034672736074
mt-bench,0,14,24.40749019835428
mt-bench,0,15,23.346378391579492
mt-bench,0,16,26.859525230975123
mt-bench,0,17,23.850520744043237
mt-bench,0,18,24.167226470232784
mt-bench,0,19,23.694251278357115
mt-bench,0,20,27.032484484941893
mt-bench,0,21,23.53200383967798
mt-bench,0,22,24.225247325375676
mt-bench,0,23,23.315238234726525
mt-bench,0,24,26.97307663038373
mt-bench,0,25,23.721699490124593
mt-bench,0,26,25.78911532257353
mt-bench,0,27,23.208283763154444
mt-bench,0,28,26.820060644240584
mt-bench,0,29,23.774312555112623
mt-bench,0,30,27.13611034414498
mt-bench,0,31,23.285557981580496
mt-bench,0,32,27.334278336638818
mt-bench,0,33,23.77450560379657
mt-bench,0,34,26.68321124292561
mt-bench,0,35,23.64221286888306
mt-bench,0,36,27.22676382109057
mt-bench,0,37,23.88395017987932
mt-bench,0,38,26.47090444793186
mt-bench,0,39,23.242718693888133
mt-bench,0,40,27.143766630615573
mt-bench,0,41,23.708511511358665
mt-bench,0,42,26.982943196344422
mt-bench,0,43,23.418032065819716
mt-bench,0,44,27.163541621121112
mt-bench,0,45,23.797047968400875
mt-bench,0,46,26.8026337325864
mt-bench,0,47,23.315758611715864
mt-bench,0,48,27.214328558329726
mt-bench,0,49,23.75643584309728
mt-bench,0,50,28.111962867634638
mt-bench,0,51,23.581626650411636
mt-bench,0,52,27.53396265907213
mt-bench,0,53,23.83810070302314
mt-bench,0,54,27.049870691397814
mt-bench,0,55,23.568925571938355
mt-bench,0,56,27.622483925868387
mt-bench,0,57,23.865749582466556
mt-bench,0,58,27.207241766154766
mt-bench,0,59,23.385714056591194
mt-bench,0,60,27.234935492742807
mt-bench,0,61,23.790314295183634
mt-bench,0,62,26.869263201660942
mt-bench,0,63,23.36289828963345
mt-bench,0,64,27.360831321857404
mt-bench,0,65,23.880924956756644
mt-bench,0,66,26.914684702205705
mt-bench,0,67,23.50145811942639
mt-bench,0,68,27.349893727659946
mt-bench,0,69,23.84174253893434
mt-bench,0,70,27.014872528525302
mt-bench,0,71,23.31653308647219
mt-bench,0,72,27.171210858796258
mt-bench,0,73,23.922653745103162
mt-bench,0,74,26.66207679794752
mt-bench,0,75,23.304737918806495
mt-bench,0,76,27.274617637885967
mt-bench,0,77,23.791162686393363
mt-bench,0,78,27.038237400120124
mt-bench,0,79,23.29596670824685
mt-bench,1,0,27.689135149557842
mt-bench,1,1,24.103013600688428
mt-bench,1,2,26.94632000301355
mt-bench,1,3,23.513785084222608
mt-bench,1,4,27.547564338985367
mt-bench,1,5,24.058453671480578
mt-bench,1,6,27.407139212300535
mt-bench,1,7,23.69341213121876
mt-bench,1,8,27.37336569509014
mt-bench,1,9,24.267457824732578
mt-bench,1,10,27.447902168205474
mt-bench,1,11,24.20524478391493
mt-bench,1,12,27.682888765411917
mt-bench,1,13,24.429826491541462
mt-bench,1,14,27.24828280693626
mt-bench,1,15,23.782573367498117
mt-bench,1,16,27.73258978049853
mt-bench,1,17,23.862317204475403
mt-bench,1,18,26.474178513331758
mt-bench,1,19,23.901711669168435
mt-bench,1,20,27.5586749582241
mt-bench,1,21,24.505711176252667
mt-bench,1,22,27.32559316791594
mt-bench,1,23,23.74027237572052
mt-bench,1,24,27.83731898671249
mt-bench,1,25,24.568519969761837
mt-bench,1,26,26.983245127749715
mt-bench,1,27,24.32140151722706
mt-bench,1,28,27.921025943214772
mt-bench,1,29,24.065326673375203
mt-bench,1,30,27.508149491040967
mt-bench,1,31,24.014126056352175
mt-bench,1,32,27.786872389697237
mt-bench,1,33,24.46018591581378
mt-bench,1,34,27.421512171713402
mt-bench,1,35,24.201699004675934
mt-bench,1,36,27.73933080243296
mt-bench,1,37,24.560660698625725
mt-bench,1,38,27.029693861136106
mt-bench,1,39,23.626908181266412
mt-bench,1,40,27.745095667341957
mt-bench,1,41,23.858889391703997
mt-bench,1,42,27.55769731447799
mt-bench,1,43,24.359179849852808
mt-bench,1,44,27.70804845567909
mt-bench,1,45,24.0106410565204
mt-bench,1,46,27.589840639848262
mt-bench,1,47,23.86192206176929
mt-bench,1,48,27.664285677019507
mt-bench,1,49,24.47843348272727
mt-bench,1,50,28.078638815454074
mt-bench,1,51,24.306094623170793
mt-bench,1,52,27.334719302598387
mt-bench,1,53,24.642178999646653
mt-bench,1,54,27.362143376715554
mt-bench,1,55,24.326010669271152
mt-bench,1,56,27.86521164521779
mt-bench,1,57,24.58509743758818
mt-bench,1,58,27.63866690749472
mt-bench,1,59,23.670892889300983
mt-bench,1,60,27.4707184471481
mt-bench,1,61,23.95495687960647
mt-bench,1,62,27.4819366641168
mt-bench,1,63,24.2602969519794
mt-bench,1,64,27.64139787541353
mt-bench,1,65,24.260545877041295
mt-bench,1,66,27.15211594113498
mt-bench,1,67,23.77146593426005
mt-bench,1,68,27.71571422999841
mt-bench,1,69,24.367412479477935
mt-bench,1,70,27.400470673455857
mt-bench,1,71,23.63930481078569
mt-bench,1,72,27.49436322483234
mt-bench,1,73,24.655755292769754
mt-bench,1,74,27.505716003361158
mt-bench,1,75,23.693057795753703
mt-bench,1,76,27.78378625953337
mt-bench,1,77,24.41935861861566
mt-bench,1,78,27.059559677582
mt-bench,1,79,23.889082553068874
alpaca,0,0,23.061274016072275
alpaca,0,1,23.340771625953494
alpaca,0,2,22.873589724956734
alpaca,0,3,22.72980662717207
alpaca,0,4,23.84292166971136
alpaca,0,5,22.960761096328497
alpaca,0,6,27.136961853102548
alpaca,0,7,23.599231513799168
alpaca,0,8,26.95763976766895
alpaca,0,9,22.795691477278105
alpaca,0,10,26.903153731204245
alpaca,0,11,22.7576969191432
alpaca,0,12,29.305274997438705
alpaca,0,13,23.095424486234545
alpaca,0,14,27.367956812668126
alpaca,0,15,23.148101081864702
alpaca,0,16,30.15303425490856
alpaca,0,17,22.901994844732602
alpaca,0,18,26.91794719430618
alpaca,0,19,22.966722175624454
alpaca,0,20,27.456697753223125
alpaca,0,21,23.218188242026372
alpaca,0,22,27.27316225498495
alpaca,0,23,23.329028350417502
alpaca,0,24,27.168924920260906
alpaca,0,25,23.380688786732428
alpaca,0,26,27.525755216629477
alpaca,0,27,23.525832937593805
alpaca,0,28,27.48172154978794
alpaca,0,29,23.50504516653018
alpaca,0,30,27.248342436822977
alpaca,0,31,23.428116934864146
alpaca,0,32,27.475605621778715
alpaca,0,33,23.5905167319288
alpaca,0,34,27.336238978468643
alpaca,0,35,23.40428331081057
alpaca,0,36,28.522211282203596
alpaca,0,37,23.033231012523174
alpaca,0,38,27.297359873552487
alpaca,0,39,23.232407183968462
alpaca,0,40,27.30657803476788
alpaca,0,41,23.189568641100777
alpaca,0,42,27.113810672744876
alpaca,0,43,23.192534542847742
alpaca,0,44,26.842812076210976
alpaca,0,45,23.089788792276522
alpaca,0,46,26.914792663946344
alpaca,0,47,23.06657334471621
alpaca,0,48,27.96588232013164
alpaca,0,49,23.204539495054632
alpaca,0,50,27.41067038156128
alpaca,0,51,23.24716958537465
alpaca,0,52,27.622257679245855
alpaca,0,53,22.989878861699253
alpaca,0,54,27.583047030930175
alpaca,0,55,23.223755561048165
alpaca,0,56,27.353861258904402
alpaca,0,57,23.18672722737704
alpaca,0,58,27.098859067667615
alpaca,0,59,23.132361898509163
alpaca,0,60,27.115911225530695
alpaca,0,61,23.086217273749522
alpaca,0,62,27.41289983407177
alpaca,0,63,23.14942522571073
alpaca,0,64,27.267524669688893
alpaca,0,65,23.387797478655422
alpaca,0,66,26.321910343540367
alpaca,0,67,23.226938719744794
alpaca,0,68,23.09614846672048
alpaca,0,69,23.314054069273613
alpaca,0,70,23.28475782269379
alpaca,0,71,23.158547582856396
alpaca,0,72,23.613899151849395
alpaca,0,73,23.378862329991534
alpaca,0,74,23.984924546982114
alpaca,0,75,23.250391197753913
alpaca,0,76,23.286219849659684
alpaca,0,77,23.458609570214893
alpaca,0,78,23.39496418614598
alpaca,0,79,23.077987710476954
alpaca,1,0,23.67277607845608
alpaca,1,1,23.29878049567924
alpaca,1,2,23.32689499275552
alpaca,1,3,23.587523757115655
alpaca,1,4,23.283512597117806
alpaca,1,5,24.180014804005623
alpaca,1,6,23.181480763014406
alpaca,1,7,23.698822969890898
alpaca,1,8,27.91467995120911
alpaca,1,9,23.657511919736862
alpaca,1,10,23.634391517511435
alpaca,1,11,23.497438696878298
alpaca,1,12,23.957389473382914
alpaca,1,13,23.71249166722207
alpaca,1,14,23.876063714851625
alpaca,1,15,23.686891162974966
alpaca,1,16,24.54165928065777
alpaca,1,17,23.38465888169594
alpaca,1,18,23.868930555181578
alpaca,1,19,23.434601604094496
alpaca,1,20,23.871837722253986
alpaca,1,21,23.685350071900757
alpaca,1,22,23.804024577661373
alpaca,1,23,23.703682447376195
alpaca,1,24,23.751767300069332
alpaca,1,25,23.61340671213287
alpaca,1,26,23.93233465409139
alpaca,1,27,23.722837122477358
alpaca,1,28,23.779894479296424
alpaca,1,29,23.513755848398432
alpaca,1,30,23.713385313749313
alpaca,1,31,23.35973930146013
alpaca,1,32,23.604677833114447
alpaca,1,33,23.687196498940466
alpaca,1,34,23.678794420427746
alpaca,1,35,23.748256291582948
alpaca,1,36,24.06225244825085
alpaca,1,37,23.65683584607073
alpaca,1,38,23.740663354800752
alpaca,1,39,23.7627718342992
alpaca,1,40,23.775516729074297
alpaca,1,41,23.53254265835858
alpaca,1,42,23.439491837627802
alpaca,1,43,23.316655667172952
alpaca,1,44,23.550821214236997
alpaca,1,45,23.61463674606057
alpaca,1,46,23.572071375017114
alpaca,1,47,23.72665371689381
alpaca,1,48,23.571111683850177
alpaca,1,49,23.40519781864714
alpaca,1,50,23.766727453456237
alpaca,1,51,23.47492471744772
alpaca,1,52,25.27492398092913
alpaca,1,53,23.50511798098431
alpaca,1,54,27.57157808446209
alpaca,1,55,23.559646866488038
alpaca,1,56,27.36087866883347
alpaca,1,57,23.678831818203133
alpaca,1,58,28.094261038032446
alpaca,1,59,23.729676016322944
alpaca,1,60,27.705733859611133
alpaca,1,61,23.325953649223916
alpaca,1,62,27.496547406089718
alpaca,1,63,23.538893274235306
alpaca,1,64,27.76828232430378
alpaca,1,65,23.75265296548605
alpaca,1,66,27.641521068289876
alpaca,1,67,23.46390820821398
alpaca,1,68,28.079518931917846
alpaca,1,69,23.605921261367342
alpaca,1,70,28.07311997821671
alpaca,1,71,23.559106398472743
alpaca,1,72,27.728993406829733
alpaca,1,73,23.208849203701202
alpaca,1,74,27.635803103054826
alpaca,1,75,23.29174755325195
alpaca,1,76,27.854647924841352
alpaca,1,77,23.573621288960567
alpaca,1,78,27.704756515585398
alpaca,1,79,23.37826054763316
gsm8k,0,0,27.339900127397133
gsm8k,0,1,23.711164998741165
gsm8k,0,2,26.884367445745738
gsm8k,0,3,23.857434801204075
gsm8k,0,4,27.3596643419296
gsm8k,0,5,23.85430825233925
gsm8k,0,6,26.99614987068344
gsm8k,0,7,24.09928138513351
gsm8k,0,8,27.049338452343363
gsm8k,0,9,23.871108736784663
gsm8k,0,10,27.147540447913343
gsm8k,0,11,23.78371531085577
gsm8k,0,12,27.273690611764323
gsm8k,0,13,24.06130095187109
gsm8k,0,14,26.958687172736973
gsm8k,0,15,24.165053720935248
gsm8k,0,16,27.4733002395821
gsm8k,0,17,23.854274855693802
gsm8k,0,18,26.757461972990814
gsm8k,0,19,24.70910611373256
gsm8k,0,20,27.614656759396894
gsm8k,0,21,23.953021634952165
gsm8k,0,22,27.015120459573644
gsm8k,0,23,24.114648472022246
gsm8k,0,24,27.180897880275296
gsm8k,0,25,24.37233368618763
gsm8k,0,26,27.40191011253046
gsm8k,0,27,23.78407170275046
gsm8k,0,28,27.41679915614089
gsm8k,0,29,24.17237409099471
gsm8k,0,30,27.26037834145245
gsm8k,0,31,24.123010181938298
gsm8k,0,32,27.647757130215794
gsm8k,0,33,23.87868907254446
gsm8k,0,34,26.68226319551468
gsm8k,0,35,23.67367718416529
gsm8k,0,36,27.489000597061256
gsm8k,0,37,24.263333398266695
gsm8k,0,38,27.201305576454615
gsm8k,0,39,23.978729277587263
gsm8k,0,40,27.09704817243619
gsm8k,0,41,24.50940994458506
gsm8k,0,42,27.306380964626996
gsm8k,0,43,24.608337280369597
gsm8k,0,44,27.383118656871375
gsm8k,0,45,23.904204466816736
gsm8k,0,46,27.043898287956836
gsm8k,0,47,23.94851667850162
gsm8k,0,48,27.061731327415966
gsm8k,0,49,23.71128430414913
gsm8k,0,50,26.683689255389524
gsm8k,0,51,23.947702418809058
gsm8k,0,52,27.25328578890185
gsm8k,0,53,23.942886178701883
gsm8k,0,54,26.858616340177832
gsm8k,0,55,24.067487229473432
gsm8k,0,56,27.298973654122914
gsm8k,0,57,23.913901790365344
gsm8k,0,58,27.430872221884783
gsm8k,0,59,23.72335011287677
gsm8k,0,60,27.099606773845153
gsm8k,0,61,23.749616780939203
gsm8k,0,62,27.223347817198373
gsm8k,0,63,24.14538379161968
gsm8k,0,64,27.11200290286797
gsm8k,0,65,24.23554161814825
gsm8k,0,66,27.02476354315877
gsm8k,0,67,24.731243425776483
gsm8k,0,68,26.994943316822173
gsm8k,0,69,23.691161176892088
gsm8k,0,70,26.963802538375603
gsm8k,0,71,27.389936959805265
gsm8k,0,72,27.35454445483826
gsm8k,0,73,24.136542353517143
gsm8k,0,74,27.368070073862327
gsm8k,0,75,26.568912671791622
gsm8k,0,76,27.496188136865385
gsm8k,0,77,23.978946475835983
gsm8k,0,78,27.11618436660501
gsm8k,0,79,24.321686088984464
gsm8k,0,80,26.99012758967001
gsm8k,0,81,23.722233423917007
gsm8k,0,82,26.633854810354396
gsm8k,0,83,27.6774018328931
gsm8k,0,84,26.83423604706631
gsm8k,0,85,24.09350374364294
gsm8k,0,86,27.1662115228537
gsm8k,0,87,27.623804282484343
gsm8k,0,88,26.86030742547968
gsm8k,0,89,23.983711048311466
gsm8k,0,90,27.107153113320237
gsm8k,0,91,27.659519787366484
gsm8k,0,92,26.961400973959826
gsm8k,0,93,23.886548671725905
gsm8k,0,94,27.20195617439458
gsm8k,0,95,27.518323655385757
gsm8k,0,96,27.298676880132973
gsm8k,0,97,24.237139576143818
gsm8k,0,98,27.08208812691737
gsm8k,0,99,24.815066044732017
gsm8k,0,100,27.547086516278796
gsm8k,0,101,24.459730855596717
gsm8k,0,102,27.00497854758448
gsm8k,0,103,24.558974068211622
gsm8k,0,104,26.99568714096881
gsm8k,0,105,23.76190474437129
gsm8k,0,106,27.14451720021316
gsm8k,0,107,28.079017407435458
gsm8k,0,108,27.4762640328845
gsm8k,0,109,24.055111289293652
gsm8k,0,110,27.248551974480506
gsm8k,0,111,27.820217848784523
gsm8k,0,112,27.311223412447788
gsm8k,0,113,23.70850786429607
gsm8k,0,114,26.67159552220255
gsm8k,0,115,27.815794841444585
gsm8k,0,116,27.481160112074576
gsm8k,0,117,24.195722025481
gsm8k,0,118,27.073155524703907
gsm8k,0,119,27.678096641466254
gsm8k,0,120,27.038838932981513
gsm8k,0,121,23.826813674531877
gsm8k,0,122,26.795961068273755
gsm8k,0,123,27.82222624591668
gsm8k,0,124,27.52703207079321
gsm8k,0,125,23.932686639454914
gsm8k,0,126,27.06864726981924
gsm8k,0,127,26.462003943978708
gsm8k,0,128,27.711982820619596
gsm8k,0,129,24.4216316677921
gsm8k,0,130,27.089350565802306
gsm8k,0,131,24.00479743065422
gsm8k,0,132,27.439532429834298
gsm8k,0,133,24.288443386467407
gsm8k,0,134,27.106408247103293
gsm8k,0,135,23.8349441497121
gsm8k,0,136,27.065563533041214
gsm8k,0,137,24.21538634735043
gsm8k,0,138,27.160905232449295
gsm8k,0,139,23.911437918432057
gsm8k,0,140,27.19094289763682
gsm8k,0,141,24.181917280657217
gsm8k,0,142,26.944189605841395
gsm8k,0,143,23.424436534696724
gsm8k,0,144,26.971061877702596
gsm8k,0,145,23.880855107563548
gsm8k,0,146,27.211309217654907
gsm8k,0,147,23.768908580677817
gsm8k,0,148,26.992074001721942
gsm8k,0,149,24.09182187675694
gsm8k,0,150,27.216805196076166
gsm8k,0,151,24.09788329168805
gsm8k,0,152,27.340764856778314
gsm8k,0,153,24.18486313035828
gsm8k,0,154,26.799898681929335
gsm8k,0,155,23.48645174788544
gsm8k,0,156,27.54634275333956
gsm8k,0,157,24.472988825436914
gsm8k,0,158,26.557822954546438
gsm8k,0,159,23.80259735896016
gsm8k,0,160,26.986124003447856
gsm8k,0,161,23.97655937448144
gsm8k,0,162,27.047685685829492
gsm8k,0,163,24.12067934346851
gsm8k,0,164,27.359503297469555
gsm8k,0,165,24.310665022657844
gsm8k,0,166,27.137179795193347
gsm8k,0,167,23.528355235612253
gsm8k,0,168,27.14827770925006
gsm8k,0,169,24.42702424741583
gsm8k,0,170,26.749394288344774
gsm8k,0,171,23.933692271384643
gsm8k,0,172,27.17289924476063
gsm8k,0,173,23.93006342026638
gsm8k,0,174,27.205732698348584
gsm8k,0,175,24.00573212071322
gsm8k,0,176,27.096919031464495
gsm8k,0,177,24.252049832284683
gsm8k,0,178,26.827265341125894
gsm8k,0,179,23.408292139246434
gsm8k,0,180,27.037961083272148
gsm8k,0,181,23.952411182108335
gsm8k,0,182,26.655870788090397
gsm8k,0,183,23.71422353462549
gsm8k,0,184,27.002827209798852
gsm8k,0,185,23.83363300305643
gsm8k,0,186,26.78082431521034
gsm8k,0,187,23.481154577893903
gsm8k,0,188,27.287893572065514
gsm8k,0,189,24.428863325738348
gsm8k,0,190,26.83119850713502
gsm8k,0,191,23.403441501799428
gsm8k,0,192,27.473671580082737
gsm8k,0,193,24.016517229028977
gsm8k,0,194,26.98928601267733
gsm8k,0,195,23.960618555862855
gsm8k,0,196,27.33977973544398
gsm8k,0,197,24.170549320323126
gsm8k,0,198,27.18002101755701
gsm8k,0,199,23.517999823525315
gsm8k,0,200,27.06038646993056
gsm8k,0,201,24.510078877938213
gsm8k,0,202,27.00602577241072
gsm8k,0,203,23.62917056234437
gsm8k,0,204,27.408698333367223
gsm8k,0,205,24.004172653803835
gsm8k,0,206,27.01001740268126
gsm8k,0,207,23.960470003657974
gsm8k,0,208,27.45558706755262
gsm8k,0,209,24.076504432741785
gsm8k,0,210,26.85623098295764
gsm8k,0,211,24.006266714422964
gsm8k,0,212,27.166768350461233
gsm8k,0,213,24.427487391221803
gsm8k,0,214,27.075023921497632
gsm8k,0,215,23.68055766222076
gsm8k,0,216,27.322945388732478
gsm8k,0,217,24.217375537003477
gsm8k,0,218,27.051020155340666
gsm8k,0,219,23.613337300048443
gsm8k,0,220,27.388816057708844
gsm8k,0,221,24.209602517657913
gsm8k,0,222,26.98635347187519
gsm8k,0,223,23.308093728763716
gsm8k,0,224,27.124561864044963
gsm8k,0,225,24.372993734471752
gsm8k,0,226,27.019461791496724
gsm8k,0,227,24.075278281088686
gsm8k,0,228,27.353331595045198
gsm8k,0,229,23.95827306827414
gsm8k,0,230,27.30520528712077
gsm8k,0,231,24.047173816040996
gsm8k,0,232,26.906216041926218
gsm8k,0,233,24.161836987332208
gsm8k,0,234,27.19715581042692
gsm8k,0,235,23.933939238716114
gsm8k,0,236,27.473428923258325
gsm8k,0,237,24.30914731563202
gsm8k,0,238,26.608919261001315
gsm8k,0,239,24.09540966982604
gsm8k,0,240,27.336967421433656
gsm8k,0,241,24.01129453573958
gsm8k,0,242,26.992413058906095
gsm8k,0,243,23.575763447297504
gsm8k,0,244,27.641477190627484
gsm8k,0,245,23.91484683175804
gsm8k,0,246,27.313879665598506
gsm8k,0,247,23.54981731190238
gsm8k,0,248,26.92159544150371
gsm8k,0,249,23.905516933155013
gsm8k,0,250,27.138359764649067
gsm8k,0,251,23.408830506839063
gsm8k,0,252,27.543502357730176
gsm8k,0,253,23.661970312408567
gsm8k,0,254,27.25207164985477
gsm8k,0,255,23.86965096957283
gsm8k,0,256,27.625973023532424
gsm8k,0,257,24.34913379693171
gsm8k,0,258,26.6783534665592
gsm8k,0,259,24.031599117734004
gsm8k,0,260,27.551702969503822
gsm8k,0,261,23.82788953504392
gsm8k,0,262,27.343801895363463
gsm8k,0,263,23.442375921149505
gsm8k,0,264,27.153856808581622
gsm8k,0,265,24.200674532039557
gsm8k,0,266,26.871496618696256
gsm8k,0,267,23.95316452384577
gsm8k,0,268,27.360897762148074
gsm8k,0,269,24.244389765483525
gsm8k,0,270,26.931136693866527
gsm8k,0,271,23.892634166259086
gsm8k,0,272,27.337927371263504
gsm8k,0,273,23.910724543384276
gsm8k,0,274,27.14138126000762
gsm8k,0,275,23.491193212976214
gsm8k,0,276,27.218453578825574
gsm8k,0,277,24.11863423255553
gsm8k,0,278,26.662765747067592
gsm8k,0,279,23.89470897105639
gsm8k,0,280,27.244502936485507
gsm8k,0,281,23.81883588168421
gsm8k,0,282,26.494568202689113
gsm8k,0,283,23.754533100145636
gsm8k,0,284,27.68802970604156
gsm8k,0,285,23.997530254224937
gsm8k,0,286,26.695204336171184
gsm8k,0,287,23.44602532684803
gsm8k,0,288,26.941270067064618
gsm8k,0,289,24.3469490451389
gsm8k,0,290,26.751049044833053
gsm8k,0,291,23.846597108786227
gsm8k,0,292,27.39899038715521
gsm8k,0,293,23.794599117536563
gsm8k,0,294,26.852663564419405
gsm8k,0,295,24.04586581753627
gsm8k,0,296,27.660678497340996
gsm8k,0,297,24.21543091259082
gsm8k,0,298,27.330060394517346
gsm8k,0,299,23.444578368071234
gsm8k,0,300,27.461670358114098
gsm8k,0,301,24.375521403271705
gsm8k,0,302,27.199905533343554
gsm8k,0,303,23.839083001803374
gsm8k,0,304,27.276900200376986
gsm8k,0,305,23.63947098918634
gsm8k,0,306,27.266496741503943
gsm8k,0,307,24.062057862465736
gsm8k,0,308,27.49140876767342
gsm8k,0,309,23.820234506274574
gsm8k,0,310,27.180696073628496
gsm8k,0,311,23.308903314551422
gsm8k,0,312,27.435985761916353
gsm8k,0,313,23.769890882249456
gsm8k,0,314,27.136317079566652
gsm8k,0,315,23.473149860365083
gsm8k,0,316,27.128873061883496
gsm8k,0,317,23.64465040154755
gsm8k,0,318,26.82407671090914
gsm8k,0,319,23.947615187796877
gsm8k,0,320,27.27717749439762
gsm8k,0,321,24.10668044441701
gsm8k,0,322,27.504778998263646
gsm8k,0,323,23.517410198110156
gsm8k,0,324,27.42680232404382
gsm8k,0,325,23.820272996090353
gsm8k,0,326,27.095330722659128
gsm8k,0,327,23.988319961063098
gsm8k,0,328,27.45275350753218
gsm8k,0,329,24.135621448541865
gsm8k,0,330,27.12321029321174
gsm8k,0,331,24.089401456876658
gsm8k,0,332,27.394953027025473
gsm8k,0,333,24.336739636055427
gsm8k,0,334,27.314469203048823
gsm8k,0,335,23.518591424809735
gsm8k,0,336,27.406259221606888
gsm8k,0,337,23.881133341590964
gsm8k,0,338,27.0035289140651
gsm8k,0,339,24.024880589422537
gsm8k,0,340,27.602477584878216
gsm8k,0,341,23.979743036761647
gsm8k,0,342,26.927304674724216
gsm8k,0,343,23.937900867239524
gsm8k,0,344,27.59650942243752
gsm8k,0,345,24.120587538531485
gsm8k,0,346,27.625374827039195
gsm8k,0,347,23.58245282800349
gsm8k,0,348,27.208109331695596
gsm8k,0,349,24.20641477147001
gsm8k,0,350,27.182963996892795
gsm8k,0,351,24.062365384363545
gsm8k,0,352,27.260406412096927
gsm8k,0,353,24.400025115028257
gsm8k,0,354,27.407206576754106
gsm8k,0,355,23.691993310701015
gsm8k,0,356,27.328152977293584
gsm8k,0,357,23.858955752075417
gsm8k,0,358,27.313670769394168
gsm8k,0,359,23.880075808847323
gsm8k,0,360,27.391189368329737
gsm8k,0,361,24.102634935843525
gsm8k,0,362,27.47515837472747
gsm8k,0,363,24.052421304077143
gsm8k,0,364,27.071104931863065
gsm8k,0,365,24.036203705845704
gsm8k,0,366,26.704841314465213
gsm8k,0,367,23.507618374424055
gsm8k,0,368,27.43456491713857
gsm8k,0,369,23.97305436170427
gsm8k,0,370,27.007061786627254
gsm8k,0,371,23.815747026674217
gsm8k,0,372,27.39412290736651
gsm8k,0,373,23.982213050323097
gsm8k,0,374,27.26133737427693
gsm8k,0,375,23.740477093749426
gsm8k,0,376,26.842129579375662
gsm8k,0,377,23.799570386472624
gsm8k,0,378,27.056104463467186
gsm8k,0,379,23.31322097226227
gsm8k,0,380,27.26911153513356
gsm8k,0,381,23.946994409925537
gsm8k,0,382,26.750239489062313
gsm8k,0,383,24.153308801032836
gsm8k,0,384,27.4710011544812
gsm8k,0,385,24.34367768728407
gsm8k,0,386,27.142638487920248
gsm8k,0,387,24.022837711052727
gsm8k,0,388,27.44981319707188
gsm8k,0,389,24.396801614784636
gsm8k,0,390,27.182530749290553
gsm8k,0,391,23.923316679429263
gsm8k,0,392,27.34087613862357
gsm8k,0,393,23.69300717691658
gsm8k,0,394,27.065769433673577
gsm8k,0,395,24.164812843082473
gsm8k,0,396,27.40477500265115
gsm8k,0,397,24.1106664644012
gsm8k,0,398,27.101864292490063
gsm8k,0,399,23.579917648021365
gsm8k,0,400,27.42983504418242
gsm8k,0,401,24.283264490804868
gsm8k,0,402,27.117014196846867
gsm8k,0,403,23.812930230633356
gsm8k,0,404,26.913510202575708
gsm8k,0,405,23.793670243321685
gsm8k,0,406,26.945318808429874
gsm8k,0,407,24.074056986137293
gsm8k,0,408,27.432206505181966
gsm8k,0,409,23.954077132657403
gsm8k,0,410,26.948023831209866
gsm8k,0,411,23.850442481489154
gsm8k,0,412,27.649337806823578
gsm8k,0,413,23.78612604661612
gsm8k,0,414,27.255899729650643
gsm8k,0,415,23.682821418333333
gsm8k,0,416,27.519354815012775
gsm8k,0,417,23.826183922210475
gsm8k,0,418,27.383282580558443
gsm8k,0,419,24.190115473174956
gsm8k,0,420,27.100092778216354
gsm8k,0,421,24.04846265926608
gsm8k,0,422,26.984203854226507
gsm8k,0,423,24.304030474013416
gsm8k,0,424,27.524589328095317
gsm8k,0,425,24.313250307196355
gsm8k,0,426,27.254547108896077
gsm8k,0,427,23.509729511715705
gsm8k,0,428,27.459396926133195
gsm8k,0,429,24.13242536119229
gsm8k,0,430,27.558483994653216
gsm8k,0,431,23.966716345360812
gsm8k,0,432,27.64618912988226
gsm8k,0,433,24.022695619350998
gsm8k,0,434,27.44259754399536
gsm8k,0,435,24.070679307693528
gsm8k,0,436,27.010406760382466
gsm8k,0,437,24.236740197361627
gsm8k,0,438,27.65953290872858
gsm8k,0,439,23.849469729611883
gsm8k,0,440,27.360739037249004
gsm8k,0,441,23.78645086355391
gsm8k,0,442,27.184270009456668
gsm8k,0,443,23.824272815545555
gsm8k,0,444,27.476918883621693
gsm8k,0,445,23.800070110155502
gsm8k,0,446,27.3891321302932
gsm8k,0,447,24.114746507257223
gsm8k,0,448,27.536992161913076
gsm8k,0,449,24.294154305715818
gsm8k,0,450,27.563905037823133
gsm8k,0,451,23.91591992636677
gsm8k,0,452,26.925829337415053
gsm8k,0,453,24.18284528903314
gsm8k,0,454,27.466792210747126
gsm8k,0,455,24.193743945943424
gsm8k,0,456,27.273702347883955
gsm8k,0,457,24.374652705017777
gsm8k,0,458,27.548603429750074
gsm8k,0,459,24.278440891066566
gsm8k,0,460,27.290451298257214
gsm8k,0,461,23.719542800653272
gsm8k,0,462,27.408802187382484
gsm8k,0,463,23.750188952544704
gsm8k,0,464,27.41131633229088
gsm8k,0,465,24.338329138117842
gsm8k,0,466,27.38576097181067
gsm8k,0,467,24.16056158108404
gsm8k,0,468,27.045885268307757
gsm8k,0,469,24.327523150988913
gsm8k,0,470,27.435100200561294
gsm8k,0,471,23.69089341664221
gsm8k,0,472,27.148920299885003
gsm8k,0,473,23.854411585489288
gsm8k,0,474,27.472557961508365
gsm8k,0,475,23.730536434385513
gsm8k,0,476,27.46037971317483
gsm8k,0,477,23.771499152644537
gsm8k,0,478,27.39889067938415
gsm8k,0,479,24.273730494314805
gsm8k,0,480,27.51082135728211
gsm8k,0,481,24.322036771876057
gsm8k,0,482,27.541369579565924
gsm8k,0,483,23.793765205482487
gsm8k,0,484,26.982869912203544
gsm8k,0,485,24.09788469003156
gsm8k,0,486,27.56597124394183
gsm8k,0,487,23.86440583723015
gsm8k,0,488,27.26579222944565
gsm8k,0,489,24.283398744152034
gsm8k,0,490,27.483705124193495
gsm8k,0,491,24.032528877157617
gsm8k,0,492,27.03750065138823
gsm8k,0,493,23.86580484380829
gsm8k,0,494,27.514546149177477
gsm8k,0,495,23.419452709672242
gsm8k,0,496,27.076924895624067
gsm8k,0,497,24.135615676641464
gsm8k,0,498,27.512017222761642
gsm8k,0,499,24.00620268235798
gsm8k,0,500,26.841912120289635
gsm8k,0,501,24.179950420582585
gsm8k,0,502,27.28868606930771
gsm8k,0,503,23.569570748373796
gsm8k,0,504,27.138595269207144
gsm8k,0,505,23.781190349836834
gsm8k,0,506,27.206026070535703
gsm8k,0,507,23.699426776147448
gsm8k,0,508,27.31469212085358
gsm8k,0,509,23.81782710654079
gsm8k,0,510,27.495519192598294
gsm8k,0,511,23.849571616772344
gsm8k,0,512,27.30981068613615
gsm8k,0,513,23.85113135096617
gsm8k,0,514,27.413729737457047
gsm8k,0,515,23.617204336915165
gsm8k,0,516,26.849257344159707
gsm8k,0,517,23.72002148559848
gsm8k,0,518,27.439118843176402
gsm8k,0,519,23.976948487146174
gsm8k,0,520,27.532812440767884
gsm8k,0,521,24.28192721546199
gsm8k,0,522,27.451350786577677
gsm8k,0,523,24.22378956508197
gsm8k,0,524,27.26700227902902
gsm8k,0,525,24.420699242909905
gsm8k,0,526,27.062308156018844
gsm8k,0,527,23.55261965567479
gsm8k,0,528,27.401979863498127
gsm8k,0,529,23.823658644687384
gsm8k,0,530,27.358828177966643
gsm8k,0,531,23.98801975228771
gsm8k,0,532,27.51700292355963
gsm8k,0,533,24.251402741356287
gsm8k,0,534,27.388018013880355
gsm8k,0,535,23.80865376427589
gsm8k,0,536,27.536625194704474
gsm8k,0,537,24.300901281079316
gsm8k,0,538,27.450248675251547
gsm8k,0,539,23.46709148191354
gsm8k,0,540,27.618013613391668
gsm8k,0,541,23.756247413984966
gsm8k,0,542,27.079064904808483
gsm8k,0,543,23.75941724909284
gsm8k,0,544,27.21299013743798
gsm8k,0,545,23.710580859152437
gsm8k,0,546,27.297672455460997
gsm8k,0,547,23.604680427524727
gsm8k,0,548,27.398981095268194
gsm8k,0,549,24.418036235147156
gsm8k,0,550,27.24852454775828
gsm8k,0,551,23.66066495271306
gsm8k,0,552,27.570708371058572
gsm8k,0,553,23.83460746568744
gsm8k,0,554,27.500613690790487
gsm8k,0,555,24.05867872661666
gsm8k,0,556,26.717760648656014
gsm8k,0,557,24.098170506447435
gsm8k,0,558,26.95497112368704
gsm8k,0,559,23.752863617119147
gsm8k,0,560,27.183984271178282
gsm8k,0,561,24.436263815005077
gsm8k,0,562,27.57915859547211
gsm8k,0,563,23.779119868747525
gsm8k,0,564,27.598074615525547
gsm8k,0,565,23.857694080809956
gsm8k,0,566,27.49294906607247
gsm8k,0,567,24.108404370053904
gsm8k,0,568,27.369061688659713
gsm8k,0,569,24.318804531134067
gsm8k,0,570,27.02020662400173
gsm8k,0,571,23.348212012575125
gsm8k,0,572,27.38389578371425
gsm8k,0,573,23.58062666996072
gsm8k,0,574,27.0441637840122
gsm8k,0,575,24.14910844890983
gsm8k,0,576,27.5079858074605
gsm8k,0,577,23.853874856285984
gsm8k,0,578,26.972316049068468
gsm8k,0,579,23.42260828832301
gsm8k,0,580,27.63260652864119
gsm8k,0,581,23.68867701422688
gsm8k,0,582,27.417870328551338
gsm8k,0,583,24.214953831688035
gsm8k,0,584,27.47781982907327
gsm8k,0,585,24.016907136683585
gsm8k,0,586,27.418511326686712
gsm8k,0,587,24.256023491034284
gsm8k,0,588,26.98592743996916
gsm8k,0,589,24.274398947454756
gsm8k,0,590,27.104557360871695
gsm8k,0,591,23.801447026926326
gsm8k,0,592,27.477927762297316
gsm8k,0,593,24.349552197236335
gsm8k,0,594,27.148157565534348
gsm8k,0,595,23.735786679026205
gsm8k,0,596,26.786827234900557
gsm8k,0,597,23.881038269180742
gsm8k,0,598,27.236469745508078
gsm8k,0,599,24.010654418816557
gsm8k,0,600,26.927957763237988
gsm8k,0,601,24.370058516069548
gsm8k,0,602,26.78257437078517
gsm8k,0,603,23.749186933855526
gsm8k,0,604,27.371357300580712
gsm8k,0,605,23.983721894182963
gsm8k,0,606,26.915784008451737
gsm8k,0,607,24.101358678308316
gsm8k,0,608,27.511154250532854
gsm8k,0,609,23.94416681861719
gsm8k,0,610,27.270131122349994
gsm8k,0,611,24.132885577273555
gsm8k,0,612,27.14767235374893
gsm8k,0,613,23.766916612378107
gsm8k,0,614,27.409270023781573
gsm8k,0,615,23.596746916155098
gsm8k,0,616,26.91260086091822
gsm8k,0,617,23.70208894186046
gsm8k,0,618,27.539749928109813
gsm8k,0,619,24.11667377747632
gsm8k,0,620,27.459164827384733
gsm8k,0,621,24.19853502598541
gsm8k,0,622,26.95482327908394
gsm8k,0,623,24.071775382118567
gsm8k,0,624,26.79713409216631
gsm8k,0,625,24.31070139041034
gsm8k,0,626,27.08465696247131
gsm8k,0,627,24.00676440083771
gsm8k,0,628,27.386566245695576
gsm8k,0,629,24.089012451440794
gsm8k,0,630,27.313922215398634
gsm8k,0,631,24.241658884420758
gsm8k,0,632,27.224078077984892
gsm8k,0,633,23.805425083992304
gsm8k,0,634,27.40787254507713
gsm8k,0,635,23.59368891484337
gsm8k,0,636,26.959020011418033
gsm8k,0,637,24.3947241033311
gsm8k,0,638,27.10633460083045
gsm8k,0,639,23.96526159632399
gsm8k,0,640,27.094085420685587
gsm8k,0,641,23.82079788731062
gsm8k,0,642,27.432110015070066
gsm8k,0,643,24.181578526313
gsm8k,0,644,27.26209616823191
gsm8k,0,645,24.32060370943984
gsm8k,0,646,27.5682145038445
gsm8k,0,647,23.539287030871492
gsm8k,0,648,27.362135505642403
gsm8k,0,649,23.86607382870257
gsm8k,0,650,27.05447895641555
gsm8k,0,651,24.14065428329484
gsm8k,0,652,27.01499046452227
gsm8k,0,653,24.430530658719363
gsm8k,0,654,27.041945734668356
gsm8k,0,655,24.014777714644904
gsm8k,0,656,27.17113807845397
gsm8k,0,657,24.49068818532396
gsm8k,0,658,27.247689100477146
gsm8k,0,659,24.140847293892875
gsm8k,0,660,27.473778791318182
gsm8k,0,661,23.89625304931542
gsm8k,0,662,27.47538929543225
gsm8k,0,663,24.11658966950342
gsm8k,0,664,27.009828413179907
gsm8k,0,665,24.204565745984908
gsm8k,0,666,27.490945361932972
gsm8k,0,667,23.65483458366568
gsm8k,0,668,27.05100331033392
gsm8k,0,669,23.76835822845654
gsm8k,0,670,27.112765659888584
gsm8k,0,671,24.079819944745395
gsm8k,0,672,27.399626585975057
gsm8k,0,673,23.936810344457626
gsm8k,0,674,27.43849524995312
gsm8k,0,675,23.664839300181484
gsm8k,0,676,27.5369669579959
gsm8k,0,677,24.524608485080535
gsm8k,0,678,26.957430069645245
gsm8k,0,679,23.43599318798321
gsm8k,0,680,27.383126102828335
gsm8k,0,681,23.818956375180278
gsm8k,0,682,27.1371053349867
gsm8k,0,683,24.138369648426306
gsm8k,0,684,27.13509749334592
gsm8k,0,685,24.121953658323037
gsm8k,0,686,27.3078563648032
gsm8k,0,687,24.193167151679518
gsm8k,0,688,27.609241486061364
gsm8k,0,689,24.416777210717555
gsm8k,0,690,27.140890448208665
gsm8k,0,691,23.61375886903261
gsm8k,0,692,27.14760682283668
gsm8k,0,693,24.054554269241635
gsm8k,0,694,26.849144902080297
gsm8k,0,695,24.0527116822192
gsm8k,0,696,27.2012412751792
gsm8k,0,697,23.907043320801236
gsm8k,0,698,27.091460906376597
gsm8k,0,699,23.442831777855364
gsm8k,0,700,27.146081782120746
gsm8k,0,701,24.022849553148262
gsm8k,0,702,27.25623073274619
gsm8k,0,703,24.002064619708108
gsm8k,0,704,27.297359731352124
gsm8k,0,705,23.71817559975645
gsm8k,0,706,27.168398108259726
gsm8k,0,707,23.81550176505698
gsm8k,0,708,27.315491104893614
gsm8k,0,709,24.204912704590242
gsm8k,0,710,27.040606117225252
gsm8k,0,711,23.941831143019954
gsm8k,0,712,27.169384604349034
gsm8k,0,713,24.255437382999908
gsm8k,0,714,27.2867342500831
gsm8k,0,715,23.978716762940167
gsm8k,0,716,27.359495474229334
gsm8k,0,717,23.6650857694295
gsm8k,0,718,27.373545333743095
gsm8k,0,719,23.823244739015127
gsm8k,0,720,27.286148189516837
gsm8k,0,721,24.337877228390425
gsm8k,0,722,27.433883460616926
gsm8k,0,723,23.881634376822454
gsm8k,0,724,27.080289724835893
gsm8k,0,725,24.292169021395576
gsm8k,0,726,27.22780504700495
gsm8k,0,727,24.246620290796272
gsm8k,0,728,27.530008792382432
gsm8k,0,729,23.928366237669252
gsm8k,0,730,27.12066577883755
gsm8k,0,731,24.30628292131587
gsm8k,0,732,27.55076477114926
gsm8k,0,733,23.848543215232592
gsm8k,0,734,27.455673360236688
gsm8k,0,735,24.13904605418793
gsm8k,0,736,27.4073134502794
gsm8k,0,737,23.77861329659936
gsm8k,0,738,27.38081604184117
gsm8k,0,739,24.259250225441065
gsm8k,0,740,27.070472009654623
gsm8k,0,741,24.0433241230097
gsm8k,0,742,27.46118606228265
gsm8k,0,743,24.10918493804179
gsm8k,0,744,27.286006991007476
gsm8k,0,745,24.429035649518482
gsm8k,0,746,26.939189428958343
gsm8k,0,747,23.837070527176063
gsm8k,0,748,27.413977866672212
gsm8k,0,749,23.892699395219097
gsm8k,0,750,26.95774922540295
gsm8k,0,751,24.220350846007932
gsm8k,0,752,26.779943102893466
gsm8k,0,753,24.318501993548125
gsm8k,0,754,27.020267367333872
gsm8k,0,755,24.20970063016021
gsm8k,0,756,27.248663769569248
gsm8k,0,757,24.452679255773546
gsm8k,0,758,27.05608228069244
gsm8k,0,759,23.892399741292703
gsm8k,0,760,27.548999907594407
gsm8k,0,761,23.893549867352704
gsm8k,0,762,26.80179469902581
gsm8k,0,763,24.112156905175652
gsm8k,0,764,27.245714343735017
gsm8k,0,765,24.27887457555958
gsm8k,0,766,27.267166402783584
gsm8k,0,767,24.162754046744737
gsm8k,0,768,27.05159348261077
gsm8k,0,769,23.803139320079936
gsm8k,0,770,26.88106942547647
gsm8k,0,771,23.972581886482658
gsm8k,0,772,27.360246487660334
gsm8k,0,773,24.027964531334206
gsm8k,0,774,27.227688540733652
gsm8k,0,775,24.33780292267329
gsm8k,0,776,27.45294296485785
gsm8k,0,777,24.443753110972466
gsm8k,0,778,27.449962301034248
gsm8k,0,779,24.314309248438803
gsm8k,0,780,27.636717437417246
gsm8k,0,781,24.299257232980654
gsm8k,0,782,27.26903456277796
gsm8k,0,783,23.739632557408186
gsm8k,0,784,27.329260698024882
gsm8k,0,785,23.882711785401053
gsm8k,0,786,26.730541395203723
gsm8k,0,787,24.166653431166196
gsm8k,0,788,27.499942402419162
gsm8k,0,789,24.456244998873444
gsm8k,0,790,27.294154300761875
gsm8k,0,791,24.282513884827495
gsm8k,0,792,27.564088605215836
gsm8k,0,793,24.41774387989426
gsm8k,0,794,27.34804017130624
gsm8k,0,795,23.43364195574237
gsm8k,0,796,27.47713529970497
gsm8k,0,797,23.812888948512928
gsm8k,0,798,27.459714725409867
gsm8k,0,799,23.7310481648042
gsm8k,0,800,27.593511790500884
gsm8k,0,801,23.934771237691166
gsm8k,0,802,26.947400332574034
gsm8k,0,803,24.327592887857463
gsm8k,0,804,27.59153366787359
gsm8k,0,805,23.69458299861955
gsm8k,0,806,26.998082346835872
gsm8k,0,807,23.99636431437102
gsm8k,0,808,27.61274276781478
gsm8k,0,809,24.128749286319362
gsm8k,0,810,27.13371145000565
gsm8k,0,811,24.110844421629157
gsm8k,0,812,27.346087281330256
gsm8k,0,813,24.47031104748021
gsm8k,0,814,27.4378646427067
gsm8k,0,815,24.32906600733986
gsm8k,0,816,27.44432853244657
gsm8k,0,817,23.697853560419116
gsm8k,0,818,27.426359585660975
gsm8k,0,819,23.465290658235077
gsm8k,0,820,27.662955726555083
gsm8k,0,821,24.334844965778757
gsm8k,0,822,27.01167589839315
gsm8k,0,823,24.041822175899323
gsm8k,0,824,27.052440448732078
gsm8k,0,825,24.43964482154115
gsm8k,0,826,27.081540109065827
gsm8k,0,827,24.340129963093204
gsm8k,0,828,27.480541066324804
gsm8k,0,829,23.8722472495283
gsm8k,0,830,27.41865533607779
gsm8k,0,831,23.698235316260252
gsm8k,0,832,27.534504214512005
gsm8k,0,833,23.94633960648207
gsm8k,0,834,27.26158720179228
gsm8k,0,835,23.862341786298202
gsm8k,0,836,27.696617871697526
gsm8k,0,837,23.965335931279697
gsm8k,0,838,26.741568773592775
gsm8k,0,839,24.205314572535308
gsm8k,0,840,27.232805994572118
gsm8k,0,841,23.737384856159238
gsm8k,0,842,26.90968295543367
gsm8k,0,843,23.618623203219613
gsm8k,0,844,27.40062354496331
gsm8k,0,845,24.277615837490885
gsm8k,0,846,26.98724897345528
gsm8k,0,847,23.808691403246485
gsm8k,0,848,27.533825468045737
gsm8k,0,849,24.306170587592266
gsm8k,0,850,27.18910778639838
gsm8k,0,851,24.100867600129742
gsm8k,0,852,27.72491021096357
gsm8k,0,853,23.878889291944258
gsm8k,0,854,27.48195200911141
gsm8k,0,855,23.60602693806868
gsm8k,0,856,27.70405296541867
gsm8k,0,857,24.502210533682955
gsm8k,0,858,26.74877195750014
gsm8k,0,859,23.759400806738995
gsm8k,0,860,27.032560284952726
gsm8k,0,861,24.416159802058246
gsm8k,0,862,26.937976745102787
gsm8k,0,863,23.7769296982151
gsm8k,0,864,27.246686736283106
gsm8k,0,865,23.88973285269458
gsm8k,0,866,27.171619280125014
gsm8k,0,867,23.413716962462978
gsm8k,0,868,27.264586947232235
gsm8k,0,869,24.196043745097185
gsm8k,0,870,26.936798564258563
gsm8k,0,871,24.065310310106725
gsm8k,0,872,27.307052310789004
gsm8k,0,873,23.702141327353623
gsm8k,0,874,27.19666789918341
gsm8k,0,875,24.097521936908215
gsm8k,0,876,27.601980400504544
gsm8k,0,877,24.40585202566581
gsm8k,0,878,27.116909930699094
gsm8k,0,879,23.805109492968768
gsm8k,0,880,27.64868192753056
gsm8k,0,881,24.426575837424025
gsm8k,0,882,27.583390576182865
gsm8k,0,883,24.1656182408036
gsm8k,0,884,27.5209557136585
gsm8k,0,885,23.73939395281617
gsm8k,0,886,27.27943690842949
gsm8k,0,887,24.053787524423523
gsm8k,0,888,27.40945314620564
gsm8k,0,889,24.32588239753386
gsm8k,0,890,27.49554689216893
gsm8k,0,891,23.948492329509463
gsm8k,0,892,27.413802745286375
gsm8k,0,893,24.299100565550916
gsm8k,0,894,27.26688115944853
gsm8k,0,895,23.886569413459963
gsm8k,0,896,27.535295751759737
gsm8k,0,897,24.031481480051298
gsm8k,0,898,27.55501482533873
gsm8k,0,899,23.416501538312367
gsm8k,0,900,27.443439372291323
gsm8k,0,901,23.94536697829608
gsm8k,0,902,27.006893844333707
gsm8k,0,903,24.117444634612184
gsm8k,0,904,27.357956900456806
gsm8k,0,905,23.810952639905736
gsm8k,0,906,26.971617462550057
gsm8k,0,907,24.040419164453155
gsm8k,0,908,27.456983729509762
gsm8k,0,909,23.850971076171845
gsm8k,0,910,27.001454091320436
gsm8k,0,911,24.004988069550244
gsm8k,0,912,27.35062877663636
gsm8k,0,913,24.129906301823212
gsm8k,0,914,27.454366636036628
gsm8k,0,915,24.204404795455048
gsm8k,0,916,27.587039963691495
gsm8k,0,917,24.24714326582573
gsm8k,0,918,27.04697362787556
gsm8k,0,919,23.673017385590356
gsm8k,0,920,27.489407078974182
gsm8k,0,921,24.052254438988474
gsm8k,0,922,27.11754385745735
gsm8k,0,923,24.011526256799698
gsm8k,0,924,27.68756750083412
gsm8k,0,925,24.416832144197542
gsm8k,0,926,27.500671574671287
gsm8k,0,927,24.24823818000732
gsm8k,0,928,27.719479734514607
gsm8k,0,929,23.702948110440047
gsm8k,0,930,27.34654371306533
gsm8k,0,931,23.756068589136703
gsm8k,0,932,27.677933994709747
gsm8k,0,933,24.056068985373713
gsm8k,0,934,27.558147623494733
gsm8k,0,935,24.019773962209
gsm8k,0,936,27.420372967753792
gsm8k,0,937,23.954278982273536
gsm8k,0,938,26.973968211677857
gsm8k,0,939,24.240529317467008
gsm8k,0,940,27.467825643853097
gsm8k,0,941,23.99228431750089
gsm8k,0,942,27.259254504315322
gsm8k,0,943,23.55507158790715
gsm8k,0,944,27.660369905788684
gsm8k,0,945,23.917567643366056
gsm8k,0,946,27.132492603430915
gsm8k,0,947,23.909272424528126
gsm8k,0,948,27.41900180626544
gsm8k,0,949,24.468922063533682
gsm8k,0,950,27.378925606171833
gsm8k,0,951,24.217941907409113
gsm8k,0,952,27.370762858481612
gsm8k,0,953,24.029246451391373
gsm8k,0,954,26.762716712255497
gsm8k,0,955,23.50342109275516
gsm8k,0,956,27.411038223362993
gsm8k,0,957,23.94281651719775
gsm8k,0,958,26.822883313820686
gsm8k,0,959,24.032370110944612
gsm8k,0,960,27.59253744443413
gsm8k,0,961,24.318171982904747
gsm8k,0,962,27.1423353933903
gsm8k,0,963,24.29502639643033
gsm8k,0,964,27.40004290309217
gsm8k,0,965,23.891779124824097
gsm8k,0,966,27.619435324595543
gsm8k,0,967,23.569031211081892
gsm8k,0,968,27.51046306002536
gsm8k,0,969,24.39392805172247
gsm8k,0,970,26.691138624612773
gsm8k,0,971,23.951998195116175
gsm8k,0,972,27.48345900909044
gsm8k,0,973,23.92421588150837
gsm8k,0,974,27.199567147258637
gsm8k,0,975,24.181310760468477
gsm8k,0,976,27.44899038953008
gsm8k,0,977,24.02989219990559
gsm8k,0,978,27.025465984620805
gsm8k,0,979,23.493908400268992
gsm8k,0,980,27.638221694360254
gsm8k,0,981,24.239184554525703
gsm8k,0,982,27.346264687366784
gsm8k,0,983,23.740189004895374
gsm8k,0,984,27.784797315689502
gsm8k,0,985,23.611288339375182
gsm8k,0,986,27.440829571098725
gsm8k,0,987,24.30683009515633
gsm8k,0,988,27.701285765942885
gsm8k,0,989,24.227741967479233
gsm8k,0,990,27.560640017327387
gsm8k,0,991,23.72039438705542
gsm8k,0,992,25.550540205586003
gsm8k,0,993,24.472526125464356
gsm8k,0,994,27.477323532366427
gsm8k,0,995,23.778496036926906
gsm8k,0,996,27.54148861640715
gsm8k,0,997,23.870660850661807
gsm8k,0,998,26.903463240065005
gsm8k,0,999,24.10264239370008
gsm8k,0,1000,27.762933408666868
gsm8k,0,1001,24.06508581043454
gsm8k,0,1002,26.98171817234173
gsm8k,0,1003,23.653223590372363
gsm8k,0,1004,27.632584926323034
gsm8k,0,1005,24.400732305366546
gsm8k,0,1006,27.294807499856688
gsm8k,0,1007,23.771966343738168
gsm8k,0,1008,27.644711783068487
gsm8k,0,1009,24.438940086838556
gsm8k,0,1010,26.77909763740321
gsm8k,0,1011,24.26051600559731
gsm8k,0,1012,27.438261357019655
gsm8k,0,1013,23.932169406180037
gsm8k,0,1014,27.204808371607214
gsm8k,0,1015,23.545474928480314
gsm8k,0,1016,27.40593173803063
gsm8k,0,1017,24.317025374330115
gsm8k,0,1018,27.10503075823121
gsm8k,0,1019,23.903365137812216
gsm8k,0,1020,27.29795936608939
gsm8k,0,1021,24.435754126898246
gsm8k,0,1022,27.34555613278644
gsm8k,0,1023,24.055964945183767
gsm8k,0,1024,27.680795534251956
gsm8k,0,1025,23.780640833138023
gsm8k,0,1026,26.973086769430665
gsm8k,0,1027,23.70765799997558
gsm8k,0,1028,27.27490805614835
gsm8k,0,1029,23.79113705319469
gsm8k,0,1030,27.28855804889463
gsm8k,0,1031,24.125211533828406
gsm8k,0,1032,27.53422488240176
gsm8k,0,1033,23.82657975613256
gsm8k,0,1034,27.103691176581446
gsm8k,0,1035,23.488855152201605
gsm8k,0,1036,27.4908632782989
gsm8k,0,1037,23.764696231935602
gsm8k,0,1038,27.093897540908074
gsm8k,0,1039,23.929256632982288
gsm8k,0,1040,27.31168090394931
gsm8k,0,1041,23.944642627611756
gsm8k,0,1042,26.855650678044185
gsm8k,0,1043,24.051089612729395
gsm8k,0,1044,27.48780856563826
gsm8k,0,1045,24.5014713400451
gsm8k,0,1046,27.23254249212914
gsm8k,0,1047,23.598563857376575
gsm8k,0,1048,27.587177140958374
gsm8k,0,1049,23.799294365509862
gsm8k,0,1050,27.3113652884876
gsm8k,0,1051,23.945861370853518
gsm8k,0,1052,27.704168747732183
gsm8k,0,1053,24.223407584941015
gsm8k,0,1054,27.372039032994003
gsm8k,0,1055,24.1020046352289
gsm8k,0,1056,27.667374819429824
gsm8k,0,1057,24.327748164376885
gsm8k,0,1058,27.2003616585503
gsm8k,0,1059,23.666371100328185
gsm8k,0,1060,27.59856560078333
gsm8k,0,1061,23.88880792256844
gsm8k,0,1062,27.395985809562262
gsm8k,0,1063,24.059395419851857
gsm8k,0,1064,27.46142564501497
gsm8k,0,1065,23.772312855789426
gsm8k,0,1066,27.37129048546194
gsm8k,0,1067,24.20303334656637
gsm8k,0,1068,27.508793646120466
gsm8k,0,1069,23.97605667283642
gsm8k,0,1070,27.384479781176196
gsm8k,0,1071,23.6859937213012
gsm8k,0,1072,27.43018358523841
gsm8k,0,1073,24.20546982830274
gsm8k,0,1074,27.452515071654414
gsm8k,0,1075,23.918975195556413
gsm8k,0,1076,27.413302846980514
gsm8k,0,1077,24.542559709516354
gsm8k,0,1078,27.307256754284026
gsm8k,0,1079,24.072402160527417
gsm8k,0,1080,27.31117295115837
gsm8k,0,1081,23.772279981796334
gsm8k,0,1082,27.360159870894517
gsm8k,0,1083,23.503546635765815
gsm8k,0,1084,27.518232662259834
gsm8k,0,1085,24.40621410938781
gsm8k,0,1086,27.354900954378536
gsm8k,0,1087,23.99162976507796
gsm8k,0,1088,27.692541600117693
gsm8k,0,1089,24.179336925347645
gsm8k,0,1090,27.483107583975652
gsm8k,0,1091,24.00462044993552
gsm8k,0,1092,27.63255626996397
gsm8k,0,1093,23.904295907414053
gsm8k,0,1094,27.09337081614649
gsm8k,0,1095,23.52183065522695
gsm8k,0,1096,27.61127864869195
gsm8k,0,1097,23.89577537542209
gsm8k,0,1098,27.262608745347773
gsm8k,0,1099,24.05821129286778
gsm8k,0,1100,27.47661807623349
gsm8k,0,1101,24.407740073849954
gsm8k,0,1102,27.534694974747254
gsm8k,0,1103,24.228901722381124
gsm8k,0,1104,26.92112506613367
gsm8k,0,1105,24.38290507052443
gsm8k,0,1106,27.096550717455514
gsm8k,0,1107,23.487580572691513
gsm8k,0,1108,27.40986952628184
gsm8k,0,1109,24.31957684996084
gsm8k,0,1110,27.736456624552375
gsm8k,0,1111,23.651110090776882
gsm8k,0,1112,27.38835816126084
gsm8k,0,1113,24.42933169729782
gsm8k,0,1114,26.795360411218763
gsm8k,0,1115,24.201640387788352
gsm8k,0,1116,27.65482790425591
gsm8k,0,1117,24.3923317150323
gsm8k,0,1118,27.548972040676745
gsm8k,0,1119,23.847156611736864
gsm8k,0,1120,27.730263311241288
gsm8k,0,1121,24.149152242898708
gsm8k,0,1122,27.263856307399692
gsm8k,0,1123,23.98561434893054
gsm8k,0,1124,27.258094909484498
gsm8k,0,1125,23.86306820373083
gsm8k,0,1126,27.027690553336175
gsm8k,0,1127,24.337466929864604
gsm8k,0,1128,27.370930431061424
gsm8k,0,1129,24.086567376798484
gsm8k,0,1130,27.179868306120625
gsm8k,0,1131,23.61591644876171
gsm8k,0,1132,27.27915755531285
gsm8k,0,1133,24.163963924365817
gsm8k,0,1134,27.319011165562905
gsm8k,0,1135,23.952026658107417
gsm8k,0,1136,27.661810929373818
gsm8k,0,1137,24.11369754554471
gsm8k,0,1138,27.501036100147758
gsm8k,0,1139,24.3036972497066
gsm8k,0,1140,27.731516707717674
gsm8k,0,1141,24.174951402528677
gsm8k,0,1142,27.43720027501695
gsm8k,0,1143,23.507982320354685
gsm8k,0,1144,27.079255567514338
gsm8k,0,1145,24.579128108598525
gsm8k,0,1146,26.964908200170612
gsm8k,0,1147,24.202762197091943
gsm8k,0,1148,27.531892182433033
gsm8k,0,1149,24.4153244662788
gsm8k,0,1150,27.38024168820293
gsm8k,0,1151,23.77470502662554
gsm8k,0,1152,27.344713958882494
gsm8k,0,1153,24.399236383032985
gsm8k,0,1154,27.317719967885417
gsm8k,0,1155,23.832267741738903
gsm8k,0,1156,26.905437094952774
gsm8k,0,1157,24.477691047650296
gsm8k,0,1158,27.21739023036207
gsm8k,0,1159,24.291096935485257
gsm8k,0,1160,27.387915550049765
gsm8k,0,1161,23.94441374053713
gsm8k,0,1162,27.3168294133837
gsm8k,0,1163,23.522494294645032
gsm8k,0,1164,27.767509989644168
gsm8k,0,1165,24.307588715601014
gsm8k,0,1166,27.776071638072608
gsm8k,0,1167,24.13446764727045
gsm8k,0,1168,27.804327426565578
gsm8k,0,1169,24.55928558993037
gsm8k,0,1170,27.032259495172184
gsm8k,0,1171,23.68727156499517
gsm8k,0,1172,27.222236161524396
gsm8k,0,1173,24.18837665391038
gsm8k,0,1174,27.467126707051648
gsm8k,0,1175,24.05684272162034
gsm8k,0,1176,27.382488999137422
gsm8k,0,1177,24.118619750519304
gsm8k,0,1178,27.346135905938723
gsm8k,0,1179,24.01127899660075
gsm8k,0,1180,27.86280528016505
gsm8k,0,1181,24.4964740886644
gsm8k,0,1182,27.518710663571255
gsm8k,0,1183,23.69377822833485
gsm8k,0,1184,27.658331607885522
gsm8k,0,1185,23.86577297875192
gsm8k,0,1186,27.116073314403373
gsm8k,0,1187,23.81001208050293
gsm8k,0,1188,27.322469191858545
gsm8k,0,1189,24.06965650377735
gsm8k,0,1190,27.416316777816974
gsm8k,0,1191,24.257455681956902
gsm8k,0,1192,27.44060684926808
gsm8k,0,1193,24.512328367563896
gsm8k,0,1194,27.49361222990418
gsm8k,0,1195,23.636124042241136
gsm8k,0,1196,27.67183781179483
gsm8k,0,1197,23.894688005384523
gsm8k,0,1198,27.618889187579043
gsm8k,0,1199,23.839969937398564
gsm8k,0,1200,27.17749333762108
gsm8k,0,1201,24.390189933910733
gsm8k,0,1202,27.203859917790396
gsm8k,0,1203,24.169758275093045
gsm8k,0,1204,27.25440013455227
gsm8k,0,1205,24.556825122999726
gsm8k,0,1206,27.451700312667526
gsm8k,0,1207,23.410209718769273
gsm8k,0,1208,27.046037601394346
gsm8k,0,1209,23.996194649953395
gsm8k,0,1210,27.432351748932874
gsm8k,0,1211,23.716603309761002
gsm8k,0,1212,27.53136087630992
gsm8k,0,1213,24.15227345409221
gsm8k,0,1214,26.953336698890297
gsm8k,0,1215,24.274316394439666
gsm8k,0,1216,27.296631280478323
gsm8k,0,1217,24.553461407776922
gsm8k,0,1218,27.53662783652544
gsm8k,0,1219,23.713024597292623
gsm8k,0,1220,27.37459878021098
gsm8k,0,1221,24.493287778843982
gsm8k,0,1222,27.516647764458888
gsm8k,0,1223,23.985462586185143
gsm8k,0,1224,27.316081294974754
gsm8k,0,1225,23.974836760316975
gsm8k,0,1226,27.095900441054255
gsm8k,0,1227,24.094745555261444
gsm8k,0,1228,27.68555737566203
gsm8k,0,1229,24.44036418455653
gsm8k,0,1230,27.446379514003638
gsm8k,0,1231,23.584573729749536
gsm8k,0,1232,27.06939743103965
gsm8k,0,1233,24.55893850128632
gsm8k,0,1234,27.46753300237932
gsm8k,0,1235,23.698586628597695
gsm8k,0,1236,27.70715203587315
gsm8k,0,1237,23.79607563339097
gsm8k,0,1238,27.006802203686675
gsm8k,0,1239,23.591587985720253
gsm8k,0,1240,27.499210082169157
gsm8k,0,1241,24.38573440667824
gsm8k,0,1242,27.12350245928974
gsm8k,0,1243,23.66082908338285
gsm8k,0,1244,27.73953281575814
gsm8k,0,1245,24.64766827324638
gsm8k,0,1246,26.86214914623027
gsm8k,0,1247,23.85065208394003
gsm8k,0,1248,27.28242109515122
gsm8k,0,1249,24.071500265563373
gsm8k,0,1250,27.43015323934339
gsm8k,0,1251,23.996484094823245
gsm8k,0,1252,27.283190003799973
gsm8k,0,1253,24.123316146581182
gsm8k,0,1254,27.62947277733474
gsm8k,0,1255,24.088389825919876
gsm8k,0,1256,27.765850983996643
gsm8k,0,1257,24.315340601536164
gsm8k,0,1258,27.59202573361108
gsm8k,0,1259,23.8249291760885
gsm8k,0,1260,27.530274439451038
gsm8k,0,1261,24.462291072268272
gsm8k,0,1262,27.46646848209666
gsm8k,0,1263,23.82045512786135
gsm8k,0,1264,27.19328266539378
gsm8k,0,1265,24.314024794875877
gsm8k,0,1266,26.945606787194265
gsm8k,0,1267,23.876540650235256
gsm8k,0,1268,27.329146214698195
gsm8k,0,1269,24.53594769758638
gsm8k,0,1270,27.22582482965663
gsm8k,0,1271,23.53348804507481
gsm8k,0,1272,27.39896295820418
gsm8k,0,1273,24.682153187313816
gsm8k,0,1274,27.17051826157542
gsm8k,0,1275,23.913931483548367
gsm8k,0,1276,27.35315943591115
gsm8k,0,1277,23.91609720330923
gsm8k,0,1278,27.151012676264042
gsm8k,0,1279,24.129085373715498
gsm8k,0,1280,27.156309021965544
gsm8k,0,1281,24.297852720337687
gsm8k,0,1282,27.032198133383645
gsm8k,0,1283,23.619510134791625
gsm8k,0,1284,27.72688332333928
gsm8k,0,1285,24.488908557009093
gsm8k,0,1286,27.144756521011004
gsm8k,0,1287,23.892527791758766
gsm8k,0,1288,27.7850487982505
gsm8k,0,1289,24.319251693668775
gsm8k,0,1290,27.283943873044336
gsm8k,0,1291,24.109962915715116
gsm8k,0,1292,27.10012428360642
gsm8k,0,1293,24.246635993844585
gsm8k,0,1294,27.693438663845882
gsm8k,0,1295,23.59445904221502
gsm8k,0,1296,27.329463497000305
gsm8k,0,1297,23.954772335855523
gsm8k,0,1298,27.66678115222021
gsm8k,0,1299,23.93515416770242
gsm8k,0,1300,27.42709731319337
gsm8k,0,1301,24.239295828010654
gsm8k,0,1302,27.233212000282947
gsm8k,0,1303,24.211860734794755
gsm8k,0,1304,27.54765162200715
gsm8k,0,1305,24.50612635437806
gsm8k,0,1306,27.62523810088169
gsm8k,0,1307,23.555179611185558
gsm8k,0,1308,26.852540841156785
gsm8k,0,1309,24.59886672659195
gsm8k,0,1310,27.387782552978024
gsm8k,0,1311,23.709003042249165
gsm8k,0,1312,27.466119675598335
gsm8k,0,1313,23.962014713877085
gsm8k,0,1314,27.197755243832944
gsm8k,0,1315,23.720536711236157
gsm8k,0,1316,27.414148201706347
gsm8k,0,1317,24.409731286141323
gsm8k,0,1318,27.331440770067275
gsm8k,1,0,27.386039786506444
gsm8k,1,1,24.021880246880578
gsm8k,1,2,27.112418752949452
gsm8k,1,3,23.62777104619706
gsm8k,1,4,28.004856343613937
gsm8k,1,5,24.19195536276675
gsm8k,1,6,27.637414812488714
gsm8k,1,7,24.005151131859748
gsm8k,1,8,27.419178895797813
gsm8k,1,9,24.36555664826301
gsm8k,1,10,26.980295860994374
gsm8k,1,11,24.29723824289712
gsm8k,1,12,27.416518871177686
gsm8k,1,13,24.523606727598235
gsm8k,1,14,27.391109131713165
gsm8k,1,15,23.703899554675445
gsm8k,1,16,27.53154858146445
gsm8k,1,17,24.607886811281787
gsm8k,1,18,27.266096995862306
gsm8k,1,19,23.765289603034034
gsm8k,1,20,27.817428486741846
gsm8k,1,21,24.267749839054886
gsm8k,1,22,27.458924791159262
gsm8k,1,23,24.15803516449783
gsm8k,1,24,27.76058187266909
gsm8k,1,25,24.495522084180266
gsm8k,1,26,27.32112076409976
gsm8k,1,27,24.20486075962758
gsm8k,1,28,27.717769243793576
gsm8k,1,29,24.28362838503334
gsm8k,1,30,27.405048578657443
gsm8k,1,31,23.977514676516876
gsm8k,1,32,27.37844706460926
gsm8k,1,33,24.05665648839862
gsm8k,1,34,27.352638413076814
gsm8k,1,35,23.755564106977545
gsm8k,1,36,27.943555021920474
gsm8k,1,37,24.473746449075406
gsm8k,1,38,27.636077862553066
gsm8k,1,39,23.790607821865706
gsm8k,1,40,27.851742088387255
gsm8k,1,41,24.698505349078914
gsm8k,1,42,26.85015474639411
gsm8k,1,43,23.831953538319794
gsm8k,1,44,27.953400374826742
gsm8k,1,45,24.77120810726774
gsm8k,1,46,27.346737591869896
gsm8k,1,47,24.202485496061854
gsm8k,1,48,27.394590451770906
gsm8k,1,49,24.155673400518744
gsm8k,1,50,27.331636456246116
gsm8k,1,51,24.289774162122818
gsm8k,1,52,27.710110905900365
gsm8k,1,53,24.67132893798407
gsm8k,1,54,27.58585417541326
gsm8k,1,55,23.621433719785678
gsm8k,1,56,27.752219022606774
gsm8k,1,57,24.55873185681412
gsm8k,1,58,27.496683676872635
gsm8k,1,59,24.199005880779247
gsm8k,1,60,27.316315668504433
gsm8k,1,61,24.31295794667676
gsm8k,1,62,27.216888571274467
gsm8k,1,63,23.785133082128596
gsm8k,1,64,27.691178962413687
gsm8k,1,65,24.290995497037382
gsm8k,1,66,27.259870348643744
gsm8k,1,67,23.71899523495813
gsm8k,1,68,27.86613649368519
gsm8k,1,69,24.509442341953235
gsm8k,1,70,27.319609391025637
gsm8k,1,71,23.486973289903755
gsm8k,1,72,27.763208558801377
gsm8k,1,73,24.458146257529734
gsm8k,1,74,27.37745980739715
gsm8k,1,75,23.898470746644307
gsm8k,1,76,27.640326963592088
gsm8k,1,77,24.65135917736916
gsm8k,1,78,26.915243226540042
gsm8k,1,79,24.06270660139853
gsm8k,1,80,27.609480129227105
gsm8k,1,81,24.553316091767037
gsm8k,1,82,27.143287508771188
gsm8k,1,83,23.920582626014948
gsm8k,1,84,27.574965049727606
gsm8k,1,85,24.562299967035973
gsm8k,1,86,27.656411068164743
gsm8k,1,87,24.320460801391164
gsm8k,1,88,27.36844245515678
gsm8k,1,89,24.78280176364933
gsm8k,1,90,27.570444661250804
gsm8k,1,91,23.72887189994799
gsm8k,1,92,27.673712491377955
gsm8k,1,93,24.71447606876609
gsm8k,1,94,27.57280618970981
gsm8k,1,95,24.055119556578575
gsm8k,1,96,27.61123908033385
gsm8k,1,97,24.66121049292269
gsm8k,1,98,27.161316054844065
gsm8k,1,99,24.012670291995164
gsm8k,1,100,27.567837405513274
gsm8k,1,101,24.58673420485603
gsm8k,1,102,27.290698504657485
gsm8k,1,103,23.72184151681722
gsm8k,1,104,27.570324997213902
gsm8k,1,105,24.54962306161666
gsm8k,1,106,27.581872654991457
gsm8k,1,107,23.940933529956965
gsm8k,1,108,27.698231268004747
gsm8k,1,109,24.513735360492337
gsm8k,1,110,27.66578253431362
gsm8k,1,111,24.176438178983517
gsm8k,1,112,27.567678428846136
gsm8k,1,113,24.531396049441714
gsm8k,1,114,27.57393587307888
gsm8k,1,115,24.447584899462527
gsm8k,1,116,27.732442438718863
gsm8k,1,117,24.523945822870942
gsm8k,1,118,27.01638718644972
gsm8k,1,119,23.754086378175998
gsm8k,1,120,27.39057243757305
gsm8k,1,121,24.631347725517116
gsm8k,1,122,27.294788350506376
gsm8k,1,123,23.88372981658904
gsm8k,1,124,27.824613829579903
gsm8k,1,125,24.720996640098747
gsm8k,1,126,27.548239186770566
gsm8k,1,127,24.163805565781356
gsm8k,1,128,27.85596351532149
gsm8k,1,129,24.57700573359034
gsm8k,1,130,27.604067010256266
gsm8k,1,131,23.7852301754391
gsm8k,1,132,27.67006643537411
gsm8k,1,133,24.534581746906042
gsm8k,1,134,27.185454190999426
gsm8k,1,135,23.758189851355
gsm8k,1,136,27.511547215182684
gsm8k,1,137,24.724034232349368
gsm8k,1,138,27.662681011861423
gsm8k,1,139,23.474700269004217
gsm8k,1,140,27.657017147771402
gsm8k,1,141,24.764102232438745
gsm8k,1,142,27.65346596997355
gsm8k,1,143,24.20815503501217
gsm8k,1,144,27.504592078912538
gsm8k,1,145,24.644595125624747
gsm8k,1,146,27.316893850661575
gsm8k,1,147,24.357330079510575
gsm8k,1,148,27.424409209440153
gsm8k,1,149,24.62462653744627
gsm8k,1,150,27.612692032562336
gsm8k,1,151,23.814307565771742
gsm8k,1,152,27.58973441965316
gsm8k,1,153,24.38773270478123
gsm8k,1,154,27.579619098105468
gsm8k,1,155,23.968826062628068
gsm8k,1,156,27.76030513632577
gsm8k,1,157,24.350061008590274
gsm8k,1,158,27.33873904316346
gsm8k,1,159,24.26096236404891
gsm8k,1,160,27.600467205047607
gsm8k,1,161,24.44836109134485
gsm8k,1,162,27.122949373733718
gsm8k,1,163,23.706936295639025
gsm8k,1,164,27.467159705602715
gsm8k,1,165,24.724833718209993
gsm8k,1,166,27.231142113639695
gsm8k,1,167,23.660532060603146
gsm8k,1,168,27.600598400579646
gsm8k,1,169,24.480222106397708
gsm8k,1,170,27.51226791224326
gsm8k,1,171,23.809725273167714
gsm8k,1,172,27.40930501022376
gsm8k,1,173,24.196406536045586
gsm8k,1,174,27.366479345801054
gsm8k,1,175,23.721463374386076
gsm8k,1,176,27.53073224448599
gsm8k,1,177,24.648147187690483
gsm8k,1,178,27.405427594203502
gsm8k,1,179,24.070744060095727
gsm8k,1,180,27.33965817699458
gsm8k,1,181,24.153575704985997
gsm8k,1,182,27.227593109273585
gsm8k,1,183,24.42678588340641
gsm8k,1,184,27.83289525541477
gsm8k,1,185,24.386508409185588
gsm8k,1,186,27.45802150457166
gsm8k,1,187,23.709179327852326
gsm8k,1,188,27.841374419949716
gsm8k,1,189,24.77600895872456
gsm8k,1,190,27.603644435959204
gsm8k,1,191,24.03368556792561
gsm8k,1,192,27.63090523876599
gsm8k,1,193,24.17166564919171
gsm8k,1,194,27.531773974565237
gsm8k,1,195,24.228688928710877
gsm8k,1,196,27.685519417726926
gsm8k,1,197,24.41237579359738
gsm8k,1,198,27.60734612456872
gsm8k,1,199,23.76739410465234
gsm8k,1,200,27.61949387826643
gsm8k,1,201,24.853515260474524
gsm8k,1,202,27.54469317100618
gsm8k,1,203,24.103271516651148
gsm8k,1,204,27.590303919259533
gsm8k,1,205,24.11710082378704
gsm8k,1,206,27.87088209151989
gsm8k,1,207,24.41878512763651
gsm8k,1,208,27.553014940133803
gsm8k,1,209,24.323813675437123
gsm8k,1,210,27.049127256759675
gsm8k,1,211,23.698449542280287
gsm8k,1,212,27.768869229475968
gsm8k,1,213,24.459740263409913
gsm8k,1,214,27.46971913802554
gsm8k,1,215,23.980659384837494
gsm8k,1,216,27.56287016745773
gsm8k,1,217,24.521747554120207
gsm8k,1,218,27.310433692036895
gsm8k,1,219,24.425770043308148
gsm8k,1,220,27.49359788556051
gsm8k,1,221,24.268531167763285
gsm8k,1,222,27.373497024234524
gsm8k,1,223,23.56205454658298
gsm8k,1,224,27.75171747634886
gsm8k,1,225,23.88602791278693
gsm8k,1,226,27.45069247248466
gsm8k,1,227,24.270583020552294
gsm8k,1,228,27.629235734319472
gsm8k,1,229,24.010234701563604
gsm8k,1,230,27.33472611362231
gsm8k,1,231,24.23384748787309
gsm8k,1,232,27.320718828667985
gsm8k,1,233,24.32528014833224
gsm8k,1,234,27.696137440216262
gsm8k,1,235,23.972704848076436
gsm8k,1,236,27.812635453301482
gsm8k,1,237,24.58579782278666
gsm8k,1,238,27.816471749247285
gsm8k,1,239,23.958846912137233
gsm8k,1,240,27.52748037892161
gsm8k,1,241,23.964118707488787
gsm8k,1,242,27.387188747525215
gsm8k,1,243,24.141540812706808
gsm8k,1,244,27.14393812857452
gsm8k,1,245,24.558662822528277
gsm8k,1,246,27.384088480175706
gsm8k,1,247,23.90637363646632
gsm8k,1,248,27.37884421172089
gsm8k,1,249,24.79668552405201
gsm8k,1,250,27.71137193121831
gsm8k,1,251,24.17542232367932
gsm8k,1,252,27.75126191409072
gsm8k,1,253,24.01469714770263
gsm8k,1,254,27.225587060316823
gsm8k,1,255,23.81960284037632
gsm8k,1,256,27.793851779279066
gsm8k,1,257,24.423088296316564
gsm8k,1,258,27.098920352727873
gsm8k,1,259,24.141972018696833
gsm8k,1,260,27.143099224467658
gsm8k,1,261,24.152087451543956
gsm8k,1,262,27.421025162742986
gsm8k,1,263,24.259294266812503
gsm8k,1,264,27.541955965716625
gsm8k,1,265,24.127202603267506
gsm8k,1,266,27.816611902380828
gsm8k,1,267,23.77530647208914
gsm8k,1,268,27.19792320363527
gsm8k,1,269,24.52068418068321
gsm8k,1,270,27.30599656206323
gsm8k,1,271,24.093597014143597
gsm8k,1,272,27.59713812265545
gsm8k,1,273,24.137876876920927
gsm8k,1,274,27.482601237438974
gsm8k,1,275,24.396932407398708
gsm8k,1,276,27.586753698415123
gsm8k,1,277,24.13679863093421
gsm8k,1,278,27.625269829966616
gsm8k,1,279,24.31155890735681
gsm8k,1,280,27.62789576615832
gsm8k,1,281,24.503319913492305
gsm8k,1,282,27.592070131324046
gsm8k,1,283,23.833160266804043
gsm8k,1,284,27.793364668468712
gsm8k,1,285,24.460466898394277
gsm8k,1,286,27.209168809155624
gsm8k,1,287,24.23356888903072
gsm8k,1,288,27.292629486996017
gsm8k,1,289,24.2968382408435
gsm8k,1,290,27.56696600772557
gsm8k,1,291,24.237781674379395
gsm8k,1,292,27.745322018745355
gsm8k,1,293,24.21283041985589
gsm8k,1,294,27.573238527111243
gsm8k,1,295,23.57906371126978
gsm8k,1,296,27.646105516434723
gsm8k,1,297,24.602299799846712
gsm8k,1,298,27.348567346052732
gsm8k,1,299,24.399577432632213
gsm8k,1,300,27.585137339139525
gsm8k,1,301,24.18785570989712
gsm8k,1,302,27.043220641151553
gsm8k,1,303,24.38910608907463
gsm8k,1,304,27.3947080677317
gsm8k,1,305,24.495254698491028
gsm8k,1,306,27.732468803151278
gsm8k,1,307,24.401034097536467
gsm8k,1,308,27.645043068332598
gsm8k,1,309,24.163957717910147
gsm8k,1,310,27.929035324632423
gsm8k,1,311,24.27919461332225
gsm8k,1,312,27.60504767217714
gsm8k,1,313,24.16124846058665
gsm8k,1,314,27.55063628865173
gsm8k,1,315,24.446590490697417
gsm8k,1,316,27.180107270396547
gsm8k,1,317,24.535689786400486
gsm8k,1,318,27.10787420544554
gsm8k,1,319,24.35322007740693
gsm8k,1,320,27.33555918894126
gsm8k,1,321,24.151291285414953
gsm8k,1,322,27.543724281713367
gsm8k,1,323,24.438638141873525
gsm8k,1,324,27.60592860795441
gsm8k,1,325,24.031665292568505
gsm8k,1,326,27.58995866315672
gsm8k,1,327,24.398777717578923
gsm8k,1,328,27.41313317528693
gsm8k,1,329,24.475385434925556
gsm8k,1,330,27.694407326634973
gsm8k,1,331,24.51784984441474
gsm8k,1,332,27.62416179639974
gsm8k,1,333,24.243048319191324
gsm8k,1,334,27.857306276104953
gsm8k,1,335,24.373078308044335
gsm8k,1,336,27.301033209369052
gsm8k,1,337,24.545188896358013
gsm8k,1,338,27.396537494496442
gsm8k,1,339,24.38366130081704
gsm8k,1,340,27.590043893724214
gsm8k,1,341,23.990033700101776
gsm8k,1,342,27.695574226105673
gsm8k,1,343,24.45472008548677
gsm8k,1,344,27.643886302069667
gsm8k,1,345,24.145135703870906
gsm8k,1,346,27.944371289777337
gsm8k,1,347,24.312259597975885
gsm8k,1,348,27.766712191333244
gsm8k,1,349,24.656430970935617
gsm8k,1,350,27.546139315716804
gsm8k,1,351,24.341432499654946
gsm8k,1,352,27.267934838164365
gsm8k,1,353,24.079403221549
gsm8k,1,354,27.4060973097221
gsm8k,1,355,24.32676888329078
gsm8k,1,356,27.23608368949238
gsm8k,1,357,24.035374583036173
gsm8k,1,358,27.479862592493493
gsm8k,1,359,24.35719245841028
gsm8k,1,360,27.509397726993416
gsm8k,1,361,24.511314015398966
gsm8k,1,362,27.900977820536355
gsm8k,1,363,24.46145235444419
gsm8k,1,364,27.630953352959935
gsm8k,1,365,24.15458866535059
gsm8k,1,366,27.239855493330424
gsm8k,1,367,24.399664038355695
gsm8k,1,368,26.94190888002783
gsm8k,1,369,24.207755323004676
gsm8k,1,370,27.411727148941473
gsm8k,1,371,24.472052085911855
gsm8k,1,372,27.432031413489902
gsm8k,1,373,24.523637778897825
gsm8k,1,374,27.67300648728804
gsm8k,1,375,24.292736273744833
gsm8k,1,376,27.739245160773862
gsm8k,1,377,24.72759822558146
gsm8k,1,378,27.774138628242753
gsm8k,1,379,24.30850520936979
gsm8k,1,380,27.71650836439221
gsm8k,1,381,24.09228446049383
gsm8k,1,382,27.265804160842784
gsm8k,1,383,24.466176590067334
gsm8k,1,384,27.742324960854603
gsm8k,1,385,24.033000172494212
gsm8k,1,386,27.408217411844973
gsm8k,1,387,24.214220912350964
gsm8k,1,388,27.333003738538814
gsm8k,1,389,24.544000458263326
gsm8k,1,390,27.781683744655716
gsm8k,1,391,24.396916745899944
gsm8k,1,392,27.895345534489024
gsm8k,1,393,24.547018751036376
gsm8k,1,394,27.66303332100506
gsm8k,1,395,24.413893439486856
gsm8k,1,396,27.785120278919543
gsm8k,1,397,23.884699491184975
gsm8k,1,398,27.510289732163073
gsm8k,1,399,24.255172633718995
gsm8k,1,400,27.73469287447285
gsm8k,1,401,24.35432295558084
gsm8k,1,402,27.711833521607332
gsm8k,1,403,24.442534791887738
gsm8k,1,404,27.65660528166336
gsm8k,1,405,24.679785736225313
gsm8k,1,406,28.042923298926326
gsm8k,1,407,24.441082125122193
gsm8k,1,408,27.880097451998154
gsm8k,1,409,23.99922222321038
gsm8k,1,410,27.956487403571373
gsm8k,1,411,24.35683736257488
gsm8k,1,412,27.777572796635685
gsm8k,1,413,24.07488998869667
gsm8k,1,414,27.664513675251392
gsm8k,1,415,24.363717464439105
gsm8k,1,416,27.333257519785548
gsm8k,1,417,24.15467138052918
gsm8k,1,418,27.440200286946492
gsm8k,1,419,24.452227455185493
gsm8k,1,420,27.39252812941285
gsm8k,1,421,24.588869346189313
gsm8k,1,422,27.62345571318292
gsm8k,1,423,24.479274903569603
gsm8k,1,424,27.79792418004945
gsm8k,1,425,24.113712439429946
gsm8k,1,426,27.627644359867656
gsm8k,1,427,24.48670028024935
gsm8k,1,428,27.699750105966814
gsm8k,1,429,24.240414086746945
gsm8k,1,430,27.43643889112807
gsm8k,1,431,24.35435744933784
gsm8k,1,432,27.91004755636095
gsm8k,1,433,24.631564956507646
gsm8k,1,434,27.25831387579092
gsm8k,1,435,24.303508972648732
gsm8k,1,436,27.290263509188417
gsm8k,1,437,23.859269354337204
gsm8k,1,438,27.57697899505729
gsm8k,1,439,24.482028817146784
gsm8k,1,440,27.546975106815808
gsm8k,1,441,24.449011336400872
gsm8k,1,442,27.761893335991772
gsm8k,1,443,24.44568234932376
gsm8k,1,444,27.819777256809175
gsm8k,1,445,24.473632478475338
gsm8k,1,446,27.788544532086235
gsm8k,1,447,24.357066414243466
gsm8k,1,448,27.807419315649895
gsm8k,1,449,23.84524237959809
gsm8k,1,450,27.862399110745173
gsm8k,1,451,24.428527929558186
gsm8k,1,452,27.236836602241965
gsm8k,1,453,24.338700670341495
gsm8k,1,454,27.245567240691805
gsm8k,1,455,24.451043318549637
gsm8k,1,456,27.462962938443525
gsm8k,1,457,24.614315949293086
gsm8k,1,458,27.72399265549879
gsm8k,1,459,24.487109909387073
gsm8k,1,460,27.65391653520055
gsm8k,1,461,23.829046859348242
gsm8k,1,462,27.7618368211038
gsm8k,1,463,24.224787195389336
gsm8k,1,464,27.67668151193195
gsm8k,1,465,24.520262173609808
gsm8k,1,466,27.490038963151164
gsm8k,1,467,24.412531147390837
gsm8k,1,468,27.777502436947543
gsm8k,1,469,24.42005149154495
gsm8k,1,470,27.561512204556493
gsm8k,1,471,24.426327785477042
gsm8k,1,472,26.970250985952987
gsm8k,1,473,24.077573747490533
gsm8k,1,474,27.651809728151914
gsm8k,1,475,24.312399472896153
gsm8k,1,476,27.533850406978242
gsm8k,1,477,24.162694498954806
gsm8k,1,478,27.60907161173415
gsm8k,1,479,24.5122038104455
gsm8k,1,480,27.38538659104961
gsm8k,1,481,24.559405685753607
gsm8k,1,482,27.69338920997042
gsm8k,1,483,24.482971650286345
gsm8k,1,484,27.84441490765921
gsm8k,1,485,24.041891969110242
gsm8k,1,486,27.41029104349059
gsm8k,1,487,24.487402846716577
gsm8k,1,488,27.469301997916773
gsm8k,1,489,24.363202910246766
gsm8k,1,490,27.58701422354045
gsm8k,1,491,23.678575926037
gsm8k,1,492,27.131378903227336
gsm8k,1,493,24.668484500580234
gsm8k,1,494,27.800396594102494
gsm8k,1,495,23.86382799799162
gsm8k,1,496,27.831354062072933
gsm8k,1,497,24.502190063923155
gsm8k,1,498,27.79376903762583
gsm8k,1,499,24.480707761540543
gsm8k,1,500,27.742041485907976
gsm8k,1,501,24.171248351194663
gsm8k,1,502,27.32686781470316
gsm8k,1,503,24.12209574080934
gsm8k,1,504,27.852566752699204
gsm8k,1,505,24.46651652280707
gsm8k,1,506,27.511209728462354
gsm8k,1,507,23.958595097064972
gsm8k,1,508,27.86228677359759
gsm8k,1,509,24.55309731521993
gsm8k,1,510,27.86514373292448
gsm8k,1,511,24.171312950406367
gsm8k,1,512,27.59019403193874
gsm8k,1,513,23.888568597612903
gsm8k,1,514,27.662726680292245
gsm8k,1,515,23.9356286401744
gsm8k,1,516,27.62571285376374
gsm8k,1,517,24.42745376014855
gsm8k,1,518,27.19188616174506
gsm8k,1,519,24.038141567466987
gsm8k,1,520,25.602583178972946
gsm8k,1,521,24.67184826673474
gsm8k,1,522,27.45711913667037
gsm8k,1,523,24.19309549769687
gsm8k,1,524,27.602414589193536
gsm8k,1,525,24.10507761669578
gsm8k,1,526,27.745254246838158
gsm8k,1,527,23.82664681863389
gsm8k,1,528,27.703832452971255
gsm8k,1,529,24.339138210052624
gsm8k,1,530,27.838379806780722
gsm8k,1,531,23.960033344574335
gsm8k,1,532,27.673403477820102
gsm8k,1,533,24.632386899611447
gsm8k,1,534,27.686607365467353
gsm8k,1,535,24.241915958087226
gsm8k,1,536,27.569466048762912
gsm8k,1,537,23.959112677134964
gsm8k,1,538,27.633731869891996
gsm8k,1,539,23.667727888096124
gsm8k,1,540,27.698021087417146
gsm8k,1,541,24.227761201473186
gsm8k,1,542,27.391511411087155
gsm8k,1,543,24.050154010480156
gsm8k,1,544,27.624854467540366
gsm8k,1,545,24.46712757738536
gsm8k,1,546,27.79250220191898
gsm8k,1,547,24.283488754692495
gsm8k,1,548,27.71577352209936
gsm8k,1,549,24.11052689058124
gsm8k,1,550,27.686567067576107
gsm8k,1,551,23.82089279126376
gsm8k,1,552,27.76274895586539
gsm8k,1,553,24.32740392556431
gsm8k,1,554,27.665922050800873
gsm8k,1,555,23.77585569356984
gsm8k,1,556,27.5465686826956
gsm8k,1,557,24.46859402825003
gsm8k,1,558,27.130584094535422
gsm8k,1,559,24.09909050461025
gsm8k,1,560,27.624769942474224
gsm8k,1,561,24.023406956985127
gsm8k,1,562,27.8280175771215
gsm8k,1,563,23.741647932183696
gsm8k,1,564,27.839796737680444
gsm8k,1,565,24.325271065127318
gsm8k,1,566,27.88652733579511
gsm8k,1,567,23.945209867365303
gsm8k,1,568,27.712049097317504
gsm8k,1,569,24.55065544113837
gsm8k,1,570,27.84131914449972
gsm8k,1,571,24.227469228208065
gsm8k,1,572,27.853102972585475
gsm8k,1,573,24.182864588407263
gsm8k,1,574,27.35450289401342
gsm8k,1,575,23.89916649190127
gsm8k,1,576,27.79626445044414
gsm8k,1,577,24.681060211150907
gsm8k,1,578,27.371228828418012
gsm8k,1,579,24.12162049693036
gsm8k,1,580,27.806427508039633
gsm8k,1,581,23.992674038887806
gsm8k,1,582,27.60028275976873
gsm8k,1,583,23.46756657246839
gsm8k,1,584,27.68817161631887
gsm8k,1,585,24.275294850667706
gsm8k,1,586,27.708236550097354
gsm8k,1,587,23.95033480206621
gsm8k,1,588,27.54835913114193
gsm8k,1,589,24.63785308646038
gsm8k,1,590,26.78549512347672
gsm8k,1,591,24.434521688817767
gsm8k,1,592,27.18616493914022
gsm8k,1,593,24.69232941439259
gsm8k,1,594,27.20579626839026
gsm8k,1,595,23.72669946417769
gsm8k,1,596,27.77098463047878
gsm8k,1,597,24.080196486465866
gsm8k,1,598,27.482208406581776
gsm8k,1,599,24.193430810555583
gsm8k,1,600,27.736766803532074
gsm8k,1,601,24.48786928289337
gsm8k,1,602,27.68243688842631
gsm8k,1,603,24.42339686967898
gsm8k,1,604,27.584154048542445
gsm8k,1,605,24.61725472312537
gsm8k,1,606,27.96732314163819
gsm8k,1,607,23.706039748503827
gsm8k,1,608,27.709286150638945
gsm8k,1,609,23.91705749163387
gsm8k,1,610,27.917735744267702
gsm8k,1,611,23.93252346519148
gsm8k,1,612,27.84949757551658
gsm8k,1,613,24.37480508039395
gsm8k,1,614,27.521024476300227
gsm8k,1,615,24.40087435024907
gsm8k,1,616,27.68931865811031
gsm8k,1,617,24.359547599322266
gsm8k,1,618,27.626336028333753
gsm8k,1,619,24.34583107630412
gsm8k,1,620,27.48254779726267
gsm8k,1,621,24.039118511087082
gsm8k,1,622,27.757865103922086
gsm8k,1,623,24.13270487610636
gsm8k,1,624,27.818309588794502
gsm8k,1,625,24.494347316341116
gsm8k,1,626,27.87774061653181
gsm8k,1,627,24.23662589624142
gsm8k,1,628,27.715775499842604
gsm8k,1,629,23.962383544130716
gsm8k,1,630,27.78473570577654
gsm8k,1,631,23.88060978046269
gsm8k,1,632,27.392720030583884
gsm8k,1,633,24.29832471170812
gsm8k,1,634,27.529767559220392
gsm8k,1,635,24.23701950465329
gsm8k,1,636,27.676005571265705
gsm8k,1,637,24.511550839703816
gsm8k,1,638,27.50576433754759
gsm8k,1,639,24.159237873860665
gsm8k,1,640,27.911902929190546
gsm8k,1,641,23.983886458154302
gsm8k,1,642,27.386141249735374
gsm8k,1,643,23.699317919339407
gsm8k,1,644,27.815114925033413
gsm8k,1,645,24.24927365114504
gsm8k,1,646,27.837597521283897
gsm8k,1,647,24.32154634880135
gsm8k,1,648,27.454755434969275
gsm8k,1,649,24.62530833145138
gsm8k,1,650,27.21648615261074
gsm8k,1,651,23.849605734089042
gsm8k,1,652,27.817606809549034
gsm8k,1,653,24.05605286548962
gsm8k,1,654,27.51144199013835
gsm8k,1,655,24.00107428765119
gsm8k,1,656,27.831616090297434
gsm8k,1,657,24.215673500293633
gsm8k,1,658,27.86562903202139
gsm8k,1,659,24.072922202321934
gsm8k,1,660,27.93173719328479
gsm8k,1,661,24.31365867354432
gsm8k,1,662,27.87065738448291
gsm8k,1,663,23.80934746543062
gsm8k,1,664,27.764667122971012
gsm8k,1,665,24.67459327195801
gsm8k,1,666,27.71324579589418
gsm8k,1,667,24.259623644000666
gsm8k,1,668,27.779271445152435
gsm8k,1,669,24.29743423272157
gsm8k,1,670,28.53158198371036
gsm8k,1,671,24.34966956207063
gsm8k,1,672,28.013984912831802
gsm8k,1,673,24.432417775529462
gsm8k,1,674,27.756651194067672
gsm8k,1,675,23.792717125616036
gsm8k,1,676,27.535660228750203
gsm8k,1,677,24.543920349766754
gsm8k,1,678,27.629056487478746
gsm8k,1,679,24.199790653905698
gsm8k,1,680,27.360198532241856
gsm8k,1,681,24.424525778158568
gsm8k,1,682,27.2085613978561
gsm8k,1,683,24.3362215187517
gsm8k,1,684,27.757806680621762
gsm8k,1,685,24.583468749004556
gsm8k,1,686,27.593730201434557
gsm8k,1,687,23.696233842201764
gsm8k,1,688,27.829927661514375
gsm8k,1,689,24.675193159055198
gsm8k,1,690,27.28398345061578
gsm8k,1,691,24.02225005062064
gsm8k,1,692,27.58331544828252
gsm8k,1,693,24.38792863904382
gsm8k,1,694,27.513214235026467
gsm8k,1,695,24.183230301430775
gsm8k,1,696,27.691080471413443
gsm8k,1,697,24.46353408854966
gsm8k,1,698,27.483538473461522
gsm8k,1,699,23.71111524820178
gsm8k,1,700,27.740151814214187
gsm8k,1,701,24.69995667343028
gsm8k,1,702,27.52294624224305
gsm8k,1,703,24.220616163802333
gsm8k,1,704,27.651090789586306
gsm8k,1,705,24.573393487371504
gsm8k,1,706,27.579797083112204
gsm8k,1,707,23.672172777878586
gsm8k,1,708,27.58237816776861
gsm8k,1,709,24.63666094990913
gsm8k,1,710,27.400889161071973
gsm8k,1,711,23.733829311822774
gsm8k,1,712,27.79364002708462
gsm8k,1,713,24.570487333532377
gsm8k,1,714,28.028606677253265
gsm8k,1,715,24.25022369781771
gsm8k,1,716,27.85011147352634
gsm8k,1,717,24.51253531730745
gsm8k,1,718,28.079195144528057
gsm8k,1,719,24.299146629303518
gsm8k,1,720,27.656591642094224
gsm8k,1,721,24.700717953237472
gsm8k,1,722,28.03797214437509
gsm8k,1,723,24.109314298301793
gsm8k,1,724,27.704343458026415
gsm8k,1,725,24.636747821520164
gsm8k,1,726,27.977478202956263
gsm8k,1,727,24.344353932974627
gsm8k,1,728,27.731406829843763
gsm8k,1,729,24.48627607373055
gsm8k,1,730,27.96386615658293
gsm8k,1,731,23.660982045839773
gsm8k,1,732,27.803133150882786
gsm8k,1,733,24.29319988493319
gsm8k,1,734,27.43530694351648
gsm8k,1,735,24.191673863242613
gsm8k,1,736,27.653032859552255
gsm8k,1,737,24.950787621492054
gsm8k,1,738,27.42849622882204
gsm8k,1,739,24.05306231958093
gsm8k,1,740,27.639123210974503
gsm8k,1,741,24.157004084019942
gsm8k,1,742,27.246430359809892
gsm8k,1,743,24.352959073439706
gsm8k,1,744,27.622780766733715
gsm8k,1,745,24.124255985952914
gsm8k,1,746,27.540184535610024
gsm8k,1,747,24.03760910858207
gsm8k,1,748,27.685391887644073
gsm8k,1,749,23.9605611677689
gsm8k,1,750,27.460362725832965
gsm8k,1,751,23.993370661628433
gsm8k,1,752,27.640206911941853
gsm8k,1,753,24.090421316791172
gsm8k,1,754,27.39596812534728
gsm8k,1,755,24.246016154304527
gsm8k,1,756,27.6288134174738
gsm8k,1,757,24.631309366668575
gsm8k,1,758,27.196303341894392
gsm8k,1,759,23.976443150949073
gsm8k,1,760,27.741048979805782
gsm8k,1,761,24.681311806489248
gsm8k,1,762,27.726062399645645
gsm8k,1,763,24.36831684099161
gsm8k,1,764,27.687278335049218
gsm8k,1,765,24.099230722887285
gsm8k,1,766,27.548880455535404
gsm8k,1,767,23.6049235458552
gsm8k,1,768,27.786970505985664
gsm8k,1,769,24.565562220232096
gsm8k,1,770,27.69040864222916
gsm8k,1,771,24.004872164368862
gsm8k,1,772,27.59499523256506
gsm8k,1,773,24.607624620996386
gsm8k,1,774,27.47873363114195
gsm8k,1,775,23.96182830631733
gsm8k,1,776,27.57483028313693
gsm8k,1,777,24.112812170642428
gsm8k,1,778,27.641978467727313
gsm8k,1,779,23.978900488145882
gsm8k,1,780,27.913032510696212
gsm8k,1,781,24.38775276823435
gsm8k,1,782,27.476971736177802
gsm8k,1,783,24.069368322670925
gsm8k,1,784,27.834427033667453
gsm8k,1,785,24.616090824565617
gsm8k,1,786,27.019767268939177
gsm8k,1,787,24.416272375674453
gsm8k,1,788,27.528819369736816
gsm8k,1,789,24.077491878415458
gsm8k,1,790,27.359945048374357
gsm8k,1,791,24.37369436302106
gsm8k,1,792,27.61750908720554
gsm8k,1,793,24.103136427584104
gsm8k,1,794,27.302508409458984
gsm8k,1,795,23.875704954442536
gsm8k,1,796,27.724112384021282
gsm8k,1,797,24.429695605899074
gsm8k,1,798,27.481511900987243
gsm8k,1,799,24.250588302190106
gsm8k,1,800,27.609521396119487
gsm8k,1,801,24.46703459645505
gsm8k,1,802,27.617223509878386
gsm8k,1,803,23.852604426792823
gsm8k,1,804,27.763376525399508
gsm8k,1,805,24.289524655972347
gsm8k,1,806,27.015407944418257
gsm8k,1,807,23.75528513584868
gsm8k,1,808,27.72730232027243
gsm8k,1,809,24.540740752854617
gsm8k,1,810,27.363551711459877
gsm8k,1,811,24.004790639760447
gsm8k,1,812,27.82283526903484
gsm8k,1,813,24.42503085694625
gsm8k,1,814,27.57185493464931
gsm8k,1,815,24.3922075133014
gsm8k,1,816,27.09576772498106
gsm8k,1,817,24.360984305922802
gsm8k,1,818,27.902162491955096
gsm8k,1,819,23.62896248090024
gsm8k,1,820,27.787095561507158
gsm8k,1,821,24.750436503381934
gsm8k,1,822,27.649089777247703
gsm8k,1,823,24.23305004411399
gsm8k,1,824,27.692146726690655
gsm8k,1,825,24.45919459569268
gsm8k,1,826,27.33212710567275
gsm8k,1,827,24.387251778534846
gsm8k,1,828,27.236340989669163
gsm8k,1,829,24.537973273254465
gsm8k,1,830,27.38560693251202
gsm8k,1,831,23.781342242727987
gsm8k,1,832,27.614683494903147
gsm8k,1,833,24.746848386712372
gsm8k,1,834,27.522698263055645
gsm8k,1,835,23.814346313884016
gsm8k,1,836,27.768517418735428
gsm8k,1,837,24.577533517003758
gsm8k,1,838,27.28756988987261
gsm8k,1,839,24.41718094269163
gsm8k,1,840,27.322300567902857
gsm8k,1,841,24.249564020082037
gsm8k,1,842,27.175284397584953
gsm8k,1,843,24.3685708483099
gsm8k,1,844,27.358602641470497
gsm8k,1,845,24.53688199966564
gsm8k,1,846,27.843804615258705
gsm8k,1,847,23.82885800761869
gsm8k,1,848,27.509698968060547
gsm8k,1,849,24.578722573058332
gsm8k,1,850,27.80236840771977
gsm8k,1,851,24.31288710908919
gsm8k,1,852,27.849179761687992
gsm8k,1,853,24.29545769725135
gsm8k,1,854,27.276152602294417
gsm8k,1,855,23.715046128927497
gsm8k,1,856,27.87465379878995
gsm8k,1,857,24.408998853731447
gsm8k,1,858,27.466340507089626
gsm8k,1,859,23.937615918839583
gsm8k,1,860,27.6462793990504
gsm8k,1,861,24.692446146218572
gsm8k,1,862,27.511200154549442
gsm8k,1,863,24.148597665948838
gsm8k,1,864,27.367928978492273
gsm8k,1,865,24.278034343296895
gsm8k,1,866,27.718202931282576
gsm8k,1,867,24.31958633153428
gsm8k,1,868,27.50721343715365
gsm8k,1,869,24.3691533350864
gsm8k,1,870,27.868909914104734
gsm8k,1,871,23.902096349047497
gsm8k,1,872,27.93089413898997
gsm8k,1,873,24.38290865501817
gsm8k,1,874,27.421129104914144
gsm8k,1,875,24.19092088896136
gsm8k,1,876,27.91269778026617
gsm8k,1,877,24.403871877439087
gsm8k,1,878,27.416630340139232
gsm8k,1,879,23.682694369199453
gsm8k,1,880,27.319760076352395
gsm8k,1,881,24.616464088467183
gsm8k,1,882,27.396141365898075
gsm8k,1,883,23.891175609605853
gsm8k,1,884,27.500826963813793
gsm8k,1,885,24.588640654440393
gsm8k,1,886,27.665260418871185
gsm8k,1,887,24.298766078572953
gsm8k,1,888,27.57646958063166
gsm8k,1,889,24.430935347481864
gsm8k,1,890,27.048343188653234
gsm8k,1,891,23.65280896628974
gsm8k,1,892,27.344648518919712
gsm8k,1,893,24.623435127603656
gsm8k,1,894,27.138120552990586
gsm8k,1,895,23.918468245045023
gsm8k,1,896,27.46270710208233
gsm8k,1,897,24.217145579314092
gsm8k,1,898,27.404292737628566
gsm8k,1,899,24.24990483804753
gsm8k,1,900,27.770317374233855
gsm8k,1,901,24.294959024700802
gsm8k,1,902,27.591797457920894
gsm8k,1,903,23.770815478201257
gsm8k,1,904,27.776211920253775
gsm8k,1,905,24.200739342632005
gsm8k,1,906,27.708733243343886
gsm8k,1,907,24.22713737228307
gsm8k,1,908,27.072867926903616
gsm8k,1,909,24.230561044532806
gsm8k,1,910,27.639251788059482
gsm8k,1,911,23.642638902187592
gsm8k,1,912,27.434694855730598
gsm8k,1,913,24.13689536115271
gsm8k,1,914,27.218056209385395
gsm8k,1,915,24.002800221695047
gsm8k,1,916,27.728721648600185
gsm8k,1,917,24.423873556467395
gsm8k,1,918,27.539555692767845
gsm8k,1,919,24.44615230342606
gsm8k,1,920,27.92430934641743
gsm8k,1,921,24.569223413552937
gsm8k,1,922,24.322956143545785
gsm8k,1,923,23.891240594821284
gsm8k,1,924,27.931854136113543
gsm8k,1,925,24.40219860363868
gsm8k,1,926,27.420169084507506
gsm8k,1,927,24.054768287896877
gsm8k,1,928,27.15125883332803
gsm8k,1,929,24.639917275635526
gsm8k,1,930,27.006738403967272
gsm8k,1,931,24.33953821309842
gsm8k,1,932,27.388129514292814
gsm8k,1,933,24.71328346415403
gsm8k,1,934,23.66586120115244
gsm8k,1,935,23.705943654931616
gsm8k,1,936,27.625319940852933
gsm8k,1,937,24.28161439456744
gsm8k,1,938,23.95550200526486
gsm8k,1,939,23.86670705891447
gsm8k,1,940,27.726399999664864
gsm8k,1,941,24.571614743763348
gsm8k,1,942,23.900947478978196
gsm8k,1,943,24.15521034708945
gsm8k,1,944,27.621374822047073
gsm8k,1,945,24.672850140632363
gsm8k,1,946,25.400475013591006
gsm8k,1,947,24.21558127858706
gsm8k,1,948,27.39201112126466
gsm8k,1,949,24.08134695724584
gsm8k,1,950,27.319473432726227
gsm8k,1,951,24.018593430810142
gsm8k,1,952,27.274507465335773
gsm8k,1,953,24.28547909221379
gsm8k,1,954,26.034847247501602
gsm8k,1,955,24.402172821282875
gsm8k,1,956,27.598572822171263
gsm8k,1,957,24.58658689676329
gsm8k,1,958,23.62633980333041
gsm8k,1,959,24.203863617003663
gsm8k,1,960,27.9057365769404
gsm8k,1,961,24.620006936219866
gsm8k,1,962,23.90560941713736
gsm8k,1,963,23.852407754020533
gsm8k,1,964,27.814538810306633
gsm8k,1,965,24.218963928433368
gsm8k,1,966,23.578947788337246
gsm8k,1,967,24.282839622173924
gsm8k,1,968,28.021486119541805
gsm8k,1,969,24.15729879794526
gsm8k,1,970,23.64239968479641
gsm8k,1,971,24.363892217792692
gsm8k,1,972,27.51929911755724
gsm8k,1,973,24.537640262860805
gsm8k,1,974,23.92472858939852
gsm8k,1,975,23.725392031337833
gsm8k,1,976,27.72231092239963
gsm8k,1,977,24.19354219944412
gsm8k,1,978,23.606931862657163
gsm8k,1,979,24.177252638764912
gsm8k,1,980,27.80264780363616
gsm8k,1,981,24.426625588343345
gsm8k,1,982,24.10555982714868
gsm8k,1,983,24.138621181065652
gsm8k,1,984,27.922825818677666
gsm8k,1,985,24.540536672524784
gsm8k,1,986,24.06979922670871
gsm8k,1,987,23.88400690324488
gsm8k,1,988,27.305819179521375
gsm8k,1,989,24.205658643040806
gsm8k,1,990,23.65369246035698
gsm8k,1,991,24.122813054418657
gsm8k,1,992,27.21242176994565
gsm8k,1,993,24.235235650849063
gsm8k,1,994,23.742820230836514
gsm8k,1,995,24.387031804508297
gsm8k,1,996,27.54464457029826
gsm8k,1,997,24.758529849350452
gsm8k,1,998,23.891755736258347
gsm8k,1,999,24.36880616733106
gsm8k,1,1000,27.818359616503585
gsm8k,1,1001,24.261312693852233
gsm8k,1,1002,23.964369859784206
gsm8k,1,1003,23.84791236181627
gsm8k,1,1004,27.864519135619048
gsm8k,1,1005,24.417421445832588
gsm8k,1,1006,23.779101982654538
gsm8k,1,1007,24.259750167594145
gsm8k,1,1008,27.970702005404746
gsm8k,1,1009,24.647933911182918
gsm8k,1,1010,23.976488042535493
gsm8k,1,1011,24.442457164695952
gsm8k,1,1012,27.376783757063095
gsm8k,1,1013,24.753064502874622
gsm8k,1,1014,24.025335871556308
gsm8k,1,1015,23.52245032787323
gsm8k,1,1016,27.539076883840607
gsm8k,1,1017,24.335497349966317
gsm8k,1,1018,23.516127780238364
gsm8k,1,1019,24.142280126397964
gsm8k,1,1020,27.63407763515441
gsm8k,1,1021,24.506539491994772
gsm8k,1,1022,24.010839242691873
gsm8k,1,1023,24.200290216530643
gsm8k,1,1024,27.890174536878476
gsm8k,1,1025,24.5546579863003
gsm8k,1,1026,23.976168715307722
gsm8k,1,1027,23.90730574049733
gsm8k,1,1028,27.51904276010464
gsm8k,1,1029,24.630204767163377
gsm8k,1,1030,23.67454992054263
gsm8k,1,1031,24.35637508824584
gsm8k,1,1032,27.401727420510724
gsm8k,1,1033,24.14135257640737
gsm8k,1,1034,23.747939310435736
gsm8k,1,1035,24.492402244504774
gsm8k,1,1036,27.630499989530186
gsm8k,1,1037,24.358104885322973
gsm8k,1,1038,23.49528508784715
gsm8k,1,1039,23.697606211499078
gsm8k,1,1040,27.872450158611173
gsm8k,1,1041,24.605137421749532
gsm8k,1,1042,24.0298420903855
gsm8k,1,1043,23.83702246434226
gsm8k,1,1044,27.166726271271223
gsm8k,1,1045,24.04906008814578
gsm8k,1,1046,23.60480612333049
gsm8k,1,1047,24.418430581135908
gsm8k,1,1048,27.488852920214413
gsm8k,1,1049,24.267561366962912
gsm8k,1,1050,23.95617782944039
gsm8k,1,1051,24.13905808274751
gsm8k,1,1052,27.572474745198043
gsm8k,1,1053,24.645970195677936
gsm8k,1,1054,23.538725873610627
gsm8k,1,1055,23.874114625729046
gsm8k,1,1056,27.957296191743808
gsm8k,1,1057,23.979650867470312
gsm8k,1,1058,23.81593204336241
gsm8k,1,1059,24.274244054970218
gsm8k,1,1060,27.860746788064716
gsm8k,1,1061,24.290315982956095
gsm8k,1,1062,23.894181198556907
gsm8k,1,1063,23.734475813398603
gsm8k,1,1064,27.83425631787395
gsm8k,1,1065,24.032405945383438
gsm8k,1,1066,23.939144553878577
gsm8k,1,1067,24.14354605207336
gsm8k,1,1068,27.258913629339077
gsm8k,1,1069,24.05616098774537
gsm8k,1,1070,23.655275486817118
gsm8k,1,1071,24.42374285601545
gsm8k,1,1072,27.471363897348056
gsm8k,1,1073,24.47072445283993
gsm8k,1,1074,24.02345870359568
gsm8k,1,1075,23.81392282768502
gsm8k,1,1076,27.614957361947745
gsm8k,1,1077,24.737819796428084
gsm8k,1,1078,24.048289211350493
gsm8k,1,1079,23.821850441891
gsm8k,1,1080,27.502573608217062
gsm8k,1,1081,24.54739277837453
gsm8k,1,1082,23.49865397263784
gsm8k,1,1083,24.293709597259294
gsm8k,1,1084,27.407262234191876
gsm8k,1,1085,24.36049253221869
gsm8k,1,1086,23.784630568115972
gsm8k,1,1087,23.834733739931835
gsm8k,1,1088,27.35200005918159
gsm8k,1,1089,24.640347831314656
gsm8k,1,1090,24.042025310336612
gsm8k,1,1091,23.85022949154784
gsm8k,1,1092,27.49708189367084
gsm8k,1,1093,24.20142898336053
gsm8k,1,1094,24.08916577041964
gsm8k,1,1095,24.238464910013136
gsm8k,1,1096,27.614672180789057
gsm8k,1,1097,24.208933326008264
gsm8k,1,1098,23.695076672503582
gsm8k,1,1099,24.328753432200756
gsm8k,1,1100,27.702708372930488
gsm8k,1,1101,24.094975298447977
gsm8k,1,1102,24.093051222735085
gsm8k,1,1103,23.706614287220873
gsm8k,1,1104,27.692560765256243
gsm8k,1,1105,24.06661287386669
gsm8k,1,1106,23.90250405777648
gsm8k,1,1107,23.914202818559716
gsm8k,1,1108,27.694465691280186
gsm8k,1,1109,24.1593439677672
gsm8k,1,1110,23.790692845068406
gsm8k,1,1111,24.266161985935703
gsm8k,1,1112,27.773467689167617
gsm8k,1,1113,24.594549716300804
gsm8k,1,1114,23.918524233613933
gsm8k,1,1115,23.56275161770404
gsm8k,1,1116,27.26517075842077
gsm8k,1,1117,24.038184471762502
gsm8k,1,1118,23.379636069876142
gsm8k,1,1119,24.00839710389846
gsm8k,1,1120,27.7132570190588
gsm8k,1,1121,24.351136231416604
gsm8k,1,1122,23.929008577397326
gsm8k,1,1123,24.36795463290764
gsm8k,1,1124,27.78145833144663
gsm8k,1,1125,24.404380239744103
gsm8k,1,1126,23.96585308451904
gsm8k,1,1127,24.436444939055946
gsm8k,1,1128,27.341305038135033
gsm8k,1,1129,24.12893809378147
gsm8k,1,1130,23.934410983201815
gsm8k,1,1131,23.879403779574204
gsm8k,1,1132,27.276933378743706
gsm8k,1,1133,24.292487283673836
gsm8k,1,1134,23.66506596808904
gsm8k,1,1135,23.73543453026325
gsm8k,1,1136,27.513681057219703
gsm8k,1,1137,24.513119085895596
gsm8k,1,1138,24.023512145504355
gsm8k,1,1139,24.53611753662699
gsm8k,1,1140,27.88321752086631
gsm8k,1,1141,24.625582409498747
gsm8k,1,1142,23.28912782104453
gsm8k,1,1143,23.76679056463963
gsm8k,1,1144,27.92973666873877
gsm8k,1,1145,24.042726781772217
gsm8k,1,1146,23.543774927042517
gsm8k,1,1147,24.302648820594186
gsm8k,1,1148,27.71390598713302
gsm8k,1,1149,24.370028118251778
gsm8k,1,1150,23.869550924886155
gsm8k,1,1151,24.309724256271075
gsm8k,1,1152,27.66908338526264
gsm8k,1,1153,24.69080097580445
gsm8k,1,1154,23.39286055437654
gsm8k,1,1155,23.67518303033553
gsm8k,1,1156,27.833817796291488
gsm8k,1,1157,24.149410885002
gsm8k,1,1158,23.938448739500018
gsm8k,1,1159,23.850871115428163
gsm8k,1,1160,27.2511513158679
gsm8k,1,1161,24.20927627099445
gsm8k,1,1162,23.987507839736185
gsm8k,1,1163,23.754977596368878
gsm8k,1,1164,27.408314414060442
gsm8k,1,1165,24.729041961109033
gsm8k,1,1166,23.870502081990708
gsm8k,1,1167,23.72299043109288
gsm8k,1,1168,27.674353106704075
gsm8k,1,1169,24.764631529251346
gsm8k,1,1170,23.948363479576074
gsm8k,1,1171,24.317423209140543
gsm8k,1,1172,27.54224484306178
gsm8k,1,1173,24.277194192109164
gsm8k,1,1174,24.12155179263209
gsm8k,1,1175,23.74130465250346
gsm8k,1,1176,27.649065294099273
gsm8k,1,1177,24.389077274852706
gsm8k,1,1178,23.625987926619008
gsm8k,1,1179,23.715956092928536
gsm8k,1,1180,27.800807663879823
gsm8k,1,1181,24.764501864410704
gsm8k,1,1182,23.868758195021655
gsm8k,1,1183,23.82283689075848
gsm8k,1,1184,27.509988017419246
gsm8k,1,1185,24.118053686834173
gsm8k,1,1186,23.494996341239464
gsm8k,1,1187,23.705107956629945
gsm8k,1,1188,27.300912443024572
gsm8k,1,1189,23.951977544095158
gsm8k,1,1190,24.068087132036453
gsm8k,1,1191,23.583857042683384
gsm8k,1,1192,27.476371802289837
gsm8k,1,1193,24.212001968408003
gsm8k,1,1194,24.0987894820079
gsm8k,1,1195,23.726716644887347
gsm8k,1,1196,27.701919519678686
gsm8k,1,1197,24.086178123980062
gsm8k,1,1198,23.739342592307366
gsm8k,1,1199,24.465079983201576
gsm8k,1,1200,27.76851737233874
gsm8k,1,1201,24.398760051553836
gsm8k,1,1202,23.93681578905671
gsm8k,1,1203,23.897189334093127
gsm8k,1,1204,27.324546193995047
gsm8k,1,1205,24.748797484789975
gsm8k,1,1206,23.93332125575398
gsm8k,1,1207,23.93989269317032
gsm8k,1,1208,27.475675975919263
gsm8k,1,1209,24.74638554849662
gsm8k,1,1210,23.851731972654864
gsm8k,1,1211,24.347472779481905
gsm8k,1,1212,27.471082332340302
gsm8k,1,1213,24.173088731913595
gsm8k,1,1214,23.569212326955082
gsm8k,1,1215,23.732003002805868
gsm8k,1,1216,27.416377579356777
gsm8k,1,1217,24.52969230216695
gsm8k,1,1218,24.075857574644033
gsm8k,1,1219,23.92014546903095
gsm8k,1,1220,27.83806282604928
gsm8k,1,1221,24.392256976671195
gsm8k,1,1222,23.961255657879345
gsm8k,1,1223,24.165241839180116
gsm8k,1,1224,27.10876761652205
gsm8k,1,1225,24.177659252018202
gsm8k,1,1226,23.925911278638523
gsm8k,1,1227,23.63207690617062
gsm8k,1,1228,27.772265100793447
gsm8k,1,1229,24.46130822180759
gsm8k,1,1230,24.16051876571146
gsm8k,1,1231,24.21033139398787
gsm8k,1,1232,27.582189008556856
gsm8k,1,1233,24.803654487186577
gsm8k,1,1234,23.96337431301141
gsm8k,1,1235,23.976443320862018
gsm8k,1,1236,27.38019773096312
gsm8k,1,1237,24.56973040372961
gsm8k,1,1238,23.990897068870254
gsm8k,1,1239,23.758040946357106
gsm8k,1,1240,27.559411180845927
gsm8k,1,1241,24.07415943525848
gsm8k,1,1242,23.526514531113207
gsm8k,1,1243,23.902441178506706
gsm8k,1,1244,27.372241245757323
gsm8k,1,1245,24.66020682186354
gsm8k,1,1246,23.38725224483845
gsm8k,1,1247,24.21196495650314
gsm8k,1,1248,27.83983990229899
gsm8k,1,1249,24.653903197759064
gsm8k,1,1250,23.753415091584127
gsm8k,1,1251,24.352379663469037
gsm8k,1,1252,27.72359056325513
gsm8k,1,1253,24.166697030695378
gsm8k,1,1254,23.429308772190577
gsm8k,1,1255,23.917311114928452
gsm8k,1,1256,27.32510543137323
gsm8k,1,1257,24.605603371229435
gsm8k,1,1258,23.902285596705042
gsm8k,1,1259,23.94591586941734
gsm8k,1,1260,27.587101343579544
gsm8k,1,1261,24.838077810272807
gsm8k,1,1262,23.93337761532166
gsm8k,1,1263,24.432813432213152
gsm8k,1,1264,27.932326891459525
gsm8k,1,1265,24.224693508585915
gsm8k,1,1266,23.341913012700388
gsm8k,1,1267,23.620751237513513
gsm8k,1,1268,27.65354915488946
gsm8k,1,1269,24.459734766423935
gsm8k,1,1270,23.72279128030641
gsm8k,1,1271,23.828687211789656
gsm8k,1,1272,27.407716354911784
gsm8k,1,1273,24.65587320876607
gsm8k,1,1274,23.847573549574008
gsm8k,1,1275,24.28916504868539
gsm8k,1,1276,27.617752290097997
gsm8k,1,1277,23.95111881196499
gsm8k,1,1278,23.853814881294966
gsm8k,1,1279,24.311010333660402
gsm8k,1,1280,27.666287107223813
gsm8k,1,1281,24.156986455636797
gsm8k,1,1282,23.780989587976364
gsm8k,1,1283,23.872824476711685
gsm8k,1,1284,27.08506819908507
gsm8k,1,1285,24.311799081785182
gsm8k,1,1286,23.83179758715121
gsm8k,1,1287,23.92649343528319
gsm8k,1,1288,27.241436724580126
gsm8k,1,1289,24.245083342975704
gsm8k,1,1290,23.32634467893513
gsm8k,1,1291,24.277113773972516
gsm8k,1,1292,27.495088547057524
gsm8k,1,1293,24.391218546656816
gsm8k,1,1294,23.821495084121125
gsm8k,1,1295,23.783318654750474
gsm8k,1,1296,27.666792065404646
gsm8k,1,1297,24.784811968856957
gsm8k,1,1298,23.67722735289135
gsm8k,1,1299,24.26873831791454
gsm8k,1,1300,27.157274438650347
gsm8k,1,1301,24.13145773607539
gsm8k,1,1302,23.90024609849206
gsm8k,1,1303,24.428140535746934
gsm8k,1,1304,27.276251245947446
gsm8k,1,1305,24.244649714091793
gsm8k,1,1306,23.624071829544846
gsm8k,1,1307,23.658500180566964
gsm8k,1,1308,27.60920840197466
gsm8k,1,1309,24.661051924340427
gsm8k,1,1310,23.911471616884228
gsm8k,1,1311,23.997885167744816
gsm8k,1,1312,27.26082026856602
gsm8k,1,1313,24.09771156089846
gsm8k,1,1314,24.018225078179967
gsm8k,1,1315,24.293376732617617
gsm8k,1,1316,27.496339800563874
gsm8k,1,1317,24.063193162874086
gsm8k,1,1318,23.79547499327196
aime24,0,0,23.3940517573501
aime24,0,1,24.14889660940389
aime24,0,2,23.228633810504107
aime24,0,3,24.008757409319514
aime24,0,4,23.489560055168113
aime24,0,5,24.059497533016838
aime24,0,6,23.50087227750919
aime24,0,7,23.85879615030717
aime24,0,8,23.067888076184317
aime24,0,9,23.925011948449537
aime24,0,10,23.078459737007506
aime24,0,11,24.097507790429518
aime24,0,12,22.997638883680338
aime24,0,13,24.28277221042663
aime24,0,14,23.072765907272696
aime24,0,15,24.44202930564643
aime24,0,16,23.034958605421707
aime24,0,17,24.07034840871347
aime24,0,18,23.177456001576502
aime24,0,19,23.963792831636965
aime24,0,20,23.28375390789006
aime24,0,21,24.009115044464124
aime24,0,22,23.236290544446092
aime24,0,23,24.09189977333881
aime24,0,24,23.162730780313723
aime24,0,25,23.94734703193535
aime24,0,26,23.442988422175404
aime24,0,27,23.92711291759042
aime24,0,28,23.158628046076046
aime24,0,29,24.164581282093422
aime24,1,0,23.452847373846453
aime24,1,1,24.824099276884226
aime24,1,2,23.362092364550335
aime24,1,3,24.794158980512293
aime24,1,4,23.183971396065317
aime24,1,5,24.839008485287195
aime24,1,6,23.184507288533496
aime24,1,7,24.744364603975555
aime24,1,8,23.216121866425965
aime24,1,9,24.832325285387924
aime24,1,10,23.201901462016394
aime24,1,11,24.719563152757473
aime24,1,12,23.168274015915813
aime24,1,13,24.834444706357317
aime24,1,14,23.29738462867681
aime24,1,15,24.857500651705777
aime24,1,16,23.554681371024344
aime24,1,17,24.88657326102839
aime24,1,18,23.784462697221898
aime24,1,19,24.263313393021235
aime24,1,20,23.57115006452659
aime24,1,21,24.915415509894956
aime24,1,22,23.927284692035755
aime24,1,23,24.682623967237305
aime24,1,24,24.021208722842857
aime24,1,25,24.35492658696603
aime24,1,26,23.460629334294936
aime24,1,27,24.395611795625882
aime24,1,28,23.53001012306777
aime24,1,29,24.504580334905768
aime25,0,0,23.475606878491817
aime25,0,1,23.262116097612306
aime25,0,2,23.762680448271567
aime25,0,3,23.37332038587192
aime25,0,4,23.475021407648455
aime25,0,5,23.34266597245005
aime25,0,6,23.644196557143005
aime25,0,7,23.93244731138111
aime25,0,8,23.72453249336104
aime25,0,9,23.21873099572258
aime25,0,10,23.523826250311686
aime25,0,11,23.772932141582714
aime25,0,12,23.591656783537474
aime25,0,13,23.232719009683933
aime25,0,14,23.483918947022175
aime25,0,15,23.758636827551527
aime25,0,16,23.828186760511016
aime25,0,17,23.648924619919853
aime25,0,18,23.62256832930143
aime25,0,19,23.327215472818352
aime25,0,20,23.450012053217506
aime25,0,21,24.17108520603506
aime25,0,22,23.60116750423913
aime25,0,23,23.738376668916317
aime25,0,24,23.72021277915337
aime25,0,25,23.538341374660376
aime25,0,26,23.717426396615338
aime25,0,27,23.50329316686839
aime25,0,28,23.580209250212647
aime25,0,29,23.406171490933048
aime25,1,0,23.45531102764653
aime25,1,1,24.266850923595484
aime25,1,2,23.321832068177173
aime25,1,3,23.67082743512583
aime25,1,4,23.149703090894036
aime25,1,5,23.72994345932966
aime25,1,6,23.362777163129067
aime25,1,7,24.194988764065783
aime25,1,8,23.505708886659704
aime25,1,9,23.80085659387987
aime25,1,10,23.339062343438854
aime25,1,11,23.748458861518884
aime25,1,12,23.340482515777694
aime25,1,13,23.694422969128937
aime25,1,14,23.396015090838773
aime25,1,15,23.749094074446475
aime25,1,16,23.44770124909701
aime25,1,17,23.956699082191335
aime25,1,18,23.718064527201932
aime25,1,19,23.939254278957378
aime25,1,20,23.76066232318408
aime25,1,21,23.672901414101943
aime25,1,22,23.751201373670483
aime25,1,23,23.98383150648442
aime25,1,24,23.38280312687857
aime25,1,25,23.626659669389483
aime25,1,26,23.643212487513665
aime25,1,27,23.877994040958583
aime25,1,28,23.904491470602807
aime25,1,29,23.758105606248137
humaneval,0,0,27.346391947503434
humaneval,0,1,24.05124523647828
humaneval,0,2,27.16348563262727
humaneval,0,3,23.78714310543728
humaneval,0,4,27.81629970559152
humaneval,0,5,24.010507037019124
humaneval,0,6,27.643488665489713
humaneval,0,7,24.280195957544493
humaneval,0,8,27.21278413082473
humaneval,0,9,24.687725210242206
humaneval,0,10,27.60994021446095
humaneval,0,11,24.281999318191083
humaneval,0,12,27.5929969320714
humaneval,0,13,24.232038889749674
humaneval,0,14,26.9139107731462
humaneval,0,15,23.63892574993591
humaneval,0,16,27.708054145477945
humaneval,0,17,24.334806177648716
humaneval,0,18,27.0209671180055
humaneval,0,19,23.814772084733704
humaneval,0,20,27.557325298403157
humaneval,0,21,24.631146916362923
humaneval,0,22,27.45342150139879
humaneval,0,23,23.518143072563074
humaneval,0,24,27.478971827804344
humaneval,0,25,24.028521620493848
humaneval,0,26,27.49926416800008
humaneval,0,27,23.7919827825658
humaneval,0,28,27.17864621121625
humaneval,0,29,24.325372542080004
humaneval,0,30,27.008331180695677
humaneval,0,31,24.3047301810293
humaneval,0,32,27.839610378578072
humaneval,0,33,24.381131188420113
humaneval,0,34,27.21849204165729
humaneval,0,35,23.623725705504143
humaneval,0,36,27.078467326646205
humaneval,0,37,23.981375561561435
humaneval,0,38,26.912258137599565
humaneval,0,39,24.092424813716207
humaneval,0,40,27.745424551540054
humaneval,0,41,24.31161499771406
humaneval,0,42,26.976468550317264
humaneval,0,43,24.290259680128656
humaneval,0,44,27.143767936649965
humaneval,0,45,24.46192047864315
humaneval,0,46,27.215705606067786
humaneval,0,47,23.617512208147673
humaneval,0,48,27.435171941760927
humaneval,0,49,24.494216238963418
humaneval,0,50,27.40745206392603
humaneval,0,51,24.05587256725994
humaneval,0,52,27.6785021123942
humaneval,0,53,23.863797034958708
humaneval,0,54,27.544618518732022
humaneval,0,55,23.471887961932225
humaneval,0,56,27.717605076759355
humaneval,0,57,24.51390616624849
humaneval,0,58,27.397335517889587
humaneval,0,59,23.789619302988285
humaneval,0,60,27.03560152440332
humaneval,0,61,23.98527781406301
humaneval,0,62,27.093761484138668
humaneval,0,63,23.566133349959273
humaneval,0,64,27.343915859091794
humaneval,0,65,23.943238720676163
humaneval,0,66,27.330176413670415
humaneval,0,67,24.300571109051816
humaneval,0,68,27.767153853346827
humaneval,0,69,23.99228761350969
humaneval,0,70,27.633986344881123
humaneval,0,71,24.098468224110547
humaneval,0,72,28.14619721539202
humaneval,0,73,24.632742872199742
humaneval,0,74,27.24600057990756
humaneval,0,75,23.898435414594132
humaneval,0,76,27.233239943598164
humaneval,0,77,24.09366822030279
humaneval,0,78,26.919901320070494
humaneval,0,79,24.341801738046343
humaneval,0,80,27.41937491009594
humaneval,0,81,23.959057089086855
humaneval,0,82,27.585637548327213
humaneval,0,83,24.248760793852853
humaneval,0,84,27.820322269690223
humaneval,0,85,24.569652596255764
humaneval,0,86,27.48019088539877
humaneval,0,87,23.970762034878135
humaneval,0,88,27.944939211010933
humaneval,0,89,24.219839222496375
humaneval,0,90,27.3708652384812
humaneval,0,91,23.94477723282762
humaneval,0,92,27.936274775129277
humaneval,0,93,24.087470970698632
humaneval,0,94,27.529928491276223
humaneval,0,95,24.38806743157329
humaneval,0,96,27.47848569561029
humaneval,0,97,24.449662829283625
humaneval,0,98,27.20704083913006
humaneval,0,99,23.855597457441036
humaneval,0,100,27.528583817911567
humaneval,0,101,24.558697448810562
humaneval,0,102,27.185204806301044
humaneval,0,103,24.3779699994775
humaneval,0,104,27.824539265566273
humaneval,0,105,23.9928942755796
humaneval,0,106,27.44763701412012
humaneval,0,107,24.37881076912163
humaneval,0,108,27.52666559899808
humaneval,0,109,24.242325613158755
humaneval,0,110,27.462107136670966
humaneval,0,111,23.939934151712805
humaneval,0,112,27.600831042946083
humaneval,0,113,24.60331882321043
humaneval,0,114,27.01659260856104
humaneval,0,115,24.37132958584698
humaneval,0,116,27.68194388045231
humaneval,0,117,24.176419090508716
humaneval,0,118,27.361954231309937
humaneval,0,119,23.738629948638845
humaneval,0,120,27.73094331860193
humaneval,0,121,23.953228439495433
humaneval,0,122,27.564819745748537
humaneval,0,123,23.86462434878922
humaneval,0,124,27.834368815092603
humaneval,0,125,24.46046539625968
humaneval,0,126,27.756601510191103
humaneval,0,127,24.314337337273173
humaneval,0,128,27.283183164399816
humaneval,0,129,24.60763404451427
humaneval,0,130,27.416300345066702
humaneval,0,131,24.363711094338214
humaneval,0,132,27.55292491565342
humaneval,0,133,24.111828759487253
humaneval,0,134,27.300937530526426
humaneval,0,135,23.82355783265666
humaneval,0,136,27.66867350874236
humaneval,0,137,24.32905508976546
humaneval,0,138,27.422394432505826
humaneval,0,139,24.162543268175796
humaneval,0,140,27.93844244661159
humaneval,0,141,24.60811110358918
humaneval,0,142,27.733098137105117
humaneval,0,143,24.389066511503188
humaneval,0,144,27.892441783478716
humaneval,0,145,24.59223143523559
humaneval,0,146,26.946243262500502
humaneval,0,147,23.740793818433303
humaneval,0,148,27.402028179494664
humaneval,0,149,23.936562974995468
humaneval,0,150,27.487031944474438
humaneval,0,151,24.178386749554193
humaneval,0,152,27.436640306405025
humaneval,0,153,24.368945618334692
humaneval,0,154,27.42837623009109
humaneval,0,155,24.29493676754646
humaneval,0,156,27.641618169582216
humaneval,0,157,24.456212006043643
humaneval,0,158,27.50402007586672
humaneval,0,159,23.64926732116146
humaneval,0,160,27.75058265615371
humaneval,0,161,24.179804051527753
humaneval,0,162,27.260476294031832
humaneval,0,163,24.09901687860838
humaneval,1,0,27.218249095312785
humaneval,1,1,24.40205432867515
humaneval,1,2,23.251825874467613
humaneval,1,3,23.630710838915547
humaneval,1,4,27.88714131747838
humaneval,1,5,23.969703473854217
humaneval,1,6,23.378436129860347
humaneval,1,7,24.23193063435516
humaneval,1,8,27.2857909258164
humaneval,1,9,24.428728567727376
humaneval,1,10,23.657158610149054
humaneval,1,11,23.68407679023221
humaneval,1,12,27.479256114020245
humaneval,1,13,24.696663134818664
humaneval,1,14,23.884483071074623
humaneval,1,15,23.910606314101457
humaneval,1,16,27.55246854319078
humaneval,1,17,24.146645628206898
humaneval,1,18,24.152458823664347
humaneval,1,19,24.465260383294662
humaneval,1,20,27.300301855575526
humaneval,1,21,24.331699441972887
humaneval,1,22,23.667254339670762
humaneval,1,23,23.599500437656722
humaneval,1,24,27.65962705234415
humaneval,1,25,24.71412215163582
humaneval,1,26,23.956152243044926
humaneval,1,27,23.955138499658663
humaneval,1,28,27.325153473745747
humaneval,1,29,24.757385992415948
humaneval,1,30,24.00169844258926
humaneval,1,31,24.478009687300073
humaneval,1,32,27.903589747438673
humaneval,1,33,24.21893193604774
humaneval,1,34,23.538174493296538
humaneval,1,35,23.656375619679526
humaneval,1,36,27.917279807297746
humaneval,1,37,24.577024330938002
humaneval,1,38,23.877941377577372
humaneval,1,39,24.13949341280386
humaneval,1,40,27.992424387775827
humaneval,1,41,24.824812964652665
humaneval,1,42,23.275726474821568
humaneval,1,43,24.41090431966586
humaneval,1,44,27.278269990347326
humaneval,1,45,24.01587941658196
humaneval,1,46,23.472717592085246
humaneval,1,47,23.879604592366377
humaneval,1,48,27.531915883276056
humaneval,1,49,24.441807629045798
humaneval,1,50,23.78118834894849
humaneval,1,51,24.071419305983
humaneval,1,52,27.3605686306837
humaneval,1,53,24.471389319271196
humaneval,1,54,24.015385264647193
humaneval,1,55,24.400075129960896
humaneval,1,56,27.431055175838992
humaneval,1,57,24.16086184530286
humaneval,1,58,23.393032010062598
humaneval,1,59,23.67579729980207
humaneval,1,60,27.20786149802734
humaneval,1,61,24.273211256513605
humaneval,1,62,23.853211434470722
humaneval,1,63,23.788860387867317
humaneval,1,64,27.48345382133266
humaneval,1,65,24.68907428192324
humaneval,1,66,23.981056285265367
humaneval,1,67,23.799095393769676
humaneval,1,68,27.733620547223836
humaneval,1,69,24.797571160888765
humaneval,1,70,23.321652981394436
humaneval,1,71,23.940234237670666
humaneval,1,72,27.355826816346962
humaneval,1,73,24.162722020264482
humaneval,1,74,23.802620089554694
humaneval,1,75,23.82416856198688
humaneval,1,76,27.839690097607672
humaneval,1,77,24.534987584047485
humaneval,1,78,23.962179438967723
humaneval,1,79,24.049021869520598
humaneval,1,80,27.362812437786488
humaneval,1,81,24.689122044947
humaneval,1,82,23.990257082914468
humaneval,1,83,24.363329423067626
humaneval,1,84,27.619259086350212
humaneval,1,85,24.200652758736396
humaneval,1,86,23.78182216489222
humaneval,1,87,24.506531524821185
humaneval,1,88,27.848161564179463
humaneval,1,89,24.75532879907405
humaneval,1,90,23.99186181355617
humaneval,1,91,23.844398579967674
humaneval,1,92,27.945391844696132
humaneval,1,93,24.722813672269695
humaneval,1,94,23.932269345095847
humaneval,1,95,24.02291417820379
humaneval,1,96,27.97626755636884
humaneval,1,97,24.7436109566479
humaneval,1,98,23.613615583599312
humaneval,1,99,23.976145435881335
humaneval,1,100,27.392558607971296
humaneval,1,101,24.688373887329362
humaneval,1,102,24.00080070219701
humaneval,1,103,23.85850442078663
humaneval,1,104,27.642915723845363
humaneval,1,105,24.689945988939144
humaneval,1,106,23.545165509858634
humaneval,1,107,24.302128556882963
humaneval,1,108,27.75440603363677
humaneval,1,109,24.633733635710087
humaneval,1,110,23.59137583334814
humaneval,1,111,24.513107735401718
humaneval,1,112,27.792178312665783
humaneval,1,113,24.660530030814698
humaneval,1,114,23.878599728050176
humaneval,1,115,23.722547080978984
humaneval,1,116,27.81974900062778
humaneval,1,117,24.13051953772083
humaneval,1,118,24.005293074878864
humaneval,1,119,23.988389199075755
humaneval,1,120,27.892489426449174
humaneval,1,121,24.054147415881744
humaneval,1,122,23.35282954663853
humaneval,1,123,24.322534751263447
humaneval,1,124,27.22876700136112
humaneval,1,125,24.51849055432831
humaneval,1,126,23.722105419437867
humaneval,1,127,24.28442070959136
humaneval,1,128,27.586646494455636
humaneval,1,129,23.952569335961016
humaneval,1,130,23.947656383825233
humaneval,1,131,23.76389262281009
humaneval,1,132,27.650332980556414
humaneval,1,133,24.14193095319206
humaneval,1,134,23.828009831049712
humaneval,1,135,24.294169277709443
humaneval,1,136,27.420287897257367
humaneval,1,137,24.255093561805552
humaneval,1,138,23.589082498801872
humaneval,1,139,24.44796749841771
humaneval,1,140,27.997057910397416
humaneval,1,141,24.2459603214229
humaneval,1,142,23.928425820486154
humaneval,1,143,24.05573295618524
humaneval,1,144,27.98938318665023
humaneval,1,145,24.662060368427774
humaneval,1,146,24.04420940001728
humaneval,1,147,23.918337195937056
humaneval,1,148,27.409005706431344
humaneval,1,149,23.96892361502978
humaneval,1,150,23.401095601002453
humaneval,1,151,24.381062343309168
humaneval,1,152,27.74320050230017
humaneval,1,153,24.07946747916867
humaneval,1,154,23.828389043046627
humaneval,1,155,23.646187168196775
humaneval,1,156,27.86884213492158
humaneval,1,157,24.512291445716983
humaneval,1,158,23.994890427275095
humaneval,1,159,23.800053837476298
humaneval,1,160,27.749657801905414
humaneval,1,161,24.650974955875427
humaneval,1,162,23.941304822074017
humaneval,1,163,23.77478312700987
livecodebench,0,0,24.263812112621963
livecodebench,0,1,24.531933617254253
livecodebench,0,2,24.409241985267727
livecodebench,0,3,23.95559465730912
livecodebench,0,4,24.361104417039314
livecodebench,0,5,24.102883384330198
livecodebench,0,6,24.083509681076976
livecodebench,0,7,24.06395785146742
livecodebench,0,8,24.2764156209887
livecodebench,0,9,23.9653619028104
livecodebench,0,10,24.296733641676838
livecodebench,0,11,26.23672729168902
livecodebench,0,12,24.535717988328543
livecodebench,0,13,25.445085819228552
livecodebench,0,14,24.292656333273044
livecodebench,0,15,24.10447661532089
livecodebench,0,16,24.01491620548768
livecodebench,0,17,23.871119185059797
livecodebench,0,18,24.146529991412535
livecodebench,0,19,23.911073982162634
livecodebench,0,20,24.205255511333235
livecodebench,0,21,23.86869984184159
livecodebench,0,22,24.17526822318905
livecodebench,0,23,24.046875038038706
livecodebench,0,24,24.328857984073693
livecodebench,0,25,23.988512217329117
livecodebench,0,26,24.22764572838787
livecodebench,0,27,23.8990968609869
livecodebench,0,28,24.219078484748024
livecodebench,0,29,23.88742814946454
livecodebench,0,30,24.122054113831837
livecodebench,0,31,26.28975587504101
livecodebench,0,32,24.229744649346685
livecodebench,0,33,27.592019428993808
livecodebench,0,34,24.0663823497016
livecodebench,0,35,28.223046985658584
livecodebench,0,36,24.0956599918718
livecodebench,0,37,28.22725471924059
livecodebench,0,38,23.976832620974164
livecodebench,0,39,24.146252260834444
livecodebench,0,40,24.346408143173903
livecodebench,0,41,23.932645675813546
livecodebench,0,42,24.111273476592032
livecodebench,0,43,24.070136543741683
livecodebench,0,44,24.405002332059667
livecodebench,0,45,24.2938390110794
livecodebench,0,46,24.499989602190908
livecodebench,0,47,24.32131810928695
livecodebench,0,48,24.254212381492835
livecodebench,0,49,24.355102807021467
livecodebench,0,50,24.929704566602595
livecodebench,0,51,25.02850098608178
livecodebench,0,52,24.825310028973036
livecodebench,0,53,27.766290590079734
livecodebench,0,54,24.324494530446827
livecodebench,0,55,27.612692465481814
livecodebench,0,56,24.47274874066352
livecodebench,0,57,27.682307409122586
livecodebench,0,58,24.784275759884622
livecodebench,0,59,28.09369407547831
livecodebench,0,60,24.782117678114446
livecodebench,0,61,28.226077112776693
livecodebench,0,62,24.765184094576398
livecodebench,0,63,28.239160747034475
livecodebench,0,64,24.460794171318412
livecodebench,0,65,28.343091180431657
livecodebench,0,66,24.591547229647404
livecodebench,0,67,28.254091424902004
livecodebench,0,68,24.822100254823454
livecodebench,0,69,28.114330700191204
livecodebench,0,70,24.78509317370481
livecodebench,0,71,27.88746540682041
livecodebench,0,72,24.35774177138228
livecodebench,0,73,27.997310702630784
livecodebench,0,74,24.6443232135789
livecodebench,0,75,28.045141654729377
livecodebench,0,76,24.418086566583952
livecodebench,0,77,28.41139958036365
livecodebench,0,78,24.895166399801383
livecodebench,0,79,28.629216907575028
livecodebench,0,80,24.867590556823416
livecodebench,0,81,27.713790390407667
livecodebench,0,82,24.343794753804104
livecodebench,0,83,28.462875343393534
livecodebench,0,84,24.571556376031367
livecodebench,0,85,28.016187810862903
livecodebench,0,86,24.469781179504935
livecodebench,0,87,28.673274711763952
livecodebench,0,88,24.299906312080566
livecodebench,0,89,28.238411297934363
livecodebench,0,90,24.248155456007225
livecodebench,0,91,28.04047573590651
livecodebench,0,92,24.62198123248527
livecodebench,0,93,28.290865771850804
livecodebench,0,94,24.790236278931843
livecodebench,0,95,27.990662380034337
livecodebench,0,96,24.84284791717073
livecodebench,0,97,27.981464027106995
livecodebench,0,98,24.374235934374155
livecodebench,0,99,28.387482885591453
livecodebench,0,100,24.645062418130692
livecodebench,0,101,28.367484799673548
livecodebench,0,102,25.0643470135401
livecodebench,0,103,27.534345499589108
livecodebench,0,104,24.82852067987551
livecodebench,0,105,27.507771574164508
livecodebench,0,106,24.82938221510267
livecodebench,0,107,27.921601104026195
livecodebench,0,108,24.625620782899205
livecodebench,0,109,28.452910632040584
livecodebench,0,110,24.696792646864196
livecodebench,0,111,28.160112648038194
livecodebench,0,112,24.60241721928469
livecodebench,0,113,28.02424806941417
livecodebench,0,114,24.601223893114366
livecodebench,0,115,28.468366181186866
livecodebench,0,116,24.31287027502549
livecodebench,0,117,28.52272199015715
livecodebench,0,118,24.63752049879986
livecodebench,0,119,28.715957087115385
livecodebench,0,120,24.763464829447912
livecodebench,0,121,28.025125502608716
livecodebench,0,122,24.88041371543659
livecodebench,0,123,28.32129824673757
livecodebench,0,124,24.504987559339497
livecodebench,0,125,28.478188203735044
livecodebench,0,126,24.679917049070355
livecodebench,0,127,28.308620378084015
livecodebench,0,128,24.35492903168779
livecodebench,0,129,28.67425885051489
livecodebench,0,130,24.391925562667893
livecodebench,0,131,28.38187662200653
livecodebench,0,132,24.427871765510645
livecodebench,0,133,27.9134406519006
livecodebench,0,134,24.590311284555355
livecodebench,0,135,27.594669536483707
livecodebench,0,136,24.910533906222554
livecodebench,0,137,23.851699057559017
livecodebench,0,138,24.826909731928026
livecodebench,0,139,24.133600389177445
livecodebench,0,140,24.33989265045966
livecodebench,0,141,24.24949223495787
livecodebench,0,142,24.483391134708654
livecodebench,0,143,23.696372776612407
livecodebench,0,144,24.849856050423114
livecodebench,0,145,23.818314974050736
livecodebench,0,146,24.84439275940531
livecodebench,0,147,24.123905841406668
livecodebench,0,148,24.857046842953423
livecodebench,0,149,28.124371401645476
livecodebench,0,150,24.397448054514825
livecodebench,0,151,27.615071241598343
livecodebench,0,152,24.764382676949026
livecodebench,0,153,27.661131902277702
livecodebench,0,154,24.767514092673082
livecodebench,0,155,27.79069886310026
livecodebench,0,156,24.85992311994778
livecodebench,0,157,27.814604462037096
livecodebench,0,158,24.27226743020583
livecodebench,0,159,24.249956448329613
livecodebench,0,160,24.738926789723337
livecodebench,0,161,24.39262010375387
livecodebench,0,162,24.621583132102387
livecodebench,0,163,23.895040885690833
livecodebench,0,164,24.542975555959856
livecodebench,0,165,23.877064882981358
livecodebench,0,166,24.34845872267033
livecodebench,0,167,23.81473824061686
livecodebench,0,168,24.57112499178038
livecodebench,0,169,23.80101924063638
livecodebench,0,170,24.66658203775296
livecodebench,0,171,23.912010714411736
livecodebench,0,172,24.730987279326655
livecodebench,0,173,27.692174207913922
livecodebench,0,174,24.370686631300487
livecodebench,0,175,27.67350802969304
livecodebench,0,176,24.39640580996638
livecodebench,0,177,27.72350998930051
livecodebench,0,178,24.399925390753197
livecodebench,0,179,27.522230109752854
livecodebench,0,180,25.007770585943945
livecodebench,0,181,27.42639665302704
livecodebench,0,182,24.972478564450284
livecodebench,0,183,27.526940041709516
livecodebench,0,184,24.297513817145955
livecodebench,0,185,27.806001406133873
livecodebench,0,186,24.773713754257187
livecodebench,0,187,27.53256338473875
livecodebench,0,188,24.81554877522285
livecodebench,0,189,27.521343661646824
livecodebench,0,190,25.019976386829512
livecodebench,0,191,27.60230136482278
livecodebench,0,192,24.951753061031923
livecodebench,0,193,27.641321779810824
livecodebench,0,194,24.4710636070522
livecodebench,0,195,28.102159052650677
livecodebench,0,196,24.597077037438623
livecodebench,0,197,25.840877686277963
livecodebench,0,198,24.870777655451093
livecodebench,0,199,23.65435564206564
livecodebench,0,200,24.853157712641405
livecodebench,0,201,23.62722401448991
livecodebench,0,202,24.3733539537061
livecodebench,0,203,23.872902584116673
livecodebench,0,204,24.657395959366113
livecodebench,0,205,23.827723449358018
livecodebench,0,206,24.547320281271823
livecodebench,0,207,23.791435174643993
livecodebench,0,208,24.486287438776344
livecodebench,0,209,23.698642646195367
livecodebench,0,210,24.470043445035117
livecodebench,0,211,27.339429096173262
livecodebench,0,212,24.815026808937546
livecodebench,0,213,28.077257145923795
livecodebench,0,214,24.965055934444536
livecodebench,0,215,28.033611306454986
livecodebench,0,216,24.93877077358775
livecodebench,0,217,28.265250010047367
livecodebench,0,218,24.906748858484207
livecodebench,0,219,27.63236346800113
livecodebench,0,220,24.528152171114925
livecodebench,0,221,27.684445718477946
livecodebench,0,222,24.827242854371434
livecodebench,0,223,25.829950714978622
livecodebench,0,224,24.861466976290103
livecodebench,0,225,24.329626503458712
livecodebench,0,226,24.913853187172208
livecodebench,0,227,24.379968890571035
livecodebench,0,228,24.405695396126248
livecodebench,0,229,23.659349164518062
livecodebench,0,230,24.765615598880686
livecodebench,0,231,24.05934507260099
livecodebench,0,232,24.83373894210672
livecodebench,0,233,24.079319318843773
livecodebench,0,234,24.888322743208846
livecodebench,0,235,23.860189525294118
livecodebench,0,236,24.87859055327135
livecodebench,0,237,23.815664721041685
livecodebench,0,238,24.752297107625054
livecodebench,0,239,24.290599114465294
livecodebench,0,240,24.806152323435526
livecodebench,0,241,24.10011497704545
livecodebench,0,242,24.632174499856774
livecodebench,0,243,24.168230778741417
livecodebench,0,244,24.983714374684496
livecodebench,0,245,24.286305153509602
livecodebench,0,246,24.61972190940287
livecodebench,0,247,23.91933626131504
livecodebench,0,248,24.59440871461993
livecodebench,0,249,23.92665599135385
livecodebench,0,250,24.921090836869553
livecodebench,0,251,24.39077551389346
livecodebench,0,252,24.83694037073292
livecodebench,0,253,27.094368011603365
livecodebench,0,254,24.540556532883784
livecodebench,0,255,27.70383491224493
livecodebench,0,256,24.566268897615373
livecodebench,0,257,27.58957343394286
livecodebench,0,258,24.646818677865667
livecodebench,0,259,28.25017202849267
livecodebench,0,260,24.85481827170588
livecodebench,0,261,27.749676526582334
livecodebench,0,262,24.94992698848364
livecodebench,0,263,27.57957779613207
livecodebench,0,264,24.964999974421833
livecodebench,0,265,28.351152708637528
livecodebench,0,266,24.559541554481257
livecodebench,0,267,23.905015958007425
livecodebench,0,268,24.844817784469342
livecodebench,0,269,24.06475589668844
livecodebench,0,270,24.982969669508748
livecodebench,0,271,23.957582689035917
livecodebench,0,272,24.584324073657626
livecodebench,0,273,24.283877883135574
livecodebench,0,274,24.93179043813143
livecodebench,0,275,24.500285191606963
livecodebench,0,276,24.473567071254365
livecodebench,0,277,24.79407771170372
livecodebench,0,278,24.620804291771492
livecodebench,0,279,24.190380885556806
livecodebench,0,280,24.960880164144328
livecodebench,0,281,23.742410841805395
livecodebench,0,282,24.681967832293594
livecodebench,0,283,23.92906302702613
livecodebench,0,284,24.33639442824642
livecodebench,0,285,24.213173044699943
livecodebench,0,286,24.407305729255313
livecodebench,0,287,23.900919451989466
livecodebench,0,288,24.417757977062138
livecodebench,0,289,23.960791284480365
livecodebench,0,290,24.60781930858502
livecodebench,0,291,24.0008665532514
livecodebench,0,292,24.68521540868096
livecodebench,0,293,24.137902844813652
livecodebench,0,294,25.62209643656388
livecodebench,0,295,24.475973637891002
livecodebench,0,296,24.766911650658585
livecodebench,0,297,23.876180126535473
livecodebench,0,298,24.887542298529297
livecodebench,0,299,23.95084031007212
livecodebench,0,300,25.083032280235784
livecodebench,0,301,24.00120832680841
livecodebench,0,302,24.267045402666554
livecodebench,0,303,24.338614184671314
livecodebench,0,304,24.247745332104387
livecodebench,0,305,24.48734175413847
livecodebench,0,306,24.671029172168346
livecodebench,0,307,23.8424513481732
livecodebench,0,308,24.65185270193615
livecodebench,0,309,23.691491132922238
livecodebench,0,310,24.748410502070328
livecodebench,0,311,23.981122798431898
livecodebench,0,312,24.847279539244482
livecodebench,0,313,23.751749704388203
livecodebench,0,314,24.700744052097434
livecodebench,0,315,24.361701664020075
livecodebench,0,316,24.93685585068306
livecodebench,0,317,23.884661753982073
livecodebench,0,318,24.523314172256505
livecodebench,0,319,23.879936044977512
livecodebench,0,320,24.449484310025582
livecodebench,0,321,24.338113413633483
livecodebench,0,322,24.406596177868778
livecodebench,0,323,24.16766051101149
livecodebench,0,324,24.954157386673614
livecodebench,0,325,23.810546739696292
livecodebench,0,326,24.366913715909636
livecodebench,0,327,24.103586169076152
livecodebench,0,328,24.69845196173992
livecodebench,0,329,24.300436958583305
livecodebench,0,330,24.943341173639055
livecodebench,0,331,24.463342044327874
livecodebench,0,332,24.772737720390644
livecodebench,0,333,24.021416873438284
livecodebench,0,334,24.550870464736363
livecodebench,0,335,23.98851894395193
livecodebench,0,336,24.57475421761046
livecodebench,0,337,24.298239550262224
livecodebench,0,338,24.667738558491692
livecodebench,0,339,23.9425001636846
livecodebench,0,340,24.898904499423224
livecodebench,0,341,23.651021230762126
livecodebench,0,342,24.57491914537968
livecodebench,0,343,24.025280428759288
livecodebench,0,344,24.524735737941228
livecodebench,0,345,24.355510133318603
livecodebench,0,346,24.956515606341732
livecodebench,0,347,24.532540035579586
livecodebench,0,348,24.548963247070787
livecodebench,0,349,23.84107628313359
livecodebench,0,350,24.67301641809172
livecodebench,0,351,23.945019812140455
livecodebench,0,352,24.891060991649283
livecodebench,0,353,23.878163257904816
livecodebench,0,354,24.886712646548403
livecodebench,0,355,23.93717216546065
livecodebench,0,356,24.280738702509552
livecodebench,0,357,23.86600530007854
livecodebench,0,358,24.86298691655975
livecodebench,0,359,23.97919631403056
livecodebench,0,360,24.95198893145873
livecodebench,0,361,24.42642315509147
livecodebench,0,362,24.445599741738988
livecodebench,0,363,24.300114211655455
livecodebench,0,364,24.49844542934443
livecodebench,0,365,23.921713469462702
livecodebench,0,366,24.798348680633353
livecodebench,0,367,23.909433646622347
livecodebench,0,368,24.81727964914171
livecodebench,0,369,24.236330698825356
livecodebench,0,370,25.01097614367609
livecodebench,0,371,24.310958102432778
livecodebench,0,372,24.932741485827137
livecodebench,0,373,23.883024743554415
livecodebench,0,374,24.8594801814761
livecodebench,0,375,23.87443161852326
livecodebench,0,376,24.951011309894966
livecodebench,0,377,24.09246326351422
livecodebench,0,378,24.881590314180357
livecodebench,0,379,24.38317900186921
livecodebench,0,380,25.05668041339959
livecodebench,0,381,24.235196240624646
livecodebench,0,382,24.546708751586266
livecodebench,0,383,23.876661394751864
livecodebench,0,384,24.862904588884444
livecodebench,0,385,24.359928134799702
livecodebench,0,386,24.922615542891435
livecodebench,0,387,24.462796292937128
livecodebench,0,388,24.89581363988691
livecodebench,0,389,24.47985382968909
livecodebench,0,390,24.403861254058054
livecodebench,0,391,23.881726683612214
livecodebench,0,392,24.595615814178018
livecodebench,0,393,24.006985731830355
livecodebench,0,394,24.870170822396176
livecodebench,0,395,23.962863365290907
livecodebench,0,396,24.63939719746122
livecodebench,0,397,24.543705472751753
livecodebench,0,398,24.628297182061942
livecodebench,0,399,24.136176169122336
livecodebench,1,0,24.447465595585527
livecodebench,1,1,24.195704452722566
livecodebench,1,2,24.649681134178536
livecodebench,1,3,24.57513683839352
livecodebench,1,4,24.74283935589483
livecodebench,1,5,24.80011551597272
livecodebench,1,6,24.876709234376904
livecodebench,1,7,24.11310340539785
livecodebench,1,8,24.37970685423352
livecodebench,1,9,24.16683597766678
livecodebench,1,10,24.855912422935944
livecodebench,1,11,24.9594212291413
livecodebench,1,12,25.059508334379643
livecodebench,1,13,25.22848980515846
livecodebench,1,14,24.94561014100327
livecodebench,1,15,24.31281939789187
livecodebench,1,16,24.346464455447858
livecodebench,1,17,24.903273028030526
livecodebench,1,18,24.74128896210459
livecodebench,1,19,24.28145841258811
livecodebench,1,20,25.027742896782
livecodebench,1,21,24.501913201675052
livecodebench,1,22,25.152476784569444
livecodebench,1,23,24.3217095885484
livecodebench,1,24,24.92949854422477
livecodebench,1,25,24.952025105449138
livecodebench,1,26,24.68914826386026
livecodebench,1,27,24.522406467440305
livecodebench,1,28,24.809005786664784
livecodebench,1,29,24.496608693880262
livecodebench,1,30,24.893384626921033
livecodebench,1,31,24.74854129832238
livecodebench,1,32,24.963757514342433
livecodebench,1,33,24.81442140197032
livecodebench,1,34,25.60976792301517
livecodebench,1,35,24.234411983343307
livecodebench,1,36,24.964154323242838
livecodebench,1,37,24.260174948722124
livecodebench,1,38,25.26488825242268
livecodebench,1,39,24.465303245960968
livecodebench,1,40,25.285083902417682
livecodebench,1,41,24.213808279455407
livecodebench,1,42,25.181034998240648
livecodebench,1,43,24.006592102523427
livecodebench,1,44,24.597497013019165
livecodebench,1,45,24.109531794238137
livecodebench,1,46,24.756506420089863
livecodebench,1,47,24.223996631917544
livecodebench,1,48,25.288917942816624
livecodebench,1,49,24.555484669690486
livecodebench,1,50,25.323878584458726
livecodebench,1,51,24.152022211637814
livecodebench,1,52,25.152551141218282
livecodebench,1,53,24.192192333430285
livecodebench,1,54,24.681297094502952
livecodebench,1,55,24.332083408808103
livecodebench,1,56,24.807168774714228
livecodebench,1,57,24.60407245234819
livecodebench,1,58,24.706769931071904
livecodebench,1,59,28.268142987058653
livecodebench,1,60,25.25264830546803
livecodebench,1,61,27.939570736634778
livecodebench,1,62,24.58904941158835
livecodebench,1,63,28.229771629412426
livecodebench,1,64,24.884525322704576
livecodebench,1,65,27.82564289373113
livecodebench,1,66,24.942702351836488
livecodebench,1,67,27.73491616244428
livecodebench,1,68,24.603371020930354
livecodebench,1,69,27.845438544318313
livecodebench,1,70,24.992883307277225
livecodebench,1,71,27.97348469539429
livecodebench,1,72,25.099142356339144
livecodebench,1,73,28.281761220569024
livecodebench,1,74,24.977431632578373
livecodebench,1,75,27.628175706922775
livecodebench,1,76,24.969005135062616
livecodebench,1,77,27.932650340517284
livecodebench,1,78,24.649550083267968
livecodebench,1,79,27.86863496658043
livecodebench,1,80,24.799932492896914
livecodebench,1,81,27.821822794066975
livecodebench,1,82,24.53876833897084
livecodebench,1,83,27.937012400798267
livecodebench,1,84,24.996125619509257
livecodebench,1,85,27.5071040232433
livecodebench,1,86,24.482429267663974
livecodebench,1,87,27.88269150914857
livecodebench,1,88,24.79612450770219
livecodebench,1,89,28.050005890690954
livecodebench,1,90,25.022961726790527
livecodebench,1,91,28.13192750545568
livecodebench,1,92,24.573873739427654
livecodebench,1,93,28.053161353454925
livecodebench,1,94,24.977519206004217
livecodebench,1,95,27.982491887087235
livecodebench,1,96,24.895882736018393
livecodebench,1,97,28.56311300274683
livecodebench,1,98,24.765047866821988
livecodebench,1,99,27.493349862197647
livecodebench,1,100,25.0046308428864
livecodebench,1,101,27.35868076706538
livecodebench,1,102,25.15178028625087
livecodebench,1,103,27.70541100471746
livecodebench,1,104,25.035973070771433
livecodebench,1,105,27.818313177704113
livecodebench,1,106,25.096099503571168
livecodebench,1,107,28.58188471873291
livecodebench,1,108,24.77155423912336
livecodebench,1,109,28.556377827044344
livecodebench,1,110,24.954028256615857
livecodebench,1,111,27.831276751385303
livecodebench,1,112,25.02176039342885
livecodebench,1,113,27.846258075442165
livecodebench,1,114,25.076269255805528
livecodebench,1,115,27.800205771200126
livecodebench,1,116,24.397432542173192
livecodebench,1,117,27.880830108188093
livecodebench,1,118,24.740368928178214
livecodebench,1,119,28.00299509544857
livecodebench,1,120,24.860718396666925
livecodebench,1,121,28.05259111482883
livecodebench,1,122,25.011541954881977
livecodebench,1,123,28.015209623845294
livecodebench,1,124,24.847252199833747
livecodebench,1,125,28.24537221385981
livecodebench,1,126,24.628729712276254
livecodebench,1,127,28.512521595985163
livecodebench,1,128,24.689462097740034
livecodebench,1,129,28.503747264039703
livecodebench,1,130,25.175745016895235
livecodebench,1,131,28.339248055999633
livecodebench,1,132,25.105742697633104
livecodebench,1,133,28.011353555484675
livecodebench,1,134,25.19773374660872
livecodebench,1,135,28.037940075591905
livecodebench,1,136,25.14666766364826
livecodebench,1,137,27.555505323107354
livecodebench,1,138,25.07845799482311
livecodebench,1,139,27.925189624511404
livecodebench,1,140,24.703792889340548
livecodebench,1,141,28.168003034807043
livecodebench,1,142,24.626113234262448
livecodebench,1,143,28.13241093826946
livecodebench,1,144,24.903256809921004
livecodebench,1,145,28.207387094880687
livecodebench,1,146,24.997793210786767
livecodebench,1,147,28.288458623137558
livecodebench,1,148,25.168527030473342
livecodebench,1,149,27.947939692239743
livecodebench,1,150,25.0847452916787
livecodebench,1,151,27.810942206997424
livecodebench,1,152,24.48079264286207
livecodebench,1,153,28.40489353548037
livecodebench,1,154,24.864518894901266
livecodebench,1,155,28.014457875542575
livecodebench,1,156,25.066699050512398
livecodebench,1,157,28.033704151312122
livecodebench,1,158,25.1547718544316
livecodebench,1,159,28.138909619883634
livecodebench,1,160,25.21548777076532
livecodebench,1,161,28.221337914146716
livecodebench,1,162,24.55591832404025
livecodebench,1,163,28.33872699557105
livecodebench,1,164,24.79876485085697
livecodebench,1,165,28.622080408240436
livecodebench,1,166,24.71280475583626
livecodebench,1,167,28.54985114754527
livecodebench,1,168,25.013368536747294
livecodebench,1,169,28.24367312132381
livecodebench,1,170,25.086323883442674
livecodebench,1,171,27.9477883123036
livecodebench,1,172,24.430434888927266
livecodebench,1,173,27.99644967672066
livecodebench,1,174,24.751120112341596
livecodebench,1,175,28.040699668054003
livecodebench,1,176,24.923782144469442
livecodebench,1,177,28.56908115427359
livecodebench,1,178,25.011895202624146
livecodebench,1,179,27.959890638157958
livecodebench,1,180,25.087697176786605
livecodebench,1,181,28.090738243918167
livecodebench,1,182,25.116808239545207
livecodebench,1,183,28.1122488047
livecodebench,1,184,24.671681287145475
livecodebench,1,185,28.19360757348477
livecodebench,1,186,24.88776891550515
livecodebench,1,187,28.184797429275932
livecodebench,1,188,25.03324063945911
livecodebench,1,189,27.907585841603577
livecodebench,1,190,25.10537272246438
livecodebench,1,191,27.926079212193144
livecodebench,1,192,24.607959072454832
livecodebench,1,193,24.268580880743684
livecodebench,1,194,24.44211115289363
livecodebench,1,195,24.60709865044919
livecodebench,1,196,24.704289222427178
livecodebench,1,197,24.543849256588146
livecodebench,1,198,24.931003736128332
livecodebench,1,199,24.557752964028623
livecodebench,1,200,25.022372894454747
livecodebench,1,201,24.643749158713035
livecodebench,1,202,24.71472443357925
livecodebench,1,203,24.079786668153247
livecodebench,1,204,24.46413597499486
livecodebench,1,205,24.223982480179984
livecodebench,1,206,24.60128566963249
livecodebench,1,207,24.209624818468
livecodebench,1,208,25.228888593119336
livecodebench,1,209,24.560925234254682
livecodebench,1,210,25.118355748418253
livecodebench,1,211,24.779162333288696
livecodebench,1,212,25.20102016205783
livecodebench,1,213,24.36321437198785
livecodebench,1,214,25.19812770333374
livecodebench,1,215,24.82436900754692
livecodebench,1,216,25.14772699942114
livecodebench,1,217,24.924103604079043
livecodebench,1,218,25.20334669316071
livecodebench,1,219,24.81712609733222
livecodebench,1,220,25.071940344787436
livecodebench,1,221,24.351135729375528
livecodebench,1,222,25.22303251316771
livecodebench,1,223,24.24940614582738
livecodebench,1,224,25.21280555447447
livecodebench,1,225,24.54093796404777
livecodebench,1,226,25.314094607892912
livecodebench,1,227,24.83945082349237
livecodebench,1,228,25.24334311601706
livecodebench,1,229,24.752536570304073
livecodebench,1,230,25.133271712547867
livecodebench,1,231,24.191510601667687
livecodebench,1,232,25.13589320369647
livecodebench,1,233,24.456282841128996
livecodebench,1,234,25.20937364533893
livecodebench,1,235,24.381550872931257
livecodebench,1,236,25.17306839945377
livecodebench,1,237,24.560956640925724
livecodebench,1,238,25.152106860332424
livecodebench,1,239,24.58439734618878
livecodebench,1,240,24.762520053627668
livecodebench,1,241,24.266821244964376
livecodebench,1,242,25.15858321930864
livecodebench,1,243,24.31637016343302
livecodebench,1,244,25.263360650569666
livecodebench,1,245,24.59423509935732
livecodebench,1,246,25.095993045397336
livecodebench,1,247,25.130953228654107
livecodebench,1,248,24.881916302547324
livecodebench,1,249,25.22785915536996
livecodebench,1,250,24.977334393042838
livecodebench,1,251,24.90653827044298
livecodebench,1,252,25.143898972601164
livecodebench,1,253,24.966710781882284
livecodebench,1,254,25.230060557078104
livecodebench,1,255,25.05342882795958
livecodebench,1,256,25.181666875141673
livecodebench,1,257,25.24897838156903
livecodebench,1,258,25.360854757309426
livecodebench,1,259,25.21047427217127
livecodebench,1,260,24.84479299164377
livecodebench,1,261,25.01477737314417
livecodebench,1,262,25.018548851221567
livecodebench,1,263,25.034421603777446
livecodebench,1,264,25.125301543477118
livecodebench,1,265,25.104238473431906
livecodebench,1,266,25.226188052329235
livecodebench,1,267,25.120975504250964
livecodebench,1,268,25.168457337713335
livecodebench,1,269,25.23383731386275
livecodebench,1,270,24.976567259727744
livecodebench,1,271,25.20944487696397
livecodebench,1,272,24.956960241979687
livecodebench,1,273,25.122262431978015
livecodebench,1,274,24.712051068490837
livecodebench,1,275,25.0094191324024
livecodebench,1,276,25.153733942715917
livecodebench,1,277,25.065249588806182
livecodebench,1,278,25.158044412819436
livecodebench,1,279,25.13439547328744
livecodebench,1,280,24.635082074382808
livecodebench,1,281,25.133946634014137
livecodebench,1,282,24.7026003744395
livecodebench,1,283,24.98837788880337
livecodebench,1,284,25.030348588188644
livecodebench,1,285,25.06908788200235
livecodebench,1,286,25.250704216887243
livecodebench,1,287,24.909326773922658
livecodebench,1,288,25.09509093943052
livecodebench,1,289,27.86815095532802
livecodebench,1,290,25.133616873063147
livecodebench,1,291,27.862490114785032
livecodebench,1,292,24.858214044797933
livecodebench,1,293,24.940646238974296
livecodebench,1,294,24.847656186466338
livecodebench,1,295,24.307613410201157
livecodebench,1,296,25.26869841312873
livecodebench,1,297,24.097866564261494
livecodebench,1,298,25.121633778326213
livecodebench,1,299,24.69491145395218
livecodebench,1,300,25.32050728405011
livecodebench,1,301,24.106022847263375
livecodebench,1,302,24.733507718337933
livecodebench,1,303,24.391811646637507
livecodebench,1,304,24.935202967753867
livecodebench,1,305,24.115011552706935
livecodebench,1,306,25.031651504832553
livecodebench,1,307,24.463075613311958
livecodebench,1,308,25.28181115121697
livecodebench,1,309,24.638652525027283
livecodebench,1,310,24.57931452227058
livecodebench,1,311,24.599998898338526
livecodebench,1,312,25.35365837320569
livecodebench,1,313,24.620342133857775
livecodebench,1,314,24.719684981391765
livecodebench,1,315,24.77066461869981
livecodebench,1,316,25.116120767052053
livecodebench,1,317,25.016362684255
livecodebench,1,318,25.16430257310276
livecodebench,1,319,24.786448546365136
livecodebench,1,320,25.11036314535886
livecodebench,1,321,24.496854054760263
livecodebench,1,322,24.73427334916778
livecodebench,1,323,24.611843062302796
livecodebench,1,324,25.072031196032185
livecodebench,1,325,24.672532570548356
livecodebench,1,326,25.040516610276867
livecodebench,1,327,24.91872591756973
livecodebench,1,328,24.85416421041009
livecodebench,1,329,24.49370147951413
livecodebench,1,330,25.00922330727917
livecodebench,1,331,28.043415935826488
livecodebench,1,332,25.114680122584105
livecodebench,1,333,28.23465538676828
livecodebench,1,334,25.266947188356426
livecodebench,1,335,28.07168248182279
livecodebench,1,336,24.5299701600743
livecodebench,1,337,28.499842243036255
livecodebench,1,338,25.201452772307675
livecodebench,1,339,28.213309233251493
livecodebench,1,340,24.91396480036201
livecodebench,1,341,27.800407395261573
livecodebench,1,342,24.929558760049986
livecodebench,1,343,28.25544442021055
livecodebench,1,344,25.00302991757053
livecodebench,1,345,28.111939722293755
livecodebench,1,346,25.087975666622867
livecodebench,1,347,27.93810765069793
livecodebench,1,348,24.949931543233106
livecodebench,1,349,28.03751371175167
livecodebench,1,350,24.94700188981369
livecodebench,1,351,28.015473084433854
livecodebench,1,352,25.16913309591473
livecodebench,1,353,28.178047672554385
livecodebench,1,354,25.186072369251633
livecodebench,1,355,28.34231264569098
livecodebench,1,356,24.916952563674037
livecodebench,1,357,28.618204163649352
livecodebench,1,358,25.238827234716155
livecodebench,1,359,27.946951006015297
livecodebench,1,360,25.30358346294986
livecodebench,1,361,28.03152706103021
livecodebench,1,362,25.403604417078895
livecodebench,1,363,28.03351084367023
livecodebench,1,364,24.821707794788797
livecodebench,1,365,27.923021239985246
livecodebench,1,366,25.18082846654579
livecodebench,1,367,28.523868008051068
livecodebench,1,368,25.143230570392916
livecodebench,1,369,28.655482220153015
livecodebench,1,370,25.280440106143942
livecodebench,1,371,28.003657454974018
livecodebench,1,372,25.14349335251609
livecodebench,1,373,28.136276709119556
livecodebench,1,374,24.889029722544365
livecodebench,1,375,27.862203720471133
livecodebench,1,376,25.176607716275612
livecodebench,1,377,27.851930986798834
livecodebench,1,378,25.2022886161285
livecodebench,1,379,27.95896540203738
livecodebench,1,380,24.930268780735787
livecodebench,1,381,28.145818585471716
livecodebench,1,382,25.16881757765077
livecodebench,1,383,28.300256835791515
livecodebench,1,384,25.22595288231969
livecodebench,1,385,28.492604586062953
livecodebench,1,386,25.10189838721999
livecodebench,1,387,28.624466445762664
livecodebench,1,388,25.204732326528756
livecodebench,1,389,28.76828202352044
livecodebench,1,390,25.376534125825856
livecodebench,1,391,28.478085514507256
livecodebench,1,392,25.125738120550523
livecodebench,1,393,28.935021422512364
livecodebench,1,394,24.971134505904047
livecodebench,1,395,28.768241017435987
livecodebench,1,396,24.970340185973328
livecodebench,1,397,28.033085854985984
livecodebench,1,398,25.098658243223326
livecodebench,1,399,27.997047967801336
